sim_time_s,state,qcmd_shoulder_pan_joint,qdcmd_shoulder_pan_joint,qcmd_shoulder_lift_joint,qdcmd_shoulder_lift_joint,qcmd_elbow_joint,qdcmd_elbow_joint,qcmd_wrist_1_joint,qdcmd_wrist_1_joint,qcmd_wrist_roll_joint,qdcmd_wrist_roll_joint,qcmd_left_knuckle_joint,qdcmd_left_knuckle_joint
8.486,PRESTREAM_SETPOINTS,0.0,0.0,0.0,0.0,0.0,0.0,0.0,0.0,0.0,0.0,0.0,0.0
8.495,PRESTREAM_SETPOINTS,0.0,0.0,0.0,0.0,0.0,0.0,0.0,0.0,0.0,0.0,0.0,0.0
8.503,PRESTREAM_SETPOINTS,0.0,0.0,0.0,0.0,0.0,0.0,0.0,0.0,0.0,0.0,0.0,0.0
8.531,PRESTREAM_SETPOINTS,0.0,0.0,0.0,0.0,0.0,0.0,0.0,0.0,0.0,0.0,0.0,0.0
8.564,PRESTREAM_SETPOINTS,0.0,0.0,0.0,0.0,0.0,0.0,0.0,0.0,0.0,0.0,0.0,0.0
8.596,PRESTREAM_SETPOINTS,0.0,0.0,0.0,0.0,0.0,0.0,0.0,0.0,0.0,0.0,0.0,0.0
8.608,PRESTREAM_SETPOINTS,0.0,0.0,0.0,0.0,0.0,0.0,0.0,0.0,0.0,0.0,0.0,0.0
8.614,PRESTREAM_SETPOINTS,0.0,0.0,0.0,0.0,0.0,0.0,0.0,0.0,0.0,0.0,0.0,0.0
8.617,PRESTREAM_SETPOINTS,0.0,0.0,0.0,0.0,0.0,0.0,0.0,0.0,0.0,0.0,0.0,0.0
8.63,PRESTREAM_SETPOINTS,0.0,0.0,0.0,0.0,0.0,0.0,0.0,0.0,0.0,0.0,0.0,0.0
8.665,PRESTREAM_SETPOINTS,0.0,0.0,0.0,0.0,0.0,0.0,0.0,0.0,0.0,0.0,0.0,0.0
8.678,PRESTREAM_SETPOINTS,0.0,0.0,0.0,0.0,0.0,0.0,0.0,0.0,0.0,0.0,0.0,0.0
8.687,PRESTREAM_SETPOINTS,0.0,0.0,0.0,0.0,0.0,0.0,0.0,0.0,0.0,0.0,0.0,0.0
8.723,PRESTREAM_SETPOINTS,0.0,0.0,0.0,0.0,0.0,0.0,0.0,0.0,0.0,0.0,0.0,0.0
8.755,PRESTREAM_SETPOINTS,0.0,0.0,0.0,0.0,0.0,0.0,0.0,0.0,0.0,0.0,0.0,0.0
8.755,PRESTREAM_SETPOINTS,0.0,0.0,0.0,0.0,0.0,0.0,0.0,0.0,0.0,0.0,0.0,0.0
8.779,PRESTREAM_SETPOINTS,0.0,0.0,0.0,0.0,0.0,0.0,0.0,0.0,0.0,0.0,0.0,0.0
8.817,PRESTREAM_SETPOINTS,0.0,0.0,0.0,0.0,0.0,0.0,0.0,0.0,0.0,0.0,0.0,0.0
8.843,PRESTREAM_SETPOINTS,0.0,0.0,0.0,0.0,0.0,0.0,0.0,0.0,0.0,0.0,0.0,0.0
8.843,PRESTREAM_SETPOINTS,0.0,0.0,0.0,0.0,0.0,0.0,0.0,0.0,0.0,0.0,0.0,0.0
8.866,PRESTREAM_SETPOINTS,0.0,0.0,0.0,0.0,0.0,0.0,0.0,0.0,0.0,0.0,0.0,0.0
8.884,PRESTREAM_SETPOINTS,0.0,0.0,0.0,0.0,0.0,0.0,0.0,0.0,0.0,0.0,0.0,0.0
8.887,PRESTREAM_SETPOINTS,0.0,0.0,0.0,0.0,0.0,0.0,0.0,0.0,0.0,0.0,0.0,0.0
8.902,PRESTREAM_SETPOINTS,0.0,0.0,0.0,0.0,0.0,0.0,0.0,0.0,0.0,0.0,0.0,0.0
8.905,PRESTREAM_SETPOINTS,0.0,0.0,0.0,0.0,0.0,0.0,0.0,0.0,0.0,0.0,0.0,0.0
8.942,PRESTREAM_SETPOINTS,0.0,0.0,0.0,0.0,0.0,0.0,0.0,0.0,0.0,0.0,0.0,0.0
8.943,PRESTREAM_SETPOINTS,0.0,0.0,0.0,0.0,0.0,0.0,0.0,0.0,0.0,0.0,0.0,0.0
8.965,PRESTREAM_SETPOINTS,0.0,0.0,0.0,0.0,0.0,0.0,0.0,0.0,0.0,0.0,0.0,0.0
9.0,PRESTREAM_SETPOINTS,0.0,0.0,0.0,0.0,0.0,0.0,0.0,0.0,0.0,0.0,0.0,0.0
9.016,PRESTREAM_SETPOINTS,0.0,0.0,0.0,0.0,0.0,0.0,0.0,0.0,0.0,0.0,0.0,0.0
9.018,PRESTREAM_SETPOINTS,0.0,0.0,0.0,0.0,0.0,0.0,0.0,0.0,0.0,0.0,0.0,0.0
9.018,PRESTREAM_SETPOINTS,0.0,0.0,0.0,0.0,0.0,0.0,0.0,0.0,0.0,0.0,0.0,0.0
9.037,PRESTREAM_SETPOINTS,0.0,0.0,0.0,0.0,0.0,0.0,0.0,0.0,0.0,0.0,0.0,0.0
9.072,PRESTREAM_SETPOINTS,0.0,0.0,0.0,0.0,0.0,0.0,0.0,0.0,0.0,0.0,0.0,0.0
9.105,PRESTREAM_SETPOINTS,0.0,0.0,0.0,0.0,0.0,0.0,0.0,0.0,0.0,0.0,0.0,0.0
9.141,PRESTREAM_SETPOINTS,0.0,0.0,0.0,0.0,0.0,0.0,0.0,0.0,0.0,0.0,0.0,0.0
9.155,PRESTREAM_SETPOINTS,0.0,0.0,0.0,0.0,0.0,0.0,0.0,0.0,0.0,0.0,0.0,0.0
9.163,PRESTREAM_SETPOINTS,0.0,0.0,0.0,0.0,0.0,0.0,0.0,0.0,0.0,0.0,0.0,0.0
9.193,PRESTREAM_SETPOINTS,0.0,0.0,0.0,0.0,0.0,0.0,0.0,0.0,0.0,0.0,0.0,0.0
9.193,PRESTREAM_SETPOINTS,0.0,0.0,0.0,0.0,0.0,0.0,0.0,0.0,0.0,0.0,0.0,0.0
9.204,PRESTREAM_SETPOINTS,0.0,0.0,0.0,0.0,0.0,0.0,0.0,0.0,0.0,0.0,0.0,0.0
9.208,PRESTREAM_SETPOINTS,0.0,0.0,0.0,0.0,0.0,0.0,0.0,0.0,0.0,0.0,0.0,0.0
9.241,PRESTREAM_SETPOINTS,0.0,0.0,0.0,0.0,0.0,0.0,0.0,0.0,0.0,0.0,0.0,0.0
9.272,PRESTREAM_SETPOINTS,0.0,0.0,0.0,0.0,0.0,0.0,0.0,0.0,0.0,0.0,0.0,0.0
9.304,PRESTREAM_SETPOINTS,0.0,0.0,0.0,0.0,0.0,0.0,0.0,0.0,0.0,0.0,0.0,0.0
9.309,PRESTREAM_SETPOINTS,0.0,0.0,0.0,0.0,0.0,0.0,0.0,0.0,0.0,0.0,0.0,0.0
9.323,PRESTREAM_SETPOINTS,0.0,0.0,0.0,0.0,0.0,0.0,0.0,0.0,0.0,0.0,0.0,0.0
9.326,PRESTREAM_SETPOINTS,0.0,0.0,0.0,0.0,0.0,0.0,0.0,0.0,0.0,0.0,0.0,0.0
9.344,PRESTREAM_SETPOINTS,0.0,0.0,0.0,0.0,0.0,0.0,0.0,0.0,0.0,0.0,0.0,0.0
9.377,PRESTREAM_SETPOINTS,0.0,0.0,0.0,0.0,0.0,0.0,0.0,0.0,0.0,0.0,0.0,0.0
9.411,PRESTREAM_SETPOINTS,0.0,0.0,0.0,0.0,0.0,0.0,0.0,0.0,0.0,0.0,0.0,0.0
9.416,PRESTREAM_SETPOINTS,0.0,0.0,0.0,0.0,0.0,0.0,0.0,0.0,0.0,0.0,0.0,0.0
9.429,PRESTREAM_SETPOINTS,0.0,0.0,0.0,0.0,0.0,0.0,0.0,0.0,0.0,0.0,0.0,0.0
9.446,PRESTREAM_SETPOINTS,0.0,0.0,0.0,0.0,0.0,0.0,0.0,0.0,0.0,0.0,0.0,0.0
9.448,PRESTREAM_SETPOINTS,0.0,0.0,0.0,0.0,0.0,0.0,0.0,0.0,0.0,0.0,0.0,0.0
9.477,PRESTREAM_SETPOINTS,0.0,0.0,0.0,0.0,0.0,0.0,0.0,0.0,0.0,0.0,0.0,0.0
9.477,PRESTREAM_SETPOINTS,0.0,0.0,0.0,0.0,0.0,0.0,0.0,0.0,0.0,0.0,0.0,0.0
9.499,PRESTREAM_SETPOINTS,0.0,0.0,0.0,0.0,0.0,0.0,0.0,0.0,0.0,0.0,0.0,0.0
9.531,PRESTREAM_SETPOINTS,0.0,0.0,0.0,0.0,0.0,0.0,0.0,0.0,0.0,0.0,0.0,0.0
9.531,PRESTREAM_SETPOINTS,0.0,0.0,0.0,0.0,0.0,0.0,0.0,0.0,0.0,0.0,0.0,0.0
9.556000000000001,PRESTREAM_SETPOINTS,0.0,0.0,0.0,0.0,0.0,0.0,0.0,0.0,0.0,0.0,0.0,0.0
9.591,PRESTREAM_SETPOINTS,0.0,0.0,0.0,0.0,0.0,0.0,0.0,0.0,0.0,0.0,0.0,0.0
9.591,PRESTREAM_SETPOINTS,0.0,0.0,0.0,0.0,0.0,0.0,0.0,0.0,0.0,0.0,0.0,0.0
9.615,PRESTREAM_SETPOINTS,0.0,0.0,0.0,0.0,0.0,0.0,0.0,0.0,0.0,0.0,0.0,0.0
9.623,PRESTREAM_SETPOINTS,0.0,0.0,0.0,0.0,0.0,0.0,0.0,0.0,0.0,0.0,0.0,0.0
9.634,PRESTREAM_SETPOINTS,0.0,0.0,0.0,0.0,0.0,0.0,0.0,0.0,0.0,0.0,0.0,0.0
9.669,PRESTREAM_SETPOINTS,0.0,0.0,0.0,0.0,0.0,0.0,0.0,0.0,0.0,0.0,0.0,0.0
9.678,PRESTREAM_SETPOINTS,0.0,0.0,0.0,0.0,0.0,0.0,0.0,0.0,0.0,0.0,0.0,0.0
9.695,PRESTREAM_SETPOINTS,0.0,0.0,0.0,0.0,0.0,0.0,0.0,0.0,0.0,0.0,0.0,0.0
9.695,PRESTREAM_SETPOINTS,0.0,0.0,0.0,0.0,0.0,0.0,0.0,0.0,0.0,0.0,0.0,0.0
9.716,PRESTREAM_SETPOINTS,0.0,0.0,0.0,0.0,0.0,0.0,0.0,0.0,0.0,0.0,0.0,0.0
9.718,PRESTREAM_SETPOINTS,0.0,0.0,0.0,0.0,0.0,0.0,0.0,0.0,0.0,0.0,0.0,0.0
9.733,PRESTREAM_SETPOINTS,0.0,0.0,0.0,0.0,0.0,0.0,0.0,0.0,0.0,0.0,0.0,0.0
9.733,PRESTREAM_SETPOINTS,0.0,0.0,0.0,0.0,0.0,0.0,0.0,0.0,0.0,0.0,0.0,0.0
9.756,PRESTREAM_SETPOINTS,0.0,0.0,0.0,0.0,0.0,0.0,0.0,0.0,0.0,0.0,0.0,0.0
9.791,PRESTREAM_SETPOINTS,0.0,0.0,0.0,0.0,0.0,0.0,0.0,0.0,0.0,0.0,0.0,0.0
9.828,PRESTREAM_SETPOINTS,0.0,0.0,0.0,0.0,0.0,0.0,0.0,0.0,0.0,0.0,0.0,0.0
9.829,PRESTREAM_SETPOINTS,0.0,0.0,0.0,0.0,0.0,0.0,0.0,0.0,0.0,0.0,0.0,0.0
9.847,PRESTREAM_SETPOINTS,0.0,0.0,0.0,0.0,0.0,0.0,0.0,0.0,0.0,0.0,0.0,0.0
9.876,PRESTREAM_SETPOINTS,0.0,0.0,0.0,0.0,0.0,0.0,0.0,0.0,0.0,0.0,0.0,0.0
9.903,PRESTREAM_SETPOINTS,0.0,0.0,0.0,0.0,0.0,0.0,0.0,0.0,0.0,0.0,0.0,0.0
9.903,PRESTREAM_SETPOINTS,0.0,0.0,0.0,0.0,0.0,0.0,0.0,0.0,0.0,0.0,0.0,0.0
9.93,PRESTREAM_SETPOINTS,0.0,0.0,0.0,0.0,0.0,0.0,0.0,0.0,0.0,0.0,0.0,0.0
9.949,PRESTREAM_SETPOINTS,0.0,0.0,0.0,0.0,0.0,0.0,0.0,0.0,0.0,0.0,0.0,0.0
9.95,PRESTREAM_SETPOINTS,0.0,0.0,0.0,0.0,0.0,0.0,0.0,0.0,0.0,0.0,0.0,0.0
9.975,PRESTREAM_SETPOINTS,0.0,0.0,0.0,0.0,0.0,0.0,0.0,0.0,0.0,0.0,0.0,0.0
9.975999999999999,PRESTREAM_SETPOINTS,0.0,0.0,0.0,0.0,0.0,0.0,0.0,0.0,0.0,0.0,0.0,0.0
9.992,PRESTREAM_SETPOINTS,0.0,0.0,0.0,0.0,0.0,0.0,0.0,0.0,0.0,0.0,0.0,0.0
9.995,PRESTREAM_SETPOINTS,0.0,0.0,0.0,0.0,0.0,0.0,0.0,0.0,0.0,0.0,0.0,0.0
10.028,PRESTREAM_SETPOINTS,0.0,0.0,0.0,0.0,0.0,0.0,0.0,0.0,0.0,0.0,0.0,0.0
10.032,PRESTREAM_SETPOINTS,0.0,0.0,0.0,0.0,0.0,0.0,0.0,0.0,0.0,0.0,0.0,0.0
10.048,PRESTREAM_SETPOINTS,0.0,0.0,0.0,0.0,0.0,0.0,0.0,0.0,0.0,0.0,0.0,0.0
10.077,PRESTREAM_SETPOINTS,0.0,0.0,0.0,0.0,0.0,0.0,0.0,0.0,0.0,0.0,0.0,0.0
10.085,PRESTREAM_SETPOINTS,0.0,0.0,0.0,0.0,0.0,0.0,0.0,0.0,0.0,0.0,0.0,0.0
10.104,PRESTREAM_SETPOINTS,0.0,0.0,0.0,0.0,0.0,0.0,0.0,0.0,0.0,0.0,0.0,0.0
10.114,PRESTREAM_SETPOINTS,0.0,0.0,0.0,0.0,0.0,0.0,0.0,0.0,0.0,0.0,0.0,0.0
10.122,PRESTREAM_SETPOINTS,0.0,0.0,0.0,0.0,0.0,0.0,0.0,0.0,0.0,0.0,0.0,0.0
10.128,PRESTREAM_SETPOINTS,0.0,0.0,0.0,0.0,0.0,0.0,0.0,0.0,0.0,0.0,0.0,0.0
10.136,PRESTREAM_SETPOINTS,0.0,0.0,0.0,0.0,0.0,0.0,0.0,0.0,0.0,0.0,0.0,0.0
10.173,PRESTREAM_SETPOINTS,0.0,0.0,0.0,0.0,0.0,0.0,0.0,0.0,0.0,0.0,0.0,0.0
10.214,PRESTREAM_SETPOINTS,0.0,0.0,0.0,0.0,0.0,0.0,0.0,0.0,0.0,0.0,0.0,0.0
10.239,PRESTREAM_SETPOINTS,0.0,0.0,0.0,0.0,0.0,0.0,0.0,0.0,0.0,0.0,0.0,0.0
10.271,PRESTREAM_SETPOINTS,0.0,0.0,0.0,0.0,0.0,0.0,0.0,0.0,0.0,0.0,0.0,0.0
10.289,PRESTREAM_SETPOINTS,0.0,0.0,0.0,0.0,0.0,0.0,0.0,0.0,0.0,0.0,0.0,0.0
10.289,PRESTREAM_SETPOINTS,0.0,0.0,0.0,0.0,0.0,0.0,0.0,0.0,0.0,0.0,0.0,0.0
10.315,PRESTREAM_SETPOINTS,0.0,0.0,0.0,0.0,0.0,0.0,0.0,0.0,0.0,0.0,0.0,0.0
10.323,PRESTREAM_SETPOINTS,0.0,0.0,0.0,0.0,0.0,0.0,0.0,0.0,0.0,0.0,0.0,0.0
10.336,PRESTREAM_SETPOINTS,0.0,0.0,0.0,0.0,0.0,0.0,0.0,0.0,0.0,0.0,0.0,0.0
10.371,PRESTREAM_SETPOINTS,0.0,0.0,0.0,0.0,0.0,0.0,0.0,0.0,0.0,0.0,0.0,0.0
10.371,PRESTREAM_SETPOINTS,0.0,0.0,0.0,0.0,0.0,0.0,0.0,0.0,0.0,0.0,0.0,0.0
10.383,PRESTREAM_SETPOINTS,0.0,0.0,0.0,0.0,0.0,0.0,0.0,0.0,0.0,0.0,0.0,0.0
10.383,PRESTREAM_SETPOINTS,0.0,0.0,0.0,0.0,0.0,0.0,0.0,0.0,0.0,0.0,0.0,0.0
10.401,PRESTREAM_SETPOINTS,0.0,0.0,0.0,0.0,0.0,0.0,0.0,0.0,0.0,0.0,0.0,0.0
10.406,PRESTREAM_SETPOINTS,0.0,0.0,0.0,0.0,0.0,0.0,0.0,0.0,0.0,0.0,0.0,0.0
10.435,PRESTREAM_SETPOINTS,0.0,0.0,0.0,0.0,0.0,0.0,0.0,0.0,0.0,0.0,0.0,0.0
10.444,PRESTREAM_SETPOINTS,0.0,0.0,0.0,0.0,0.0,0.0,0.0,0.0,0.0,0.0,0.0,0.0
10.45,PRESTREAM_SETPOINTS,0.0,0.0,0.0,0.0,0.0,0.0,0.0,0.0,0.0,0.0,0.0,0.0
10.478,PRESTREAM_SETPOINTS,0.0,0.0,0.0,0.0,0.0,0.0,0.0,0.0,0.0,0.0,0.0,0.0
10.478,PRESTREAM_SETPOINTS,0.0,0.0,0.0,0.0,0.0,0.0,0.0,0.0,0.0,0.0,0.0,0.0
10.494,ARM_AND_OFFBOARD,0.0,0.0,0.0,0.0,0.0,0.0,0.0,0.0,0.0,0.0,0.0,0.0
10.505,ARM_AND_OFFBOARD,0.0,0.0,0.0,0.0,0.0,0.0,0.0,0.0,0.0,0.0,0.0,0.0
10.515,ARM_AND_OFFBOARD,0.0,0.0,0.0,0.0,0.0,0.0,0.0,0.0,0.0,0.0,0.0,0.0
10.545,ARM_AND_OFFBOARD,0.0,0.0,0.0,0.0,0.0,0.0,0.0,0.0,0.0,0.0,0.0,0.0
10.57,ARM_AND_OFFBOARD,0.0,0.0,0.0,0.0,0.0,0.0,0.0,0.0,0.0,0.0,0.0,0.0
10.57,ARM_AND_OFFBOARD,0.0,0.0,0.0,0.0,0.0,0.0,0.0,0.0,0.0,0.0,0.0,0.0
10.583,ARM_AND_OFFBOARD,0.0,0.0,0.0,0.0,0.0,0.0,0.0,0.0,0.0,0.0,0.0,0.0
10.583,ARM_AND_OFFBOARD,0.0,0.0,0.0,0.0,0.0,0.0,0.0,0.0,0.0,0.0,0.0,0.0
10.608,ARM_AND_OFFBOARD,0.0,0.0,0.0,0.0,0.0,0.0,0.0,0.0,0.0,0.0,0.0,0.0
10.637,ARM_AND_OFFBOARD,0.0,0.0,0.0,0.0,0.0,0.0,0.0,0.0,0.0,0.0,0.0,0.0
10.666,ARM_AND_OFFBOARD,0.0,0.0,0.0,0.0,0.0,0.0,0.0,0.0,0.0,0.0,0.0,0.0
10.696,ARM_AND_OFFBOARD,0.0,0.0,0.0,0.0,0.0,0.0,0.0,0.0,0.0,0.0,0.0,0.0
10.713,ARM_AND_OFFBOARD,0.0,0.0,0.0,0.0,0.0,0.0,0.0,0.0,0.0,0.0,0.0,0.0
10.715,ARM_AND_OFFBOARD,0.0,0.0,0.0,0.0,0.0,0.0,0.0,0.0,0.0,0.0,0.0,0.0
10.757,ARM_AND_OFFBOARD,0.0,0.0,0.0,0.0,0.0,0.0,0.0,0.0,0.0,0.0,0.0,0.0
10.759,ARM_AND_OFFBOARD,0.0,0.0,0.0,0.0,0.0,0.0,0.0,0.0,0.0,0.0,0.0,0.0
10.774000000000001,ARM_AND_OFFBOARD,0.0,0.0,0.0,0.0,0.0,0.0,0.0,0.0,0.0,0.0,0.0,0.0
10.799,ARM_AND_OFFBOARD,0.0,0.0,0.0,0.0,0.0,0.0,0.0,0.0,0.0,0.0,0.0,0.0
10.803,ARM_AND_OFFBOARD,0.0,0.0,0.0,0.0,0.0,0.0,0.0,0.0,0.0,0.0,0.0,0.0
10.805,ARM_AND_OFFBOARD,0.0,0.0,0.0,0.0,0.0,0.0,0.0,0.0,0.0,0.0,0.0,0.0
10.808,ARM_AND_OFFBOARD,0.0,0.0,0.0,0.0,0.0,0.0,0.0,0.0,0.0,0.0,0.0,0.0
10.826,ARM_AND_OFFBOARD,0.0,0.0,0.0,0.0,0.0,0.0,0.0,0.0,0.0,0.0,0.0,0.0
10.84,ARM_AND_OFFBOARD,0.0,0.0,0.0,0.0,0.0,0.0,0.0,0.0,0.0,0.0,0.0,0.0
10.855,ARM_AND_OFFBOARD,0.0,0.0,0.0,0.0,0.0,0.0,0.0,0.0,0.0,0.0,0.0,0.0
10.873,ARM_AND_OFFBOARD,0.0,0.0,0.0,0.0,0.0,0.0,0.0,0.0,0.0,0.0,0.0,0.0
10.898,ARM_AND_OFFBOARD,0.0,0.0,0.0,0.0,0.0,0.0,0.0,0.0,0.0,0.0,0.0,0.0
10.915,ARM_AND_OFFBOARD,0.0,0.0,0.0,0.0,0.0,0.0,0.0,0.0,0.0,0.0,0.0,0.0
10.943999999999999,ARM_AND_OFFBOARD,0.0,0.0,0.0,0.0,0.0,0.0,0.0,0.0,0.0,0.0,0.0,0.0
10.951,ARM_AND_OFFBOARD,0.0,0.0,0.0,0.0,0.0,0.0,0.0,0.0,0.0,0.0,0.0,0.0
10.969,ARM_AND_OFFBOARD,0.0,0.0,0.0,0.0,0.0,0.0,0.0,0.0,0.0,0.0,0.0,0.0
11.003,ARM_AND_OFFBOARD,0.0,0.0,0.0,0.0,0.0,0.0,0.0,0.0,0.0,0.0,0.0,0.0
11.025,ARM_AND_OFFBOARD,0.0,0.0,0.0,0.0,0.0,0.0,0.0,0.0,0.0,0.0,0.0,0.0
11.051,ARM_AND_OFFBOARD,0.0,0.0,0.0,0.0,0.0,0.0,0.0,0.0,0.0,0.0,0.0,0.0
11.051,ARM_AND_OFFBOARD,0.0,0.0,0.0,0.0,0.0,0.0,0.0,0.0,0.0,0.0,0.0,0.0
11.063,ARM_AND_OFFBOARD,0.0,0.0,0.0,0.0,0.0,0.0,0.0,0.0,0.0,0.0,0.0,0.0
11.088,ARM_AND_OFFBOARD,0.0,0.0,0.0,0.0,0.0,0.0,0.0,0.0,0.0,0.0,0.0,0.0
11.09,ARM_AND_OFFBOARD,0.0,0.0,0.0,0.0,0.0,0.0,0.0,0.0,0.0,0.0,0.0,0.0
11.101,ARM_AND_OFFBOARD,0.0,0.0,0.0,0.0,0.0,0.0,0.0,0.0,0.0,0.0,0.0,0.0
11.118,ARM_AND_OFFBOARD,0.0,0.0,0.0,0.0,0.0,0.0,0.0,0.0,0.0,0.0,0.0,0.0
11.164,ARM_AND_OFFBOARD,0.0,0.0,0.0,0.0,0.0,0.0,0.0,0.0,0.0,0.0,0.0,0.0
11.164,ARM_AND_OFFBOARD,0.0,0.0,0.0,0.0,0.0,0.0,0.0,0.0,0.0,0.0,0.0,0.0
11.181,ARM_AND_OFFBOARD,0.0,0.0,0.0,0.0,0.0,0.0,0.0,0.0,0.0,0.0,0.0,0.0
11.188,ARM_AND_OFFBOARD,0.0,0.0,0.0,0.0,0.0,0.0,0.0,0.0,0.0,0.0,0.0,0.0
11.214,ARM_AND_OFFBOARD,0.0,0.0,0.0,0.0,0.0,0.0,0.0,0.0,0.0,0.0,0.0,0.0
11.233,ARM_AND_OFFBOARD,0.0,0.0,0.0,0.0,0.0,0.0,0.0,0.0,0.0,0.0,0.0,0.0
11.235,ARM_AND_OFFBOARD,0.0,0.0,0.0,0.0,0.0,0.0,0.0,0.0,0.0,0.0,0.0,0.0
11.261,ARM_AND_OFFBOARD,0.0,0.0,0.0,0.0,0.0,0.0,0.0,0.0,0.0,0.0,0.0,0.0
11.288,ARM_AND_OFFBOARD,0.0,0.0,0.0,0.0,0.0,0.0,0.0,0.0,0.0,0.0,0.0,0.0
11.319,ARM_AND_OFFBOARD,0.0,0.0,0.0,0.0,0.0,0.0,0.0,0.0,0.0,0.0,0.0,0.0
11.346,ARM_AND_OFFBOARD,0.0,0.0,0.0,0.0,0.0,0.0,0.0,0.0,0.0,0.0,0.0,0.0
11.372,ARM_AND_OFFBOARD,0.0,0.0,0.0,0.0,0.0,0.0,0.0,0.0,0.0,0.0,0.0,0.0
11.409,ARM_AND_OFFBOARD,0.0,0.0,0.0,0.0,0.0,0.0,0.0,0.0,0.0,0.0,0.0,0.0
11.411,ARM_AND_OFFBOARD,0.0,0.0,0.0,0.0,0.0,0.0,0.0,0.0,0.0,0.0,0.0,0.0
11.435,ARM_AND_OFFBOARD,0.0,0.0,0.0,0.0,0.0,0.0,0.0,0.0,0.0,0.0,0.0,0.0
11.456,ARM_AND_OFFBOARD,0.0,0.0,0.0,0.0,0.0,0.0,0.0,0.0,0.0,0.0,0.0,0.0
11.488,ARM_AND_OFFBOARD,0.0,0.0,0.0,0.0,0.0,0.0,0.0,0.0,0.0,0.0,0.0,0.0
11.493,ARM_AND_OFFBOARD,0.0,0.0,0.0,0.0,0.0,0.0,0.0,0.0,0.0,0.0,0.0,0.0
11.504,ARM_AND_OFFBOARD,0.0,0.0,0.0,0.0,0.0,0.0,0.0,0.0,0.0,0.0,0.0,0.0
11.538,ARM_AND_OFFBOARD,0.0,0.0,0.0,0.0,0.0,0.0,0.0,0.0,0.0,0.0,0.0,0.0
11.559,ARM_AND_OFFBOARD,0.0,0.0,0.0,0.0,0.0,0.0,0.0,0.0,0.0,0.0,0.0,0.0
11.56,ARM_AND_OFFBOARD,0.0,0.0,0.0,0.0,0.0,0.0,0.0,0.0,0.0,0.0,0.0,0.0
11.575,ARM_AND_OFFBOARD,0.0,0.0,0.0,0.0,0.0,0.0,0.0,0.0,0.0,0.0,0.0,0.0
11.58,ABORT,0.0,0.0,0.0,0.0,0.0,0.0,0.0,0.0,0.0,0.0,0.0,0.0
11.597,ABORT,-0.006985231448374492,9.382549957696835e-07,0.025480460222442467,-3.4225307027987877e-06,0.032124868150534905,-4.315006346381815e-06,0.02562176515118066,-3.441510754683302e-06,0.013777644449198427,-1.8506106533387748e-06,-8.71813720693319e-05,1.17101857664489e-08
11.622,ABORT,-0.006985157181902396,5.655260183646594e-06,0.02548018931604486,-2.0629041889585833e-05,0.03212452660127606,-2.6008370531357765e-05,0.025621492742439342,-2.0743442699802663e-05,0.013777497966285928,-1.1154414088329595e-05,-8.718044516333258e-05,7.058224854297476e-08
11.651,ABORT,-0.006984856463897455,1.5925137287561494e-05,0.0254790923684033,-5.809110695781935e-05,0.032123143608267075,-7.32392247018717e-05,0.025620389711543907,-5.841325811432662e-05,0.013776904831214862,-3.1410681374595376e-05,-8.717669195794913e-05,1.9875867097362587e-07
11.653,ABORT,-0.0069848237248331365,1.6817829788349085e-05,0.025478972944096137,-6.134743653333886e-05,0.03212299304230053,-7.73446905119482e-05,0.025620269624955016,-6.16876460535727e-05,0.013776840256806538,-3.317142473280998e-05,-8.717628334778802e-05,2.099001997303825e-07
11.673,ABORT,-0.006984389198866218,2.7018121445471563e-05,0.025477387896886534,-9.855567046910964e-05,0.032120994670521666,-0.0001242555233173973,0.025618675787677223,-9.91022226848391e-05,0.013775983199410462,-5.329044194342255e-05,-8.717086011016509e-05,3.372081391662672e-07
11.695,ABORT,-0.006983647589820495,4.084888032209419e-05,0.02547468268376227,-0.00014900698393045315,0.032117584032951646,-0.00018786276505549838,0.02561595557247119,-0.00014983331991740053,0.013774520452495375,-8.057017915371142e-05,-8.716160422585789e-05,5.09827263462377e-07
11.707,ABORT,-0.006983106205402981,4.951136113168128e-05,0.025472707842381932,-0.00018060565024919322,0.032115094222390624,-0.00022770125228691027,0.025613969779372626,-0.0001816072204059088,0.013773452627889995,-9.765602398570601e-05,-8.715484730782523e-05,6.179420722680039e-07
11.719,ABORT,-0.006982456240861775,5.894291822610937e-05,0.02547033692657755,-0.0002150097236369396,0.03211210505512493,-0.00027107669809024894,0.025611585715372105,-0.00021620208568265246,0.013772170640253722,-0.00011625879201275318,-8.714673522150174e-05,7.35655578873977e-07
11.746,ABORT,-0.006980549821329408,8.289394776551289e-05,0.025463382762292406,-0.00030237737351020654,0.03210333748935856,-0.00038122675850119704,0.02560459298594017,-0.00030405424327012827,0.013768410425480299,-0.00016349971332294696,-8.712294155456315e-05,1.0345839154868186e-06
11.746,ABORT,-0.006980549821329408,8.289394776551289e-05,0.025463382762292406,-0.00030237737351020654,0.03210333748935856,-0.00038122675850119704,0.02560459298594017,-0.00030405424327012827,0.013768410425480299,-0.00016349971332294696,-8.712294155456315e-05,1.0345839154868186e-06
11.771,ABORT,-0.006978166047475713,0.00010831562493426423,0.025454687323163822,-0.0003951095955809411,0.032092374585506823,-0.0004981402828772067,0.02559584932521764,-0.00039730072292950316,0.013763708678824337,-0.00021364133453076923,-8.709319011729094e-05,1.3518671311190075e-06
11.807,ABORT,-0.006973532170217622,0.00015011626652136137,0.02543778404286122,-0.000547588377866739,0.03207106352415659,-0.00069038016920277,0.025578852305759712,-0.0005506250944737715,0.013754568836607934,-0.0002960887640528677,-8.703535555871592e-05,1.8735731495773566e-06
11.811,ABORT,-0.006972921713536382,0.00015512388204260002,0.02543555724231798,-0.000565854966317133,0.03206825605234389,-0.0007134100415208588,0.025576613156228684,-0.0005689929824672955,0.013753364774127266,-0.0003059657662252107,-8.70277365626307e-05,1.936072265771833e-06
11.834,ABORT,-0.006969011553441633,0.00018527013128009402,0.025421293909815117,-0.0006758213017533846,0.03205027334433777,-0.0008520517299380726,0.025562270724715626,-0.0006795691493216913,0.01374565238894389,-0.0003654261157556139,-8.697893458311286e-05,2.3123219850106102e-06
11.857,ABORT,-0.006964382204278716,0.00021764467226011413,0.025404407146924973,-0.0007939159146173863,0.03202898310756028,-0.0010009412646805836,0.025545290314269435,-0.0007983186699349814,0.013736521477925517,-0.0004292815396059601,-8.692115653884992e-05,2.716382598264845e-06
11.857,ABORT,-0.006964382204278716,0.00021764467226011413,0.025404407146924973,-0.0007939159146173863,0.03202898310756028,-0.0010009412646805836,0.025545290314269435,-0.0007983186699349814,0.013736521477925517,-0.0004292815396059601,-8.692115653884992e-05,2.716382598264845e-06
11.883,ABORT,-0.006958220210222397,0.0002567950145795962,0.025381929660587776,-0.0009367270365593386,0.03200064428327555,-0.0011809925048373209,0.025522688176353055,-0.0009419217679728463,0.013724367583837181,-0.0005065015287399998,-8.684424983926763e-05,3.2050107254245753e-06
11.905,ABORT,-0.0069521874861034096,0.00029193343590665726,0.025359923720185817,-0.001064903626486356,0.03197289996752262,-0.0013425930416974792,0.02550056019938609,-0.0010708091764544511,0.013712468661290979,-0.0005758084198757312,-8.676895653368481e-05,3.6435668142648857e-06
11.909,ABORT,-0.006951006612776446,0.0002985128252672009,0.025355616175610118,-0.0010889036714567062,0.03196746916680949,-0.0013728514543614836,0.025496228766808605,-0.0010949423165343343,0.013710139511146321,-0.0005887855829049539,-8.675421827373657e-05,3.725682946861185e-06
11.932,ABORT,-0.006943696684924711,0.00033744066339374987,0.025328951300261086,-0.0012309031511103163,0.03193385102972091,-0.00155187940446495,0.025469416018215597,-0.0012377292712248214,0.013695721436722468,-0.0006655667055989415,-8.666298442636129e-05,4.211534040650661e-06
11.934,ABORT,-0.006943018334524061,0.00034091199535891205,0.025326476839603856,-0.0012435657431390731,0.031930731316746216,-0.0015678439551762254,0.025466927835141904,-0.0012504620851667087,0.013694383460922926,-0.0006724135478166423,-8.665451806141553e-05,4.2548590880549804e-06
11.951,ABORT,-0.006936968798998459,0.0003709575252088274,0.02530440957519557,-0.0013531646782439547,0.03190290968584275,-0.0017060224381763988,0.02544473819408903,-0.001360668814227413,0.013682451379621034,-0.0007316752388027357,-8.657901493579944e-05,4.6298517473855795e-06
11.956,ABORT,-0.006935091502401923,0.00037997453989900353,0.02529756164444234,-0.0013860565996979934,0.0318942760555774,-0.0017474914160011427,0.02543785228731972,-0.001393743141751693,0.013678748606817595,-0.0007494603649381563,-8.655558474679615e-05,4.742391427490498e-06
11.956,ABORT,-0.006935091502401923,0.00037997453989900353,0.02529756164444234,-0.0013860565996979934,0.0318942760555774,-0.0017474914160011427,0.02543785228731972,-0.001393743141751693,0.013678748606817595,-0.0007494603649381563,-8.655558474679615e-05,4.742391427490498e-06
11.981,ABORT,-0.006925017853059073,0.00042624065298472314,0.025260815371498862,-0.0015548243581953924,0.03184794764694478,-0.001960267870682877,0.025400902233540485,-0.0015634468219663448,0.013658879378435193,-0.0008407154737849487,-8.6429857406486e-05,5.319830163620929e-06
11.989,ABORT,-0.006921547224071532,0.00044144830761403396,0.025248155343764997,-0.0016102982593427866,0.031831986329206315,-0.0020302074143409713,0.025388171998114092,-0.0016192283602435254,0.01365203392276793,-0.0008707109950410996,-8.638654113281438e-05,5.509634067233653e-06
11.993,ABORT,-0.006919766097082886,0.00044912299001627766,0.02524165821683073,-0.0016382936723961018,0.031823794980058835,-0.002065503046574701,0.025381638840588132,-0.0016473790251962158,0.013648520834540318,-0.0008858485099795973,-8.636431121876678e-05,5.6054203481849686e-06
12.011,ABORT,-0.006911367317083403,0.0004842281869683237,0.025211021468245446,-0.0017663490677181527,0.031785169244876996,-0.002226950785539095,0.0253508321922625,-0.0017761445669737294,0.013631955112202391,-0.0009550898694819983,-8.625948761063369e-05,6.043561769791794e-06
12.028,ABORT,-0.006902847714686127,0.0005182083089012644,0.0251799439883367,-0.0018903004573986657,0.0317459878511422,-0.002383224338520485,0.025319582368485336,-0.0019007833438573346,0.013615151080217809,-0.0010221121352139966,-8.615315604066796e-05,6.4676613397332235e-06
12.047,ABORT,-0.006892633872086543,0.0005570875668554947,0.02514268632379109,-0.0020321227281569778,0.03169901469796224,-0.0025620288698808493,0.02528211808712089,-0.0020433921069194765,0.013595005335178838,-0.0010987974385573392,-8.602567897444431e-05,6.952906113444486e-06
12.05,ABORT,-0.006890953281142905,0.0005633101239814878,0.025136555928398172,-0.002054821134144318,0.03169128571104486,-0.0025906462218911706,0.025275953694889747,-0.0020662163896222495,0.013591690543871333,-0.0011110707870183568,-8.600470383204043e-05,7.030568689413979e-06
12.076,ABORT,-0.00687559777931489,0.0006181501484882968,0.025080542715891746,-0.002254864478931224,0.031620666222591826,-0.0028428538358655515,0.02521962985443812,-0.002267369098617372,0.013561403409352028,-0.0012192370467656937,-8.581305467509075e-05,7.715016816316341e-06
12.113,ABORT,-0.0068512429092799625,0.0006988187214845604,0.024991701952098277,-0.00254912421543728,0.03150865891195682,-0.0032138461631133226,0.025130296413601646,-0.0025632606875599425,0.013513365954555056,-0.0013783474391959067,-8.550908608050547e-05,8.721826243987618e-06
12.131,ABORT,-0.006838302757894041,0.0007390809636109637,0.024944499362592375,-0.0026959912829854714,0.03144914754713047,-0.003399010996850737,0.02508283205651038,-0.002710942223933764,0.013487842848236864,-0.0014577605353609895,-8.534758246234375e-05,9.224331785444562e-06
12.136,ABORT,-0.006834579137650796,0.0007503749002968587,0.02493091648302815,-0.0027371888734456554,0.03143202273025919,-0.0034509514700643046,0.025069173851468826,-0.002752368280541472,0.013480498393560678,-0.001480036653946327,-8.530110865195243e-05,9.365289304693206e-06
12.157,ABORT,-0.006818319385512963,0.0007983031712764581,0.024871604780812295,-0.0029120197879617827,0.03135724462198194,-0.0036713721386251196,0.02500953322914,-0.002928168740729116,0.013448427719103744,-0.0015745701968220495,-8.509817371538517e-05,9.963473123768315e-06
12.16,ABORT,-0.006815914115467389,0.000805212724300192,0.02486283092869681,-0.002937224191320111,0.03134618285779394,-0.003703148963989759,0.025000710720582003,-0.0029535129181099446,0.013443683573439117,-0.001588198573428818,-8.506815398814776e-05,1.0049709967521733e-05
12.175,ABORT,-0.006803575603239978,0.000839983188009775,0.02481782297551183,-0.0030640585595176142,0.03128943841325996,-0.003863057274896658,0.024955453170428916,-0.003081050661411478,0.013419347137952656,-0.0016567797063325633,-8.491415931621312e-05,1.0483673645904041e-05
12.186,ABORT,-0.006794194472859867,0.0008657078472682273,0.024783602846764688,-0.0031578959880717407,0.031246294878390514,-0.003981364204738979,0.024921043269879702,-0.003175408476608509,0.013400843831388802,-0.0017075189282837863,-8.479707517603195e-05,1.0804738324539678e-05
12.212,ABORT,-0.006770888531520255,0.000927215647649279,0.024698588324964018,-0.0033822617907745315,0.031139111559098587,-0.004264236718280462,0.02483555728991698,-0.0034010185266084617,0.013354875279637269,-0.0018288366842902255,-8.450619806503407e-05,1.1572405719645751e-05
12.238,ABORT,-0.006745971516481236,0.0009896169114065685,0.024607696990116203,-0.0036098867350228374,0.031024518960592832,-0.0045512182428649,0.02474416190634,-0.00362990579211177,0.013305729052131404,-0.0019519167041267412,-8.419521344340362e-05,1.2351224264661428e-05
12.238,ABORT,-0.006745971516481236,0.0009896169114065685,0.024607696990116203,-0.0036098867350228374,0.031024518960592832,-0.0045512182428649,0.02474416190634,-0.00362990579211177,0.013305729052131404,-0.0019519167041267412,-8.419521344340362e-05,1.2351224264661428e-05
12.244,ABORT,-0.006739990290998405,0.0010041316880175929,0.024585878904470344,-0.003662833182224799,0.030997011485509908,-0.004617971261474202,0.024722222825900076,-0.0036831458601464598,0.01329393170530303,-0.0019805455953645214,-8.412056288270235e-05,1.253238048683978e-05
12.252,ABORT,-0.006731879624124748,0.0010235465794514384,0.024556293123930494,-0.003733654080939366,0.030959710773879264,-0.004707259759941118,0.02469247297388842,-0.003754359504594765,0.01327793425621963,-0.002018839454798135,-8.401933516080529e-05,1.2774694129027494e-05
12.264,ABORT,-0.006719421723162792,0.0010527946689384774,0.02451084966908404,-0.0038403441435757818,0.030902417264166232,-0.0048417708388324016,0.0246467775069475,-0.003861641229688071,0.013253362338838556,-0.002076528277387476,-8.386385042032187e-05,1.313973408378519e-05
12.273,ABORT,-0.00670984749758244,0.0010748238357885115,0.02447592517504775,-0.003920701296206202,0.030858385690311387,-0.004943082310865037,0.02461165933496749,-0.00394244401248478,0.01323447817202212,-0.0021199785238989887,-8.374435629492813e-05,1.3414676010294603e-05
12.286,ABORT,-0.006695667271381501,0.001106774187127782,0.02442419908804138,-0.004037248566316027,0.030793171258919005,-0.005090021010280099,0.024559646394781285,-0.00405963760937025,0.013206509146765097,-0.002182997277684431,-8.356737553407746e-05,1.3813442391686736e-05
12.295,ABORT,-0.0066856064382406905,0.0011289774339770617,0.02438749956554972,-0.00411824072131238,0.030746901791611905,-0.005192133070963911,0.02452274335071407,-0.004141078916014187,0.013186665197011782,-0.00222679087893702,-8.344180815039676e-05,1.409055697822842e-05
12.322,ABORT,-0.00665422108264031,0.001195948285184295,0.024273013265295657,-0.004362534431959022,0.030602561490510712,-0.005500129990015479,0.024407622153038308,-0.004386727386546355,0.013124760838713915,-0.0023588839360121944,-8.305009337553961e-05,1.492640769270351e-05
12.322,ABORT,-0.00665422108264031,0.001195948285184295,0.024273013265295657,-0.004362534431959022,0.030602561490510712,-0.005500129990015479,0.024407622153038308,-0.004386727386546355,0.013124760838713915,-0.0023588839360121944,-8.305009337553961e-05,1.492640769270351e-05
12.339,ABORT,-0.006633529760986099,0.0012383518115036433,0.024197536253222914,-0.0045172123941220185,0.0305074027280682,-0.005695142524989362,0.024331726574200317,-0.004542263133781913,0.013083949353075589,-0.0024425204931310222,-8.279184884562331e-05,1.5455638203162698e-05
12.339,ABORT,-0.006633529760986099,0.0012383518115036433,0.024197536253222914,-0.0045172123941220185,0.0305074027280682,-0.005695142524989362,0.024331726574200317,-0.004542263133781913,0.013083949353075589,-0.0024425204931310222,-8.279184884562331e-05,1.5455638203162698e-05
12.36,ABORT,-0.006606972623272125,0.0012909320367093314,0.024100662141585523,-0.004709012529413509,0.0303852672549887,-0.005936957390329469,0.024234315235632093,-0.004735126919580997,0.013031568153724396,-0.002546229533167388,-8.246039415850951e-05,1.611188219608194e-05
12.36,ABORT,-0.006606972623272125,0.0012909320367093314,0.024100662141585523,-0.004709012529413509,0.0303852672549887,-0.005936957390329469,0.024234315235632093,-0.004735126919580997,0.013031568153724396,-0.002546229533167388,-8.246039415850951e-05,1.611188219608194e-05
12.403,ABORT,-0.006549139459837392,0.0013990606120537245,0.023889700539049125,-0.00510343981265168,0.03011929428561752,-0.0064342374378005005,0.02402218372038797,-0.00513174154632332,0.012917498237922027,-0.0027595019317849154,-8.173858922239345e-05,1.746141479612485e-05
12.429,ABORT,-0.00651191214302973,0.001464585117710822,0.0237539041560493,-0.005342457599296301,0.029948086981624378,-0.006735582657414243,0.023885634262363002,-0.0053720848345881695,0.012844071217133334,-0.0028887422222928353,-8.127396201830747e-05,1.8279213941302752e-05
12.453,ABORT,-0.006476036310375443,0.001525059120299209,0.02362303766527507,-0.005563052353934512,0.0297830951123746,-0.007013700766176284,0.023754042035868478,-0.0055939029237270935,0.012773309858646819,-0.003008020919389779,-8.082620243610232e-05,1.903397869879791e-05
12.488,ABORT,-0.00642111816092046,0.0016130695663132725,0.023422709339289038,-0.005884093494145065,0.02953052820412659,-0.007418458145365128,0.023552602765277025,-0.005916724435840016,0.012664989505543161,-0.0031816123947702134,-8.014077924627971e-05,2.013242067550942e-05
12.519,ABORT,-0.006369909048074273,0.0016906755561526563,0.023235910695243035,-0.006167181656898191,0.029295019043056134,-0.007775365745307591,0.02336476820708917,-0.006201382497736063,0.01256398484240951,-0.0033346821596072756,-7.950164785122438e-05,2.1101006573485724e-05
12.548,ABORT,-0.006319831963905875,0.0017628344881344285,0.023053241422128872,-0.006430400250246783,0.029064716047634647,-0.008107222490918688,0.023181085919751765,-0.006466060801162534,0.01246521298841671,-0.003477008167847146,-7.887664509515275e-05,2.200160875735358e-05
12.561,ABORT,-0.006296705853507399,0.0017950091665975296,0.022968882880760093,-0.006547765812262584,0.028958359765401703,-0.008255192863991082,0.023096259558038595,-0.006584077227889263,0.012419599134542582,-0.003540469383614742,-7.858801242062123e-05,2.240317492377681e-05
12.565,ABORT,-0.006289506061355197,0.0018048849511694176,0.022942619754205182,-0.006583790321659186,0.028925248139064032,-0.00830061129852682,0.023069850786185522,-0.00662030151549586,0.01240539829136161,-0.0035599483442610665,-7.849815315638897e-05,2.2526432750750993e-05
12.595,ABORT,-0.006234252667852842,0.001878551844865227,0.02274106853779998,-0.006852509600096807,0.0286711394535822,-0.008639403114449835,0.02286718184349035,-0.006890511008716052,0.012296416704149599,-0.0037052486505600004,-7.780854584808095e-05,2.3445855523776042e-05
12.600999999999999,ABORT,-0.006222937416607689,0.0018931931330510073,0.022699793196905422,-0.006905917531384452,0.028619100955355303,-0.008706737955964876,0.02282567760527397,-0.00694421512005142,0.0122740985448071,-0.003734127072755856,-7.766732230579001e-05,2.362859071334458e-05
12.614,ABORT,-0.006198120281491885,0.0019248008457892522,0.022609266200222963,-0.007021214937504998,0.028504967701595368,-0.008852100870817524,0.02273464858034306,-0.007060151921677907,0.012225149320089165,-0.0037964700074429062,-7.735758426686944e-05,2.402308068620507e-05
12.641,ABORT,-0.006145270034818889,0.0019899051219508645,0.022416481090946315,-0.007258699827061937,0.02826191101569438,-0.009151513467692107,0.022540794358268203,-0.007298953811991593,0.01212090769071804,-0.003924881438861668,-7.66979701863329e-05,2.4835635025355974e-05
12.641,ABORT,-0.006145270034818889,0.0019899051219508645,0.022416481090946315,-0.007258699827061937,0.02826191101569438,-0.009151513467692107,0.022540794358268203,-0.007298953811991593,0.01212090769071804,-0.003924881438861668,-7.66979701863329e-05,2.4835635025355974e-05
12.683,ABORT,-0.006059594274738449,0.0020895388259081714,0.0221039563288262,-0.007622139843224829,0.027867890786497613,-0.00960972585859617,0.02222653645283534,-0.007664409328076238,0.011951921141163148,-0.004121398584846846,-7.562866698971029e-05,2.6079144718562917e-05
12.688,ABORT,-0.006049117279339069,0.0021012538779727674,0.022065738745558183,-0.007664873562263623,0.027819707401550906,-0.009663603028699012,0.022188106929404816,-0.007707380032046652,0.011931256354523596,-0.004144505309834092,-7.549790556242865e-05,2.6225358100381898e-05
12.703,ABORT,-0.006017336003722371,0.0021361987973814605,0.021949808223405164,-0.00779234430329066,0.027673546276269972,-0.0098243136560894,0.02207153350072545,-0.007835557677259084,0.011868571085062592,-0.004213430538507926,-7.510124938362414e-05,2.666149912783648e-05
12.729,ABORT,-0.005961015007242996,0.002196023189877919,0.021744362645676314,-0.008010569435071014,0.027414527716988345,-0.010099444227687254,0.021864948600061804,-0.008054993002514199,0.011757483761721579,-0.004331427947083029,-7.439831752149858e-05,2.740815622282353e-05
12.729,ABORT,-0.005961015007242996,0.002196023189877919,0.021744362645676314,-0.008010569435071014,0.027414527716988345,-0.010099444227687254,0.021864948600061804,-0.008054993002514199,0.011757483761721579,-0.004331427947083029,-7.439831752149858e-05,2.740815622282353e-05
12.754,ABORT,-0.005905405276162902,0.0022525940818778024,0.02154151159467831,-0.008216926572125728,0.027158780245764545,-0.010359612048909169,0.02166097261438619,-0.008262494517664582,0.011647799335600614,-0.004443008163416415,-7.370426283028324e-05,2.8114206984374677e-05
12.781,ABORT,-0.0058437728960411125,0.002312566561434514,0.02131669135476011,-0.008435691890222904,0.02687533479376354,-0.010635423668417977,0.021434905607035093,-0.008482473024904114,0.011526235858978308,-0.004561297658356697,-7.293504057864738e-05,2.8862712326366e-05
12.781,ABORT,-0.0058437728960411125,0.002312566561434514,0.02131669135476011,-0.008435691890222904,0.02687533479376354,-0.010635423668417977,0.021434905607035093,-0.008482473024904114,0.011526235858978308,-0.004561297658356697,-7.293504057864738e-05,2.8862712326366e-05
12.791,ABORT,-0.005820537584239027,0.0023344670302169615,0.021231934472686162,-0.008515579582962684,0.02676847629757838,-0.010736143261930477,0.0213496786955709,-0.008562803744364413,0.011480406616663094,-0.004604494061279831,-7.264504498174616e-05,2.913604799627564e-05
12.796,ABORT,-0.005808838018257491,0.0023453520488772154,0.021189257243189104,-0.008555285537882429,0.026714670347503133,-0.010786203133512563,0.021306764794411705,-0.00860272989338903,0.011457330436368304,-0.004625963631476931,-7.249902487884415e-05,2.9271901885844613e-05
12.82,ABORT,-0.005751927977313588,0.0023969775385149984,0.02098166297158252,-0.00874360302527016,0.02645294279054582,-0.011023627198853522,0.021098019284032363,-0.008792091717845368,0.011345081283922986,-0.004727789554640961,-7.17887412625202e-05,2.99162300020476e-05
12.825,ABORT,-0.005739916513975487,0.0024076000250451467,0.020937848014832443,-0.008782351325522667,0.026397702433961605,-0.011072479693109994,0.02105396134621808,-0.008831054901414665,0.011321389918445689,-0.004748741307444061,-7.163882842683029e-05,3.0048807277021338e-05
12.838,ABORT,-0.005708439279080624,0.0024349980236406184,0.020823026560800643,-0.008882292697336326,0.02625293958276414,-0.011198482259950194,0.020938503136129365,-0.008931550510015996,0.011259304337770157,-0.004802781017660949,-7.124596692361962e-05,3.0390756592109915e-05
12.857,ABORT,-0.0056617983598468875,0.0024744546975784135,0.02065289159876586,-0.009026221244044084,0.026038439405944344,-0.011379942309954018,0.02076742467038718,-0.009076277229631873,0.011167309962675294,-0.004880605214136128,-7.066385030179769e-05,3.088320798711555e-05
12.864,ABORT,-0.005644426870826353,0.0024888115216228014,0.0205895245452525,-0.009078591517912212,0.025958548453369968,-0.01144596890948691,0.020703706207326943,-0.009128937929094843,0.011133046502538439,-0.004908922560320743,-7.044703998436005e-05,3.106239283274282e-05
12.898,ABORT,-0.005558639272091837,0.0025571181658464027,0.020276591822365794,-0.00932775788325477,0.025564013881585856,-0.011760109100217358,0.020389038078732435,-0.00937948607621023,0.01096383936283948,-0.005043650330558001,-6.937634095033607e-05,3.1914915330941643e-05
12.899000000000001,ABORT,-0.005556081167568174,0.0025590905258455507,0.020267260466484204,-0.009334952582653646,0.025552249236255875,-0.011769179924195964,0.020379654974704765,-0.009386720674672035,0.010958793767020443,-0.005047540606062102,-6.934441372445703e-05,3.193953198855868e-05
12.912,ABORT,-0.005522647202383635,0.00258453566825894,0.020145301326510195,-0.009427770400346662,0.025398487441640923,-0.011886201364522316,0.02025701949578583,-0.009480053224634416,0.010892848738821464,-0.005097728510030907,-6.892713063512079e-05,3.225710806953665e-05
12.912,ABORT,-0.005522647202383635,0.00258453566825894,0.020145301326510195,-0.009427770400346662,0.025398487441640923,-0.011886201364522316,0.02025701949578583,-0.009480053224634416,0.010892848738821464,-0.005097728510030907,-6.892713063512079e-05,3.225710806953665e-05
12.942,ABORT,-0.005444246582376176,0.002641838272266778,0.01985931454220976,-0.009636796648489643,0.025037925361590455,-0.012149734307136905,0.019969446737691247,-0.00969023865274669,0.01073821164840539,-0.005210751952399008,-6.794862710608923e-05,3.297229119231083e-05
12.959,ABORT,-0.005399066059443541,0.0026734065279175614,0.019694506757969188,-0.009751950124555046,0.024830141503187186,-0.012294915760037767,0.01980372499224259,-0.009806030726136762,0.010649097753526567,-0.005273017062073951,-6.738473741836907e-05,3.336628870861521e-05
12.967,ABORT,-0.005377620212026554,0.002688030372239361,0.019616277415665538,-0.009805294424782566,0.024731512699583617,-0.012362170377749981,0.01972506181979839,-0.009859670853538376,0.010606798044088626,-0.005301861078057569,-6.711707579300695e-05,3.354880618456791e-05
12.974,ABORT,-0.005358759578288788,0.0027007028342922097,0.0195474783169847,-0.009851520547373416,0.024644773215496477,-0.012420450647430258,0.019655881187516846,-0.009906153328600944,0.010569597400467007,-0.0053268561949338655,-6.688167973784283e-05,3.370696882204516e-05
12.983,ABORT,-0.0053343805579176284,0.0027168250395512134,0.01945854945851803,-0.009910330511343286,0.024532654838195618,-0.012494596181772129,0.019566459163467657,-0.00996528943023455,0.01052151231163695,-0.005358655572440139,-6.657740972741127e-05,3.390818706164843e-05
12.984,ABORT,-0.00533166284297804,0.002718604439539501,0.019448635881863352,-0.009916821338591668,0.024520156149390487,-0.0125027795884972,0.019556490609892212,-0.009971816253138968,0.010516151900828996,-0.005362165254338688,-6.654349043367309e-05,3.393039542132636e-05
13.011,ABORT,-0.005257620313425443,0.0027657307989085527,0.019178546373308417,-0.010088727070593016,0.024179636795523873,-0.012719512289816324,0.019284903287780295,-0.010144675308863597,0.010370110691767508,-0.005455117109745432,-6.561937941951598e-05,3.451857073101956e-05
13.02,ABORT,-0.005232659690304762,0.002781040700115604,0.019087495966567503,-0.010144573942897667,0.02406484364476955,-0.01278992206239282,0.01919334795015808,-0.010200831886654032,0.010320878451844059,-0.00548531430177007,-6.530785053354429e-05,3.4709650755116293e-05
13.039,ABORT,-0.0051795177733018,0.0028126930742829576,0.018893646913412162,-0.010260034263271845,0.023820445575843133,-0.012935490373807075,0.018998423883976958,-0.010316932505994561,0.010216061533002236,-0.005547745326493277,-6.464459616996971e-05,3.510469813895121e-05
13.048,ABORT,-0.005154137354053185,0.0028273654311427253,0.018801065190405152,-0.010313555525680666,0.02370372179539391,-0.013002968099214059,0.018905328737991802,-0.010370750576942343,0.010166001288762171,-0.0055766850284257995,-6.432782788675069e-05,3.528782109085041e-05
13.059,ABORT,-0.0051229389772978855,0.002845014402398063,0.018687260944433723,-0.010377934768281612,0.023560241404345747,-0.01308413518419336,0.01879089337701198,-0.010435486842305379,0.010104465726840787,-0.0056114957934873845,-6.39384467600171e-05,3.5508094612354206e-05
13.087,ABORT,-0.005042664836502478,0.0028885074470920433,0.01839444000263027,-0.010536587033917818,0.023191063058859422,-0.013284158381217789,0.0184964485617795,-0.010595018932987685,0.009946133311012047,-0.005697281312583707,-6.293656016714566e-05,3.6050923198624795e-05
13.121,ABORT,-0.00494359691528105,0.0029384937061053447,0.018033063827100668,-0.010718924998503588,0.02273545268564458,-0.013514043674498152,0.018133068331602335,-0.01077836807448577,0.00975073211278437,-0.005795874023379434,-6.170011190283648e-05,3.667479238286016e-05
13.145,ABORT,-0.004872669406791454,0.0029718647778155804,0.017774337173287837,-0.010840654718066542,0.022409259219427442,-0.01366751622392711,0.017872906878297637,-0.010900772860715415,0.009610834959646436,-0.005861695000724333,-6.081487888610929e-05,3.709129051046328e-05
13.146,ABORT,-0.004869696864005216,0.0029732203262020575,0.017763494045356567,-0.010845599435646265,0.02239558858506329,-0.013673750349955587,0.017862003618508218,-0.010905744999815753,0.009604971927344427,-0.005864368679304719,-6.077777913350204e-05,3.7108208857280115e-05
13.152,ABORT,-0.004851833268815315,0.002981294494906756,0.01769833190577249,-0.010875052079560769,0.02231343445110061,-0.013710883207611145,0.01779648011451353,-0.010935360976877036,0.009569737838835,-0.005880294139535829,-6.055482693066429e-05,3.7208981052331536e-05
13.157,ABORT,-0.004836910139813489,0.0029879453153522596,0.017643895886331227,-0.010899312688111928,0.022244803432197337,-0.013741470129674324,0.01774174221363917,-0.010959756125524116,0.009540303514865029,-0.005893412192970542,-6.0368574138389285e-05,3.729198870298865e-05
13.157,ABORT,-0.004836910139813489,0.0029879453153522596,0.017643895886331227,-0.010899312688111928,0.022244803432197337,-0.013741470129674324,0.01774174221363917,-0.010959756125524116,0.009540303514865029,-0.005893412192970542,-6.0368574138389285e-05,3.729198870298865e-05
13.165,ABORT,-0.004812964480822879,0.0029984391049575647,0.01755654782694053,-0.010937591532642251,0.022134678070777854,-0.013789730750666106,0.01765390975517562,-0.010998247249948575,0.009493073186405241,-0.005914110104439207,-6.0069712830595193e-05,3.742295973562498e-05
13.173,ABORT,-0.004788935600768481,0.0030087504073651188,0.017468896196934997,-0.010975204707349353,0.022024169978203174,-0.013837152118555074,0.017565772042610214,-0.011036069012998478,0.009445678713029707,-0.0059344480788398254,-5.976981285621149e-05,3.7551653179551096e-05
13.203,ABORT,-0.004698111200103019,0.003045775108107766,0.0171375904205284,-0.011110261995213509,0.021606471306685523,-0.014007427597393695,0.017232628970537955,-0.011171875277147622,0.009266537003992784,-0.006007475460457778,-5.863625043585212e-05,3.801375157028539e-05
13.223,ABORT,-0.004636961498448001,0.0030689988228287134,0.016914530876667833,-0.01119497657389825,0.021325245678353744,-0.014114232758953472,0.017008332423394307,-0.011257059650624124,0.009145925560577625,-0.006053281828733419,-5.787305240421705e-05,3.830360242617795e-05
13.233,ABORT,-0.004606215419964334,0.0030801673732289555,0.016802376507039682,-0.01123571678505932,0.021183845393376265,-0.01416559658443185,0.016895556088343644,-0.011298025791481306,0.009085282110079832,-0.006075310635876709,-5.748931632792981e-05,3.8442995022560015e-05
13.249,ABORT,-0.004556793725238565,0.003097416805353599,0.01662209793847791,-0.011298638604094245,0.020956556514178035,-0.014244926201033847,0.016714277763495634,-0.011361296550962251,0.008987802943778635,-0.006109333351447461,-5.687249336536545e-05,3.8658281970624294e-05
13.275,ABORT,-0.004475913430505057,0.0031238034086033413,0.016327065891513143,-0.011394890646632778,0.020584590485064565,-0.014366277391270459,0.016417609581154666,-0.011458082370673296,0.008828274952183742,-0.0061613781892576125,-5.586304147814414e-05,3.898760824886766e-05
13.302,ABORT,-0.004391225213289114,0.0031490253999146758,0.01601814345049903,-0.011486894462267088,0.02019511193563166,-0.014482272566428055,0.016106973973928795,-0.011550596404431547,0.00866123622849059,-0.006211125950825226,-5.4806063619993195e-05,3.930239922252317e-05
13.335,ABORT,-0.004286839853475699,0.003176796255953137,0.015637370525766518,-0.011588195929206435,0.019715046823167496,-0.014609989893370838,0.015724089427564453,-0.011652459650728171,0.008455346934221671,-0.00626590108367166,-5.350324939547638e-05,3.964900210187892e-05
13.342,ABORT,-0.00426458309933056,0.0031822507863021043,0.015556183188901986,-0.011608092756479253,0.01961268868404845,-0.01463507511346393,0.015642451856648025,-0.01167246681822779,0.008411447795378347,-0.006276659578982924,-5.3225466994345706e-05,3.971707907875954e-05
13.353,ABORT,-0.004229532557461269,0.003190511653192537,0.015428327162301272,-0.01163822643089795,0.01945149230215651,-0.014673066590428668,0.015513886789214852,-0.011702767602529088,0.008342314237357273,-0.0062929532820190665,-5.278800771264224e-05,3.98201814190775e-05
13.374,ABORT,-0.0041623748998514485,0.003205223539283479,0.015183352026401132,-0.011691891886524992,0.019142636266109722,-0.01474072610957419,0.015267553114504237,-0.011756730666335764,0.008209852724030547,-0.006321970951259686,-5.194982550226622e-05,4.000379772794505e-05
13.375,ABORT,-0.004159169343162546,0.0032058893100854386,0.015171658919264166,-0.011694320459803054,0.019127894007855133,-0.014743787969355,0.015255795161848143,-0.011759172707556359,0.008203530095976222,-0.006323284115105702,-5.1909817546559965e-05,4.001210708926365e-05
13.404,ABORT,-0.0040659321821418,0.0032238132800262334,0.01483155196787669,-0.011759702832095235,0.01869909912444169,-0.014826219764970902,0.014913802106830293,-0.011824917665585877,0.008019629467415742,-0.006358637286548554,-5.074614191380346e-05,4.023581281811699e-05
13.431,ABORT,-0.0039786913058916205,0.0032380839083491412,0.01451331803482913,-0.011811758684505928,0.018297880973319965,-0.014891849952987849,0.014593803369582228,-0.011877262199929751,0.007847555888566584,-0.00638678462061369,-4.965730479391227e-05,4.04139218710063e-05
13.431,ABORT,-0.0039786913058916205,0.0032380839083491412,0.01451331803482913,-0.011811758684505928,0.018297880973319965,-0.014891849952987849,0.014593803369582228,-0.011877262199929751,0.007847555888566584,-0.00638678462061369,-4.965730479391227e-05,4.04139218710063e-05
13.433,ABORT,-0.003972214172033882,0.003239047802361606,0.014489690993572543,-0.011815274740233613,0.01826809283062046,-0.014896282872396515,0.014570045301752654,-0.011880797754363492,0.007834780413909613,-0.006388685801567908,-4.9576464893192045e-05,4.042595205256251e-05
13.456,ABORT,-0.003897595989833357,0.0032492050745515835,0.014217501641296478,-0.011852326049401824,0.017924926067637646,-0.014942995859973761,0.01429634649098601,-0.011918054535982199,0.007687603789712919,-0.006408719967342014,-4.864516926560407e-05,4.055272307404526e-05
13.482,ABORT,-0.003812989443816203,0.0032586252834412585,0.013908877117358906,-0.01188668872724213,0.017535823121577677,-0.014986319115726688,0.01398601045297133,-0.01195260777614756,0.007520726153987569,-0.006427300352212343,-4.758921073046648e-05,4.067029494582236e-05
13.485,ABORT,-0.003803212142083424,0.0032595709945540748,0.013873211849897671,-0.011890138456083634,0.017490857606640216,-0.014990668412529844,0.013950147399519065,-0.011956076635871468,0.007501441440525696,-0.006429165669283129,-4.746718204945579e-05,4.068209818999628e-05
13.493,ABORT,-0.0037771259202197187,0.0032619497621893382,0.013778055527095137,-0.011898815633720012,0.01737088786131243,-0.015001608292934435,0.013854463375988394,-0.011964801933830512,0.007449989073840742,-0.006433857541692531,-4.714160477531807e-05,4.0711787145589104e-05
13.512,ABORT,-0.00371510127767246,0.0032667638642366933,0.013551804407298038,-0.011916376331118658,0.017085638406281356,-0.015023748202639286,0.01362695755364351,-0.011982460016169337,0.007327651900273843,-0.0064433528586109205,-4.636748676944466e-05,4.0771871056175614e-05
13.513,ABORT,-0.0037118344031535503,0.0032669846297277917,0.013539887627325034,-0.011917181631036921,0.01707061414918122,-0.01502476349645541,0.01361497468774701,-0.011983269781974266,0.007321208329160368,-0.00644378829564196,-4.632671351732814e-05,4.077462638913226e-05
13.531,ABORT,-0.003652996353423089,0.0032704000858780847,0.013325260438977252,-0.011929640401404406,0.01680001973813053,-0.015040471075984163,0.01339915725874855,-0.011995797643937569,0.007205156379377201,-0.006450524928610867,-4.5592366782607e-05,4.0817254060903174e-05
13.563,ABORT,-0.003548279312745014,0.0032738566154334506,0.012943277621467249,-0.011942248997768625,0.01631842923540206,-0.015056367550860511,0.01301505611000213,-0.012008476162775526,0.006998612879008219,-0.0064573425746107084,-4.428541291102425e-05,4.086039436218913e-05
13.563,ABORT,-0.003548279312745014,0.0032738566154334506,0.012943277621467249,-0.011942248997768625,0.01631842923540206,-0.015056367550860511,0.01301505611000213,-0.012008476162775526,0.006998612879008219,-0.0064573425746107084,-4.428541291102425e-05,4.086039436218913e-05
13.587,ABORT,-0.003469698267263341,0.0032742495184012775,0.012656632688019889,-0.011943682214193448,0.015957037384052974,-0.01505817449972551,0.012726821552916094,-0.012009917327272832,0.006843619918059913,-0.006458117534958661,-4.330465752526977e-05,4.086529811091649e-05
13.621,ABORT,-0.0033584084758939998,0.003271578243122489,0.012250674041823518,-0.011933938038357983,0.015445218999699709,-0.015045889385515753,0.012318611614668063,-0.012000119113949033,0.0066241123487482245,-0.006452848721564417,-4.191567037708491e-05,4.083195842193111e-05
13.621,ABORT,-0.0033584084758939998,0.003271578243122489,0.012250674041823518,-0.011933938038357983,0.015445218999699709,-0.015045889385515753,0.012318611614668063,-0.012000119113949033,0.0066241123487482245,-0.006452848721564417,-4.191567037708491e-05,4.083195842193111e-05
13.66,ABORT,-0.003230951284489863,0.0032638602661078965,0.011785740571882003,-0.011905784696872954,0.014859047231597707,-0.015010394642669352,0.011851099800761622,-0.01197180964475369,0.0063727162599230966,-0.006437625812494041,-4.032490092172178e-05,4.0735631788990646e-05
13.66,ABORT,-0.003230951284489863,0.0032638602661078965,0.011785740571882003,-0.011905784696872954,0.014859047231597707,-0.015010394642669352,0.011851099800761622,-0.01197180964475369,0.0063727162599230966,-0.006437625812494041,-4.032490092172178e-05,4.0735631788990646e-05
13.662,ABORT,-0.0032244240913567286,0.0032633306948793264,0.011761930926314463,-0.01190385294719161,0.014829028867804794,-0.015007959160606966,0.011827158115967127,-0.011969867182324274,0.0063598420485380894,-0.006436581288178463,-4.024343624051346e-05,4.072902230916791e-05
13.679,ABORT,-0.0031689888680079257,0.003258303544278134,0.011559716437946998,-0.011885515099423413,0.014574083952358912,-0.014984839447047043,0.011623822223055977,-0.011951427639835909,0.006250501820815293,-0.006426665755087299,-3.955155954777436e-05,4.066627937928073e-05
13.717,ABORT,-0.0030454364816358947,0.003243673883158667,0.011109026766515569,-0.011832149580903745,0.014005870264491908,-0.014917558078058295,0.011170633198341731,-0.01189776617647358,0.006006807554867962,-0.006397810266073662,-3.8009525236390095e-05,4.048368930496024e-05
13.755,ABORT,-0.0029225286930236617,0.0032243835000581042,0.010660688434148479,-0.011761782858927202,0.013440621062225228,-0.014828842189650174,0.01071980855232282,-0.011827009227454525,0.005764384691137277,-0.006359761986412115,-3.647553602953061e-05,4.024292962807917e-05
13.784,ABORT,-0.002829273654220541,0.0032065519097608484,0.010320516268869947,-0.011696737465566922,0.013011743959431388,-0.014746835245220724,0.01037774992176251,-0.011761603117113733,0.005580448800505537,-0.0063245910242335415,-3.5311637267503654e-05,4.002037687234268e-05
13.784,ABORT,-0.002829273654220541,0.0032065519097608484,0.010320516268869947,-0.011696737465566922,0.013011743959431388,-0.014746835245220724,0.01037774992176251,-0.011761603117113733,0.005580448800505537,-0.0063245910242335415,-3.5311637267503654e-05,4.002037687234268e-05
13.786,ABORT,-0.0028228618766574154,0.003205223539283479,0.010297127631806192,-0.011691891886524993,0.012982256388354,-0.014740726109574191,0.010354231580224632,-0.011756730666335764,0.005567802234360238,-0.006321970951259687,-3.523161306651792e-05,4.000379772794506e-05
13.799,ABORT,-0.0027812515218033672,0.0031962804122832394,0.010145342970190287,-0.011659269489761478,0.012790891624958174,-0.014699596939000602,0.010201605178679152,-0.0117239273581833,0.005485730125680509,-0.006304331560928246,-3.471228198131645e-05,3.9892180226329896e-05
13.825,ABORT,-0.0026983969230331634,0.003176796255953137,0.009843109132440804,-0.011588195929206435,0.012409845831296222,-0.014609989893370838,0.009897695267164414,-0.011652459650728171,0.005322308024169111,-0.00626590108367166,-3.367818917330774e-05,3.964900210187892e-05
13.825,ABORT,-0.0026983969230331634,0.003176796255953137,0.009843109132440804,-0.011588195929206435,0.012409845831296222,-0.014609989893370838,0.009897695267164414,-0.011652459650728171,0.005322308024169111,-0.00626590108367166,-3.367818917330774e-05,3.964900210187892e-05
13.85,ABORT,-0.0026192320686201425,0.003156067990671658,0.009554334603093486,-0.011512584155582546,0.012045769060330187,-0.014514661228303943,0.009607319304250565,-0.011576428563002793,0.0051661635606626115,-0.006225016730560734,-3.269014737706888e-05,3.9390296485434816e-05
13.855,ABORT,-0.0026034626425785485,0.0031516895427473944,0.009496811493665654,-0.011496612620638462,0.01197324594693876,-0.014494524878734072,0.009549477193564217,-0.011560368456008307,0.005135060003568656,-0.006216380696209451,-3.249333210914073e-05,3.933564989277822e-05
13.861,ABORT,-0.0025845685179398973,0.0031463334962572326,0.00942789022815697,-0.011477075039020622,0.01188635243921144,-0.014469892582928807,0.009480173716964125,-0.01154072252640326,0.005097793302619075,-0.006205816450093883,-3.225751806028342e-05,3.926880207458773e-05
13.87,ABORT,-0.0025562884182836866,0.0031380915929716357,0.009324731161817878,-0.01144701053931464,0.011756293116273592,-0.014431988319009124,0.009376442569728905,-0.01151049130043129,0.005042013739560813,-0.006189560150801172,-3.190455940622771e-05,3.916593641548801e-05
13.87,ABORT,-0.0025562884182836866,0.0031380915929716357,0.009324731161817878,-0.01144701053931464,0.011756293116273592,-0.014431988319009124,0.009376442569728905,-0.01151049130043129,0.005042013739560813,-0.006189560150801172,-3.190455940622771e-05,3.916593641548801e-05
13.909,ABORT,-0.0024346399891078925,0.003099519027647149,0.008880986672655997,-0.011306307010205827,0.01119683566996357,-0.014254594257776495,0.00893023724262016,-0.01136900748313379,0.004802074831684308,-0.006113479766856567,-3.038628802982362e-05,3.8684519415339045e-05
13.923,ABORT,-0.0023913508101709655,0.0030845514879016584,0.008723078060734305,-0.011251708990951712,0.010997750045389554,-0.014185758995206394,0.008771452929672668,-0.01131410668405731,0.004716691416646643,-0.006083957847301475,-2.984600385407818e-05,3.849771234084794e-05
13.939,ABORT,-0.0023421395477440854,0.003066729520885905,0.008543567099067305,-0.011186698701029786,0.010771428937969015,-0.0141037963079575,0.008590946468574938,-0.01124873587182517,0.004619627306226719,-0.006048805866047434,-2.9231807257823994e-05,3.827527969149466e-05
13.971,ABORT,-0.0022446027346721487,0.0030288214365619156,0.008187776041309061,-0.011048419040310573,0.010322860084822638,-0.013929458174747769,0.008233182329105325,-0.011109689364768282,0.004427246060001042,-0.005974036101949253,-2.8014468469019768e-05,3.780215595489258e-05
13.971,ABORT,-0.0022446027346721487,0.0030288214365619156,0.008187776041309061,-0.011048419040310573,0.010322860084822638,-0.013929458174747769,0.008233182329105325,-0.011109689364768282,0.004427246060001042,-0.005974036101949253,-2.8014468469019768e-05,3.780215595489258e-05
13.988,ABORT,-0.002193293064542895,0.0030074715098521157,0.008000610588250336,-0.01097053959389542,0.010086888463848892,-0.013831270507575264,0.008044978927721654,-0.011031378028601931,0.004326043058057418,-0.00593192558615632,-2.7374082037252485e-05,3.7535691498002866e-05
13.988,ABORT,-0.002193293064542895,0.0030074715098521157,0.008000610588250336,-0.01097053959389542,0.010086888463848892,-0.013831270507575264,0.008044978927721654,-0.011031378028601931,0.004326043058057418,-0.00593192558615632,-2.7374082037252485e-05,3.7535691498002866e-05
14.016,ABORT,-0.0021095961838845595,0.0029705064197885593,0.007695304306830911,-0.010835699751587456,0.009701969041259716,-0.013661269176446755,0.007737979533934451,-0.010895790415879224,0.004160959642892143,-0.005859015780419419,-2.6329476865949992e-05,3.7074337097046374e-05
14.05,ABORT,-0.0020094031780405197,0.0029226660722016704,0.007329824090628469,-0.010661189560661827,0.009241184437895632,-0.013441252864909619,0.007370472503637801,-0.01072031245789297,0.003963339331952141,-0.0057646556573154656,-2.507898663011583e-05,3.6477250633451916e-05
14.056,ABORT,-0.0019918934508804066,0.0029138932984172994,0.00726595277731459,-0.010629188571846322,0.009160657732298585,-0.01340090714362318,0.0073062469843442265,-0.010688134003780344,0.003928803211424503,-0.005747352271031473,-2.4860450988217585e-05,3.636775927858016e-05
14.081,ABORT,-0.0019195126255936428,0.0028762927003057777,0.007001924770051335,-0.010492030547577328,0.008827780506089386,-0.01322798313020413,0.00704075477830177,-0.010550215353342279,0.0037860395416576768,-0.005673188991591634,-2.3957079395358046e-05,3.589847322009847e-05
14.114,ABORT,-0.001825447932411653,0.002824122895096388,0.0066587991784837555,-0.01030172752665742,0.008395179827296536,-0.012988055774013126,0.006695726342874957,-0.010358856984340938,0.003600506691749607,-0.0055702894624248276,-2.2783075487900546e-05,3.524735160267479e-05
14.114,ABORT,-0.001825447932411653,0.002824122895096388,0.0066587991784837555,-0.01030172752665742,0.008395179827296536,-0.012988055774013126,0.006695726342874957,-0.010358856984340938,0.003600506691749607,-0.0055702894624248276,-2.2783075487900546e-05,3.524735160267479e-05
14.151,ABORT,-0.0017220884293781312,0.0027623012554129703,0.0062817683348930335,-0.010076216912945963,0.007919832599134272,-0.01270373992301268,0.006316604629809326,-0.010132095774646441,0.003396640793566219,-0.005448352690949231,-2.1493064790694e-05,3.447576723771714e-05
14.16,ABORT,-0.0016972975663739447,0.002746746189011874,0.0061913371726149136,-0.010019475736419476,0.00780582017002102,-0.012632202643124221,0.006225671970743869,-0.010075039933163528,0.003347743387863228,-0.0054176719360104885,-2.1183654649102943e-05,3.428162735251796e-05
14.174,ABORT,-0.0016590146956042186,0.0027221560305654953,0.006051690380227539,-0.009929776696554116,0.007629758405283415,-0.012519113248201666,0.006085250750427231,-0.009984843456582921,0.003272234396377678,-0.005369170399228554,-2.0705853272709853e-05,3.397472216711334e-05
14.198,ABORT,-0.0015941991941156065,0.0026789080078132225,0.005815258871882521,-0.009772018212589348,0.007331673874395466,-0.012320216899676033,0.005847508082976509,-0.009826210104144827,0.003144392543046621,-0.005283868160495961,-1.9896903076441997e-05,3.343495165403947e-05
14.198,ABORT,-0.0015941991941156065,0.0026789080078132225,0.005815258871882521,-0.009772018212589348,0.007331673874395466,-0.012320216899676033,0.005847508082976509,-0.009826210104144827,0.003144392543046621,-0.005283868160495961,-1.9896903076441997e-05,3.343495165403947e-05
14.215,ABORT,-0.001548924142688782,0.002647457345989237,0.005650106270214797,-0.009657293690789569,0.007123455282306599,-0.012175576257227786,0.00568143960787456,-0.009710849363837377,0.003055092200518512,-0.005221834992446292,-1.9331833596200417e-05,3.304242180437477e-05
14.218,ABORT,-0.0015409901941326864,0.002641838272266773,0.005621165115997563,-0.009636796648489626,0.007086967292873263,-0.012149734307136884,0.005652337957037616,-0.009690238652746673,0.0030394433099853926,-0.0052107519523989995,-1.9232811462694885e-05,3.297229119231078e-05
14.259,ABORT,-0.001434277729728547,0.0025630288361530567,0.005231903468107393,-0.009349318600426385,0.006596199896783703,-0.011787292094179102,0.005260917612289719,-0.009401166360908368,0.0028289640433033815,-0.005055308514620101,-1.7900953079417174e-05,3.1988685305636396e-05
14.259,ABORT,-0.001434277729728547,0.0025630288361530567,0.005231903468107393,-0.009349318600426385,0.006596199896783703,-0.011787292094179102,0.005260917612289719,-0.009401166360908368,0.0028289640433033815,-0.005055308514620101,-1.7900953079417174e-05,3.1988685305636396e-05
14.287,ABORT,-0.001363291743518339,0.0025071250214876027,0.004972963501500994,-0.009145394802568924,0.0062697374932982365,-0.011530192141441305,0.005000541663239939,-0.009196111679327745,0.002688951548927473,-0.004945044039132499,-1.7014990213155853e-05,3.129096021199213e-05
14.295,ABORT,-0.0013432997388430094,0.0024908544631851324,0.004900037431167969,-0.009086043682038837,0.006177794868489534,-0.011455364335939732,0.004927211172693086,-0.009136431420085727,0.0026495193934893742,-0.004912952050636749,-1.6765473728141275e-05,3.108789040569767e-05
14.312,ABORT,-0.0013012519131000459,0.0024558527701927313,0.004746656979968591,-0.008958365844503682,0.005984418189707661,-0.011294392608555087,0.004772980131922823,-0.00900804552988681,0.0025665844188604067,-0.004843914841958214,-1.624068265029421e-05,3.06510407977241e-05
14.332,ABORT,-0.0012525525933802725,0.0024139510528133996,0.004569013463336304,-0.008805518361807235,0.005760451491312501,-0.01110168787771825,0.004594351471998798,-0.008854350413259826,0.0024705300623260925,-0.004761268050920591,-1.5632875515571285e-05,3.0128073271137472e-05
14.336,ABORT,-0.0012429137227338675,0.0024054792618657915,0.004533853159499536,-0.008774615286676689,0.005716122616754183,-0.01106272636739433,0.004558996182506953,-0.008823275961443342,0.002451518389822544,-0.004744558322060963,-1.5512574567154186e-05,3.002233842696579e-05
14.348,ABORT,-0.0012142012694999291,0.002379885248926901,0.004429116970309073,-0.008681254424772274,0.005584074912789651,-0.010945020276024049,0.004453679166297644,-0.008729397355753172,0.0023948860541805356,-0.004694076786423047,-1.5154219788660224e-05,2.970290432069979e-05
14.364,ABORT,-0.00117639875825137,0.002345352048877216,0.0042912224150182116,-0.00855528553788243,0.005410222306960585,-0.010786203133512567,0.004315019900317154,-0.008602729893389033,0.002320324522022476,-0.004625963631476932,-1.468241368993995e-05,2.9271901885844623e-05
14.381,ABORT,-0.0011368431469076356,0.0023081658635750435,0.00414693296822358,-0.008419639192815817,0.005228307246819379,-0.010615184992069072,0.004169930279199964,-0.008466331305350513,0.002242305181776925,-0.004552617738316217,-1.4188727475606929e-05,2.880778803641416e-05
14.388,ABORT,-0.0011207400328101308,0.002292710118436245,0.004088192644262748,-0.008363260316592751,0.0051542495121518,-0.010544104487661774,0.004110864203772366,-0.008409639773350531,0.002210543459606371,-0.004522132884264696,-1.3987747509232857e-05,2.861488776138205e-05
14.431,ABORT,-0.0010242217692658694,0.0021960231898779242,0.0037361170125310185,-0.008010569435071032,0.004710364937475391,-0.010099444227687276,0.0037568360946670723,-0.008054993002514218,0.00202017119666921,-0.004331427947083038,-1.2783121047285588e-05,2.7408156222823593e-05
14.445,ABORT,-0.0009937017547066718,0.0021639309852259404,0.0036247872702438143,-0.007893504717870337,0.0045700043136488455,-0.009951853149177648,0.0036448889600265537,-0.00793727908897337,0.0019599736338126728,-0.004268129402352808,-1.2402206432714585e-05,2.700761939666863e-05
14.455,ABORT,-0.0009721778073948683,0.0021408348844287033,0.0035462730381297207,-0.007809255644377653,0.004471016330991284,-0.00984563488019311,0.003565939317881517,-0.007852562802203445,0.0019175198804335606,-0.004222574739304209,-1.2133570057118508e-05,2.671936126637815e-05
14.481,ABORT,-0.0009173031304677082,0.0020801433865371283,0.0033461032895686672,-0.007587867518687615,0.004218649351583833,-0.009566516517110232,0.0033646595041250567,-0.007629946942278977,0.0018092852723816007,-0.00410286705528266,-1.1448689439814933e-05,2.5961881990532283e-05
14.486,ABORT,-0.0009069318330161506,0.00206837030379466,0.00330827126723374,-0.007544922117560671,0.004170952068302144,-0.009512372465675096,0.003326617679801726,-0.007586763382312166,0.001788828963980008,-0.004079645870802872,-1.1319247208924153e-05,2.5814944338636294e-05
14.493,ABORT,-0.0008925110780377389,0.0020518352535347307,0.003255667788548647,-0.007484606193380055,0.00410463145233738,-0.009436328269661188,0.003273722482256689,-0.007526112968985995,0.0017603855206596315,-0.0040470321993569605,-1.1139264453222317e-05,2.5608573457506585e-05
14.509,ABORT,-0.0008599854492381247,0.0020138175204865295,0.003137022043312624,-0.007345926560236683,0.003955047069282468,-0.009261485865285324,0.003154418772901124,-0.007386664271410204,0.0016962320917575744,-0.0039720461645242075,-1.0733318141045646e-05,2.5134081215609714e-05
14.521,ABORT,-0.0008359917266452096,0.0019851091865264654,0.003049498659350971,-0.007241205397175975,0.0038447006648097484,-0.00912945710573675,0.003066410017583319,-0.007281362364659842,0.0016489069628279097,-0.003915421953722623,-1.0433856960387404e-05,2.4775777849005387e-05
14.535,ABORT,-0.0008084358025139378,0.0019514165380072666,0.00294898121280553,-0.007118302642023609,0.00371797180320714,-0.008974505634290022,0.0029653351395591276,-0.0071577780376321275,0.0015945557608733774,-0.003848966699479422,-1.008993660611457e-05,2.4355266181172674e-05
14.535,ABORT,-0.0008084358025139378,0.0019514165380072666,0.00294898121280553,-0.007118302642023609,0.00371797180320714,-0.008974505634290022,0.0029653351395591276,-0.0071577780376321275,0.0015945557608733774,-0.003848966699479422,-1.008993660611457e-05,2.4355266181172674e-05
14.537,ABORT,-0.0008045377988398971,0.0019465864494114743,0.002934762224029372,-0.007100683629504761,0.0037000450022121635,-0.00895229220293245,0.0029510372976861952,-0.007140061316779652,0.001586867352968856,-0.0038394398507525353,-1.0041286348618354e-05,2.4294982745454074e-05
14.546,ABORT,-0.0007871164950169745,0.0019248008457892496,0.0028712134579843493,-0.007021214937504988,0.00361992495286834,-0.008852100870817512,0.0028871361143857945,-0.007060151921677897,0.0015525056383016139,-0.0037964700074429006,-9.823854301914655e-06,2.4023080686205035e-05
14.585,ABORT,-0.0007139028120694644,0.0018295216118301156,0.002604147384387509,-0.006673658990524097,0.0032832174394685984,-0.00841391455572649,0.002618588994050843,-0.006710668561773851,0.0014080992431918463,-0.0036085416018370397,-8.910087967787197e-06,2.2833918321627244e-05
14.592,ABORT,-0.0007011564702590518,0.0018122839913488247,0.0025576517660415403,-0.006610780257550216,0.003224597399017908,-0.008334639260515005,0.0025718355287123323,-0.0066474411272928365,0.001382958406157351,-0.0035745421835075702,-8.751003250822664e-06,2.261877879248264e-05
14.604,ABORT,-0.0006795867722321101,0.0017826481751181322,0.0024789706462178783,-0.0065026758601216235,0.003125399010205237,-0.008198345038057133,0.0024927180733620435,-0.006538737224045214,0.0013404144142383813,-0.003516088610135527,-8.481795869076197e-06,2.2248899692486948e-05
14.638,ABORT,-0.0006204109863985523,0.0016981623100070246,0.002263111477025334,-0.006194491551379332,0.0028532513610318236,-0.007809797099833871,0.002275661831422228,-0.006228843842491643,0.0012236963150254482,-0.0033494490049790432,-7.743233912986538e-06,2.1194447353249876e-05
14.642,ABORT,-0.0006136383011417874,0.0016881789449052723,0.0022384063346747134,-0.006158074613838842,0.002822103986387669,-0.007763883905695246,0.002250819683760525,-0.006192224950484118,0.001210337895891641,-0.003329757852896962,-7.658705290328527e-06,2.106984683372917e-05
14.661,ABORT,-0.0005820141336700373,0.0016406534244504348,0.0021230489056063735,-0.005984712837289238,0.0026766653967133305,-0.007545315474615916,0.002134822526321835,-0.006017901775542671,0.0011479625059496127,-0.0032360186936537514,-7.264009949005355e-06,2.0476689668904514e-05
14.661,ABORT,-0.0005820141336700373,0.0016406534244504348,0.0021230489056063735,-0.005984712837289238,0.0026766653967133305,-0.007545315474615916,0.002134822526321835,-0.006017901775542671,0.0011479625059496127,-0.0032360186936537514,-7.264009949005355e-06,2.0476689668904514e-05
14.687,ABORT,-0.0005402050891678174,0.0015753891650258575,0.001970539471488047,-0.005746644366902034,0.0024843868656352804,-0.007245167119553931,0.0019814673329616485,-0.005778513068081678,0.001065498502549075,-0.0031072917118439617,-6.74219905532917e-06,1.9662138608460046e-05
14.727,ABORT,-0.0004792031379975614,0.0014746670555106868,0.001748018886197092,-0.0053792341065563975,0.0022038407373139515,-0.0067819491844099845,0.0017577127332465865,-0.005409065290352032,0.0009451784816388534,-0.0029086277987969322,-5.980845069962392e-06,1.8405044728300427e-05
14.741,ABORT,-0.0004588048105055942,0.001439379600099023,0.0016736106470278123,-0.005250513875793342,0.0021100294461614787,-0.0066196632443025335,0.0016828918543195653,-0.005279631226209345,0.0009049448965930736,-0.0028390269533887266,-5.72625734558811e-06,1.796462857282141e-05
14.751,ABORT,-0.00044453702952775617,0.001414177668942427,0.0016215651810536046,-0.005158583234824559,0.002044412352998383,-0.006503760325189825,0.0016305577640114005,-0.005187190772915448,0.00087680317862073,-0.0027893187583954804,-5.5481838298820436e-06,1.7650087966219153e-05
14.755,ABORT,-0.00043890047638409004,0.001404099181840801,0.0016010043779892645,-0.005121819314889573,0.0020184900155780713,-0.006457409667850912,0.0016098829385633832,-0.005150222974281208,0.0008656856622282702,-0.002769439988035717,-5.477835060419171e-06,1.7524300246743185e-05
14.783,ABORT,-0.000400572732597043,0.0013336226106684342,0.0014611938995248638,-0.004864737572982579,0.0018422218811910696,-0.006133290048716326,0.0014692971244290656,-0.00489171555493735,0.0007900881633707627,-0.0026304322619799887,-4.9994736322586e-06,1.6644695294644046e-05
14.798,ABORT,-0.0003808510343359158,0.0012959493123415287,0.0013892538425953824,-0.004727314355647339,0.0017515223874053944,-0.00596003168920567,0.001396958115340595,-0.004753530240773285,0.0007511891592956125,-0.0025561255889065475,-4.753330791230399e-06,1.6174501878321215e-05
14.807,ABORT,-0.00036928905900491995,0.00127338388242396,0.001347078511013084,-0.004645001043101235,0.0016983492125703069,-0.005856253959545657,0.0013545488954308585,-0.004670760449942959,0.0007283843622866402,-0.0025116176191212493,-4.609027931598938e-06,1.5892866952393914e-05
14.833,ABORT,-0.0003370265656256139,0.0012084029035522447,0.001229392621103234,-0.004407965912684558,0.001549974981354403,-0.005557408403177967,0.0012362103643935723,-0.004432410812962445,0.0006647499407059308,-0.0023834493788170985,-4.206365763570114e-06,1.5081851463742822e-05
14.833,ABORT,-0.0003370265656256139,0.0012084029035522447,0.001229392621103234,-0.004407965912684558,0.001549974981354403,-0.005557408403177967,0.0012362103643935723,-0.004432410812962445,0.0006647499407059308,-0.0023834493788170985,-4.206365763570114e-06,1.5081851463742822e-05
14.869,ABORT,-0.0002951341851438905,0.0011191012436174764,0.0010765791971849188,-0.0040822147316989296,0.001357313190627256,-0.005146712770222824,0.0010825494954217335,-0.004104853139982021,0.0005821215657303182,-0.002207311117916556,-3.683514769062688e-06,1.3967294086693605e-05
14.882,ABORT,-0.00028079406605900376,0.0010870947866933973,0.001024269859029408,-0.003965462801781833,0.0012913634166978397,-0.00499951604292024,0.0010299500695976384,-0.003987453748323929,0.0005538371683455039,-0.002144181701684948,-3.504538414922129e-06,1.356782746195227e-05
14.892,ABORT,-0.00027004578933843056,0.0010625759025928705,0.0009850627061293998,-0.0038760237537503565,0.001241932417160349,-0.0048867544365584405,0.0009905254887587998,-0.0038975187053929034,0.0005326373074400915,-0.0020958207461568715,-3.3703911760216317e-06,1.3261811838376866e-05
14.893,ABORT,-0.00026898443689242577,0.0010601291487724656,0.0009811911452538152,-0.0038670985787070235,0.0012370512893636297,-0.004875501889744746,0.000986632457680995,-0.0038885440347277305,0.0005305438998351435,-0.0020909947780495294,-3.3571446339169462e-06,1.3231274359875933e-05
14.906,ABORT,-0.0002554091092623603,0.001028410998841179,0.0009316715841281784,-0.0037513983240158658,0.001174618768202483,-0.004729631077581665,0.0009368382799277569,-0.003772202150485874,0.0005037679742626363,-0.0020284340174549285,-3.1877134994116884e-06,1.2835406040988111e-05
14.949,ABORT,-0.00021342222093224256,0.0009248326858597682,0.0007785134180936584,-0.0033735693138626376,0.0009815223387391256,-0.004253277549087347,0.0007828307570312242,-0.003392277844529947,0.0004209531923594287,-0.001824136539346632,-2.6636829700591808e-06,1.154266441759531e-05
14.955,ABORT,-0.00020791605801994285,0.0009105630415812066,0.0007584282475302968,-0.003321517051011289,0.0009561996620489864,-0.004187651886660585,0.0007626342017609013,-0.0033399369196517484,0.00041009285717286993,-0.001795991146206894,-2.5949615767768987e-06,1.136456764638012e-05
14.98,ABORT,-0.00018589024794185994,0.0008516531651109162,0.0006780833396042678,-0.0031066278558279947,0.0008549036277090208,-0.003916727146605943,0.0006818437315730466,-0.003123856030827645,0.00036664923154583126,-0.0016797975256300508,-2.320061545512696e-06,1.0629324455503474e-05
15.02,ABORT,-0.0001536772655368968,0.0007594433246261798,0.0005605780539337558,-0.002770268325015906,0.0007067570959665773,-0.0034926568792645013,0.0005636868063374316,-0.0027856311781525723,0.00030311246522620773,-0.0014979231802622046,-1.9180173147287025e-06,9.478470618924547e-06
15.06,ABORT,-0.00012509599155488983,0.0006701431845206839,0.0004563203754033261,-0.0024445226880053916,0.0005753126814139337,-0.0030819682359582113,0.00045885095442604537,-0.0024580790798920363,0.00024673886705132465,-0.0013217879170672484,-1.5612997600339683e-06,8.363932210581272e-06
15.062,ABORT,-0.0001237600870427364,0.0006657627356434906,0.00045144731399734614,-0.002428543854061709,0.0005691688969693062,-0.0030618226840663358,0.000453950868877305,-0.002442011633420479,0.00024410393397536825,-0.0013131479360438704,-1.5446265847521122e-06,8.309260644404014e-06
15.079,ABORT,-0.00011275654170055625,0.0006288770798176638,0.00041130900197870746,-0.0022939937689292547,0.000518563924762086,-0.002892186668594516,0.000413589965065974,-0.0023067153847562286,0.00022240058219301882,-0.001240394806101124,-1.407293385752428e-06,7.848897647366735e-06
15.092,ABORT,-0.00010476207102779779,0.0006011060352400234,0.0003821470774981531,-0.002192691614243899,0.00048179759594482036,-0.0027644684745657504,0.00038426631965790894,-0.0022048514468996166,0.0002066323180627827,-0.0011856193013807174,-1.307515886986619e-06,7.5022924148886205e-06
15.1,ABORT,-0.00010002090129095781,0.0005842116748506727,0.0003648524197935009,-0.0021310650123100958,0.0004599930997300633,-0.002686771822134598,0.00036687575236790324,-0.0021428830873005825,0.00019728085256156581,-0.0011522969279760022,-1.2483422309773342e-06,7.291437050987957e-06
15.122,ABORT,-8.767266417914182e-05,0.0005385555423659402,0.00031980899254698686,-0.0019645223177285863,0.00040320393074684546,-0.0024768006497868735,0.0003215825314276492,-0.0019754168103589325,0.00017292523574938788,-0.001062244942590962,-1.0942261845726042e-06,6.721611369073806e-06
15.127,ABORT,-8.500542876123483e-05,0.0005283493906705476,0.00031007955316160116,-0.0019272927077692511,0.00039093739573509145,-0.002429862866842667,0.0003117991362766685,-0.0019379807391608156,0.0001676643905616764,-0.0010421143670627272,-1.0609369163380982e-06,6.59423029159224e-06
15.133,ABORT,-8.187186389637183e-05,0.0005161879845984837,0.0002986490550480163,-0.0018829307956467394,0.00037652622570173017,-0.002373932928160237,0.00030030524897359245,-0.0018933728127679007,0.00016148375891250795,-0.00101812725509635,-1.021827477172614e-06,6.4424460485802825e-06
15.14,ABORT,-7.830786136945288e-05,0.0005021202990985426,0.00028564842288700265,-0.0018316152303068834,0.00036013548587991717,-0.0023092360680477546,0.0002872325202576097,-0.0018417726708450392,0.00015445413362452122,-0.0009903802046981223,-9.773458257553624e-07,6.266869887247775e-06
15.144,ABORT,-7.631535346972699e-05,0.000494140896932496,0.000278380228746683,-0.0018025082721490203,0.00035097200231596487,-0.002272539038837077,0.00027992401948051526,-0.0018125042965819577,0.0001505241184764864,-0.0009746416616343074,-9.524777059456019e-07,6.167280455706343e-06
15.17,ABORT,-6.413195763877756e-05,0.0004433625849520429,0.0002339381032224093,-0.0016172810870309388,0.0002949409333975403,-0.0020390111179178095,0.0002352354348528589,-0.0016262499120347845,0.00012649363399172033,-0.0008744867085210563,-8.004190128505997e-07,5.533525805980218e-06
15.193,ABORT,-5.443529183833933e-05,0.0004000923828071403,0.00019856697643234542,-0.0014594416979256853,0.0002503462606739393,-0.0018400127670363273,0.00019966815326390858,-0.0014675352057871053,0.0001073679665419703,-0.000789140723237184,-6.793967338856506e-07,4.993478476039875e-06
15.194,ABORT,-5.403612202959859e-05,0.0003982477544929615,0.00019711090006482856,-0.0014527129332838834,0.00024851049079712556,-0.001831529377213428,0.00019820400205136993,-0.0014607691259790976,0.00010658064550037906,-0.0007855023852319926,-6.74414769884617e-07,4.9704560137812385e-06
15.214,ABORT,-4.643556375700901e-05,0.00036202156932428473,0.00016938587417779719,-0.0013205684400021177,0.00021355575319366438,-0.0016649262473469983,0.00017032522372921813,-0.0013278918096618247,9.158933271868029e-05,-0.0007140499927531435,-5.795536183831202e-07,4.518323747129163e-06
15.223,ABORT,-4.324901887637397e-05,0.0003461443161102817,0.00015776211758818104,-0.0012626520027371514,0.00019890092967024542,-0.0015919072400510845,0.0001586370062121971,-0.0012696541898919486,8.530420348405385e-05,-0.0006827337577465952,-5.397829455131535e-07,4.320162708354834e-06
15.259,ABORT,-3.1894619112786404e-05,0.00028541189587156466,0.0001163439722247743,-0.0010411146020737271,0.0001466823885911822,-0.0013126006763314701,0.00011698917158776967,-0.0010468882271719405,6.290882774984304e-05,-0.0005629453586402115,-3.9807079785860204e-07,3.5621726883198168e-06
15.262,ABORT,-3.1045670973718804e-05,0.0002805590215259737,0.00011324721165953053,-0.0010234124725678943,0.00014277810177752703,-0.0012902824539997677,0.00011387523756776347,-0.001029087928397323,6.123436560749075e-05,-0.0005533735673854282,-3.8747523432909755e-07,3.5016048679039117e-06
15.283,ABORT,-2.5503668754648517e-05,0.00024752709939925027,9.303130784311942e-05,-0.0009029198898895272,0.00011729060119956836,-0.00113836964324721,9.35472240475542e-05,-0.0009079271397422894,5.0303341105962726e-05,-0.00048822152741379466,-3.1830653733734896e-07,3.0893396030549974e-06
15.32,ABORT,-1.7361473292444758e-05,0.00019350506192613857,6.333051852334612e-05,-0.0007058603669313809,7.984489054383564e-05,-0.0008899239268993546,6.368172546108303e-05,-0.0007097747997154679,3.424370515213611e-05,-0.00038166866224008465,-2.1668531300171308e-07,2.4151006198953598e-06
15.36,ABORT,-1.068399181588988e-05,0.00014152442245375646,3.897265688240781e-05,-0.0005162473775548624,4.913535520526674e-05,-0.0006508665382112023,3.918878439562387e-05,-0.0005191102889096745,2.1073065599241242e-05,-0.0002791422428672366,-1.3334491098409868e-07,1.76633994478586e-06
15.362,ABORT,-1.0403360366575964e-05,0.00013911003700994325,3.7948980210519845e-05,-0.0005074402746381735,4.78447396580553e-05,-0.0006397628525824149,3.8159430802760935e-05,-0.0005102543451541951,2.0519549175557553e-05,-0.00027438011802512853,-1.298424021584717e-07,1.7362064499615988e-06
15.386,ABORT,-7.400545253982878e-06,0.00011156897873063873,2.6995426044524456e-05,-0.00040697705517919725,3.403488378063424e-05,-0.0005131023585833587,2.7145132396773353e-05,-0.00040923399493923837,1.4596807849981755e-05,-0.00022005823742155724,-9.236482628696317e-08,1.3924716336170458e-06
15.386,ABORT,-7.400545253982878e-06,0.00011156897873063873,2.6995426044524456e-05,-0.00040697705517919725,3.403488378063424e-05,-0.0005131023585833587,2.7145132396773353e-05,-0.00040923399493923837,1.4596807849981755e-05,-0.00022005823742155724,-9.236482628696317e-08,1.3924716336170458e-06
15.406,ABORT,-5.381106057703033e-06,9.069656892133971e-05,1.962899295025744e-05,-0.00033083947665756876,2.4747543998414334e-05,-0.0004171107771929242,1.9737847869901598e-05,-0.0003326741864023992,1.0613673513097319e-05,-0.0001788895741817152,-6.716058198333666e-08,1.1319669761813178e-06
15.419,ABORT,-4.28432484645986e-06,7.817905314510706e-05,1.5628196379326165e-05,-0.00028517856117075063,1.970348038197317e-05,-0.0003595431007521828,1.5714864404804685e-05,-0.0002867600528672154,8.450386343767866e-06,-0.00015420007276336226,-5.347186006157039e-08,9.75738194309613e-07
15.437,ABORT,-3.0229035534387605e-06,6.225493479641457e-05,1.1026832012501347e-05,-0.00022709117105918218,1.3902242009262988e-05,-0.00028630856211935,1.1087982623524117e-05,-0.00022835053221135351,5.962363691354791e-06,-0.0001227914011399908,-3.772829595837153e-08,7.769922405221408e-07
15.445,ABORT,-2.5512486190419625e-06,5.5714593144120174e-05,9.306347174820734e-06,-0.0002032335628261362,1.1733115231997437e-05,-0.0002562297286845177,9.357956632139591e-06,-0.00020436061876867616,5.032073258337197e-06,-0.0001098912556648449,-3.1841658611011007e-08,6.953634550962957e-07
15.445,ABORT,-2.5512486190419625e-06,5.5714593144120174e-05,9.306347174820734e-06,-0.0002032335628261362,1.1733115231997437e-05,-0.0002562297286845177,9.357956632139591e-06,-0.00020436061876867616,5.032073258337197e-06,-0.0001098912556648449,-3.1841658611011007e-08,6.953634550962957e-07
15.47,ABORT,-1.3934458013330556e-06,3.747028556403885e-05,5.082958320766495e-06,-0.00013668267514031063,6.408415093125952e-06,-0.00017232470995470807,5.1111464718853195e-06,-0.00013744066520414143,2.7484273000654563e-06,-7.390625145733647e-05,-1.7391337389790432e-08,4.6765965185917664e-07
15.493,ABORT,-6.954744553224618e-07,2.3717047914361382e-05,2.5369251291894324e-06,-8.65141406468753e-05,3.1984659841916008e-06,-0.00010907398599456271,2.5509939498256917e-06,-8.699391512395422e-05,1.3717512210940225e-06,-4.6779416825868316e-05,-8.680087081191384e-09,2.96008055551155e-07
15.495,ABORT,-6.490989309894044e-07,2.2662291117389653e-05,2.367758264523734e-06,-8.266663912767465e-05,2.985186350487612e-06,-0.00010422319138825337,2.380888950152815e-06,-8.31250768265618e-05,1.2802803099117716e-06,-4.4699018454468104e-05,-8.101282803667578e-09,2.8284383251301253e-07
15.526,ABORT,-1.6840158642561498e-07,9.291891102955347e-06,6.142888687409032e-07,-3.389460512367371e-05,7.744738023673925e-07,-4.273312613299763e-05,6.176954808687074e-07,-3.4082571695697845e-05,3.3215466081586154e-07,-1.8327291346513673e-05,-2.101788819985147e-09,1.1597036139195868e-07
15.533,ABORT,-1.113290884644999e-07,7.064017630461854e-06,4.0610199263796387e-07,-2.5767853445357407e-05,5.119991105043131e-07,-3.2487203418928846e-05,4.0835407963402126e-07,-2.5910752147462695e-05,2.195850787554965e-07,-1.39330420208225e-05,-1.3894776079091372e-09,8.816468772683655e-08
15.548,ABORT,-3.533661270972016e-08,3.299481620747949e-06,1.288995448746333e-07,-1.2035722912475901e-05,1.6251201303413287e-07,-1.5174216175228794e-05,1.296143726618737e-07,-1.2102468448216348e-05,6.969780307931883e-08,-6.507885239494652e-06,-4.4102967855692583e-10,4.118021527851993e-08
15.571,ABORT,-7.929791710423184e-10,2.6402855835171553e-07,2.892599101217419e-09,-9.631132809830182e-07,3.6468872227635174e-09,-1.2142593538541177e-06,2.908640356347192e-09,-9.684543404594968e-07,1.564069158910275e-09,-5.207689434901818e-07,-9.897025270177474e-12,3.2952912373356995e-09
15.592,ABORT,0.0,0.0,0.0,-0.0,0.0,-0.0,0.0,-0.0,0.0,-0.0,0.0,0.0
15.597,ABORT,0.0,0.0,0.0,-0.0,0.0,-0.0,0.0,-0.0,0.0,-0.0,0.0,0.0
15.619,ABORT,0.0,0.0,0.0,-0.0,0.0,-0.0,0.0,-0.0,0.0,-0.0,0.0,0.0
15.661,ABORT,0.0,0.0,0.0,-0.0,0.0,-0.0,0.0,-0.0,0.0,-0.0,0.0,0.0
15.697,ABORT,0.0,0.0,0.0,-0.0,0.0,-0.0,0.0,-0.0,0.0,-0.0,0.0,0.0
15.701,ABORT,0.0,0.0,0.0,-0.0,0.0,-0.0,0.0,-0.0,0.0,-0.0,0.0,0.0
15.704,ABORT,0.0,0.0,0.0,-0.0,0.0,-0.0,0.0,-0.0,0.0,-0.0,0.0,0.0
15.715,ABORT,0.0,0.0,0.0,-0.0,0.0,-0.0,0.0,-0.0,0.0,-0.0,0.0,0.0
15.717,ABORT,0.0,0.0,0.0,-0.0,0.0,-0.0,0.0,-0.0,0.0,-0.0,0.0,0.0
15.74,ABORT,0.0,0.0,0.0,-0.0,0.0,-0.0,0.0,-0.0,0.0,-0.0,0.0,0.0
15.761,ABORT,0.0,0.0,0.0,-0.0,0.0,-0.0,0.0,-0.0,0.0,-0.0,0.0,0.0
15.768,ABORT,0.0,0.0,0.0,-0.0,0.0,-0.0,0.0,-0.0,0.0,-0.0,0.0,0.0
15.785,ABORT,0.0,0.0,0.0,-0.0,0.0,-0.0,0.0,-0.0,0.0,-0.0,0.0,0.0
15.811,ABORT,0.0,0.0,0.0,-0.0,0.0,-0.0,0.0,-0.0,0.0,-0.0,0.0,0.0
15.826,ABORT,0.0,0.0,0.0,-0.0,0.0,-0.0,0.0,-0.0,0.0,-0.0,0.0,0.0
15.837,ABORT,0.0,0.0,0.0,-0.0,0.0,-0.0,0.0,-0.0,0.0,-0.0,0.0,0.0
15.869,ABORT,0.0,0.0,0.0,-0.0,0.0,-0.0,0.0,-0.0,0.0,-0.0,0.0,0.0
15.869,ABORT,0.0,0.0,0.0,-0.0,0.0,-0.0,0.0,-0.0,0.0,-0.0,0.0,0.0
15.885,ABORT,0.0,0.0,0.0,-0.0,0.0,-0.0,0.0,-0.0,0.0,-0.0,0.0,0.0
15.891,ABORT,0.0,0.0,0.0,-0.0,0.0,-0.0,0.0,-0.0,0.0,-0.0,0.0,0.0
15.931000000000001,ABORT,0.0,0.0,0.0,-0.0,0.0,-0.0,0.0,-0.0,0.0,-0.0,0.0,0.0
15.96,ABORT,0.0,0.0,0.0,-0.0,0.0,-0.0,0.0,-0.0,0.0,-0.0,0.0,0.0
15.96,ABORT,0.0,0.0,0.0,-0.0,0.0,-0.0,0.0,-0.0,0.0,-0.0,0.0,0.0
15.993,ABORT,0.0,0.0,0.0,-0.0,0.0,-0.0,0.0,-0.0,0.0,-0.0,0.0,0.0
16.031,ABORT,0.0,0.0,0.0,-0.0,0.0,-0.0,0.0,-0.0,0.0,-0.0,0.0,0.0
16.061,ABORT,0.0,0.0,0.0,-0.0,0.0,-0.0,0.0,-0.0,0.0,-0.0,0.0,0.0
16.074,ABORT,0.0,0.0,0.0,-0.0,0.0,-0.0,0.0,-0.0,0.0,-0.0,0.0,0.0
16.083,ABORT,0.0,0.0,0.0,-0.0,0.0,-0.0,0.0,-0.0,0.0,-0.0,0.0,0.0
16.106,ABORT,0.0,0.0,0.0,-0.0,0.0,-0.0,0.0,-0.0,0.0,-0.0,0.0,0.0
16.143,ABORT,0.0,0.0,0.0,-0.0,0.0,-0.0,0.0,-0.0,0.0,-0.0,0.0,0.0
16.183,ABORT,0.0,0.0,0.0,-0.0,0.0,-0.0,0.0,-0.0,0.0,-0.0,0.0,0.0
16.185,ABORT,0.0,0.0,0.0,-0.0,0.0,-0.0,0.0,-0.0,0.0,-0.0,0.0,0.0
16.204,ABORT,0.0,0.0,0.0,-0.0,0.0,-0.0,0.0,-0.0,0.0,-0.0,0.0,0.0
16.215,ABORT,0.0,0.0,0.0,-0.0,0.0,-0.0,0.0,-0.0,0.0,-0.0,0.0,0.0
16.23,ABORT,0.0,0.0,0.0,-0.0,0.0,-0.0,0.0,-0.0,0.0,-0.0,0.0,0.0
16.262,ABORT,0.0,0.0,0.0,-0.0,0.0,-0.0,0.0,-0.0,0.0,-0.0,0.0,0.0
16.262,ABORT,0.0,0.0,0.0,-0.0,0.0,-0.0,0.0,-0.0,0.0,-0.0,0.0,0.0
16.287,ABORT,0.0,0.0,0.0,-0.0,0.0,-0.0,0.0,-0.0,0.0,-0.0,0.0,0.0
16.323,ABORT,0.0,0.0,0.0,-0.0,0.0,-0.0,0.0,-0.0,0.0,-0.0,0.0,0.0
16.329,ABORT,0.0,0.0,0.0,-0.0,0.0,-0.0,0.0,-0.0,0.0,-0.0,0.0,0.0
16.345,ABORT,0.0,0.0,0.0,-0.0,0.0,-0.0,0.0,-0.0,0.0,-0.0,0.0,0.0
16.355,ABORT,0.0,0.0,0.0,-0.0,0.0,-0.0,0.0,-0.0,0.0,-0.0,0.0,0.0
16.367,ABORT,0.0,0.0,0.0,-0.0,0.0,-0.0,0.0,-0.0,0.0,-0.0,0.0,0.0
16.379,ABORT,0.0,0.0,0.0,-0.0,0.0,-0.0,0.0,-0.0,0.0,-0.0,0.0,0.0
16.419,ABORT,0.0,0.0,0.0,-0.0,0.0,-0.0,0.0,-0.0,0.0,-0.0,0.0,0.0
16.46,ABORT,0.0,0.0,0.0,-0.0,0.0,-0.0,0.0,-0.0,0.0,-0.0,0.0,0.0
16.461,ABORT,0.0,0.0,0.0,-0.0,0.0,-0.0,0.0,-0.0,0.0,-0.0,0.0,0.0
16.482,ABORT,0.0,0.0,0.0,-0.0,0.0,-0.0,0.0,-0.0,0.0,-0.0,0.0,0.0
16.52,ABORT,0.0,0.0,0.0,-0.0,0.0,-0.0,0.0,-0.0,0.0,-0.0,0.0,0.0
16.548000000000002,ABORT,0.0,0.0,0.0,-0.0,0.0,-0.0,0.0,-0.0,0.0,-0.0,0.0,0.0
16.548000000000002,ABORT,0.0,0.0,0.0,-0.0,0.0,-0.0,0.0,-0.0,0.0,-0.0,0.0,0.0
