t,target_x,target_y,target_z,gripper_x,gripper_y,gripper_z,pos_error,axis_error_deg,centerline_error,target_local_x,target_local_y,target_local_z,uav_cmd_vx,uav_cmd_vy,uav_cmd_vz,uav_ff_vx,uav_ff_vy,uav_ff_vz,uav_x,uav_y,uav_z,path_progress,path_progress_scale
3.1360,-0.259715,-0.048875,-0.209450,-0.263917,-0.126550,-0.228806,0.080160,9.214870,0.079593,-0.285346,0.105896,-0.079894,0.000000,0.078540,0.000000,-0.000000,0.078540,0.000000,0.026053,-0.057957,0.006812,0.000000,0.802710
3.2050,-0.259715,-0.048875,-0.209450,-0.263595,-0.126723,-0.227434,0.079993,9.400268,0.079330,-0.285768,0.105081,-0.081261,-0.000422,0.062230,-0.000479,-0.000000,0.063045,0.000000,0.026546,-0.057928,0.007614,0.000000,0.804465
3.2550,-0.259734,-0.044516,-0.209450,-0.262354,-0.124377,-0.228023,0.082035,8.839801,0.081189,-0.286532,0.109525,-0.082356,-0.001737,0.066810,-0.000862,-0.000551,0.063180,0.000000,0.027651,-0.058703,0.008545,0.055508,0.792072
3.3050,-0.259771,-0.041406,-0.209450,-0.261744,-0.123378,-0.226254,0.083700,8.631555,0.082619,-0.287421,0.113298,-0.082995,-0.003005,0.069604,-0.001085,-0.000929,0.062202,0.000000,0.028452,-0.059224,0.009250,0.095112,0.782541
3.3550,-0.259826,-0.038333,-0.209450,-0.260529,-0.120885,-0.224059,0.083838,8.781897,0.082412,-0.288532,0.116839,-0.084089,-0.004482,0.072391,-0.001468,-0.001296,0.061447,0.000000,0.029351,-0.059537,0.010583,0.134239,0.783921
3.4050,-0.259900,-0.035256,-0.209450,-0.259560,-0.119452,-0.222637,0.085223,9.205915,0.083469,-0.289251,0.120282,-0.085032,-0.005583,0.075932,-0.001798,-0.001677,0.061546,0.000000,0.030276,-0.060337,0.011356,0.173435,0.776870
3.4550,-0.259993,-0.032206,-0.209450,-0.257876,-0.119237,-0.220936,0.087811,9.760860,0.085490,-0.290698,0.124590,-0.086120,-0.007386,0.079676,-0.002179,-0.002034,0.060981,0.000000,0.031394,-0.061598,0.012167,0.212278,0.763403
3.5050,-0.260102,-0.029210,-0.209450,-0.256058,-0.119653,-0.220644,0.091222,10.120902,0.088336,-0.291994,0.128989,-0.086964,-0.009006,0.083004,-0.002474,-0.002358,0.059911,0.000000,0.032726,-0.063326,0.012954,0.250448,0.744429
3.5550,-0.260225,-0.026290,-0.209450,-0.254677,-0.121845,-0.220271,0.096326,10.163820,0.092880,-0.293347,0.133584,-0.087851,-0.010642,0.086096,-0.002785,-0.002641,0.058408,0.000000,0.033122,-0.063874,0.013402,0.287670,0.714135
3.6060,-0.260360,-0.023488,-0.209450,-0.253944,-0.124988,-0.219926,0.102241,10.485955,0.098356,-0.294309,0.137856,-0.088179,-0.011811,0.087976,-0.002900,-0.002848,0.056016,0.000000,0.035700,-0.068843,0.014279,0.323377,0.677629
3.6560,-0.260505,-0.020778,-0.209450,-0.252255,-0.129672,-0.219312,0.109651,10.728993,0.104990,-0.296205,0.144065,-0.088728,-0.013850,0.091306,-0.003092,-0.002991,0.053137,0.000000,0.036627,-0.070797,0.014711,0.357936,0.633399
3.7050,-0.260651,-0.018295,-0.209450,-0.250752,-0.135035,-0.218425,0.117502,11.119039,0.112053,-0.297975,0.149956,-0.089467,-0.015672,0.093714,-0.003351,-0.003043,0.049654,0.000000,0.038703,-0.075417,0.015788,0.389606,0.586311
3.7550,-0.260794,-0.016043,-0.209450,-0.248885,-0.140936,-0.217242,0.125701,11.359830,0.119300,-0.300036,0.156833,-0.090654,-0.017714,0.096887,-0.003766,-0.003024,0.045949,0.000000,0.040521,-0.080062,0.017369,0.418335,0.538002
3.8050,-0.260937,-0.013935,-0.209450,-0.247742,-0.146112,-0.215974,0.132994,11.711367,0.125856,-0.301458,0.162126,-0.091819,-0.019065,0.098382,-0.004174,-0.002953,0.042151,0.000000,0.041193,-0.081606,0.017774,0.445235,0.494295
3.8550,-0.261077,-0.011999,-0.209450,-0.245216,-0.153438,-0.214244,0.142406,11.948687,0.133977,-0.304218,0.170138,-0.093400,-0.021735,0.102958,-0.004727,-0.002863,0.038716,0.000000,0.044494,-0.089254,0.019721,0.469950,0.440155
3.9060,-0.261207,-0.010276,-0.209450,-0.242960,-0.160790,-0.212969,0.151658,12.287941,0.142055,-0.306683,0.177216,-0.094710,-0.024006,0.105787,-0.005186,-0.002669,0.034467,0.000000,0.047343,-0.096081,0.021292,0.491958,0.386302
3.9560,-0.261329,-0.008733,-0.209450,-0.240516,-0.168553,-0.211553,0.161183,12.501172,0.150304,-0.309290,0.185240,-0.096156,-0.026381,0.109587,-0.005692,-0.002436,0.030242,0.000000,0.048460,-0.099424,0.022087,0.511659,0.331309
4.0050,-0.261435,-0.007436,-0.209450,-0.239146,-0.173873,-0.210458,0.167925,12.816630,0.156238,-0.310767,0.190451,-0.097146,-0.027578,0.110487,-0.006038,-0.002157,0.025931,0.000000,0.051105,-0.106789,0.023638,0.528224,0.291747
4.0560,-0.261529,-0.006318,-0.209450,-0.236540,-0.181785,-0.209055,0.177238,12.976612,0.164206,-0.313449,0.198661,-0.098540,-0.030054,0.115596,-0.006526,-0.001950,0.022831,0.000000,0.054261,-0.115047,0.025441,0.542520,0.238628
4.1050,-0.261612,-0.005365,-0.209450,-0.234179,-0.189283,-0.207581,0.185961,13.282741,0.171664,-0.315872,0.205682,-0.099891,-0.032157,0.118457,-0.006999,-0.001631,0.018671,0.000000,0.055854,-0.119013,0.026236,0.554690,0.188907
4.1550,-0.261675,-0.004641,-0.209450,-0.231915,-0.197332,-0.205460,0.195017,13.570959,0.179396,-0.318173,0.213191,-0.101866,-0.034140,0.122074,-0.007690,-0.001313,0.014779,0.000000,0.057657,-0.125743,0.028569,0.563946,0.137363
4.2050,-0.261723,-0.004104,-0.209450,-0.230798,-0.202315,-0.203914,0.200685,13.888007,0.184313,-0.319380,0.217640,-0.103019,-0.035001,0.122489,-0.008094,-0.000966,0.010745,0.000000,0.058267,-0.127604,0.029109,0.570815,0.104582
4.2550,-0.261760,-0.003695,-0.209450,-0.228268,-0.210603,-0.202240,0.209726,14.072859,0.191981,-0.321901,0.225260,-0.104757,-0.037298,0.127545,-0.008702,-0.000742,0.008180,0.000000,0.062469,-0.139297,0.031503,0.576044,0.053461
4.3050,-0.261779,-0.003486,-0.209450,-0.225886,-0.218471,-0.200946,0.218127,14.388014,0.199126,-0.324248,0.231811,-0.105953,-0.039284,0.130097,-0.009120,-0.000381,0.004182,0.000000,0.064438,-0.144979,0.032931,0.578717,0.005826
4.3560,-0.261781,-0.003463,-0.209450,-0.223471,-0.226826,-0.198947,0.226868,14.705406,0.206497,-0.326590,0.238722,-0.107845,-0.041285,0.133282,-0.009783,-0.000042,0.000456,0.000000,0.066278,-0.150122,0.034977,0.579008,0.000000
4.4050,-0.261781,-0.003463,-0.209450,-0.221957,-0.231849,-0.197258,0.232153,14.952149,0.210863,-0.328059,0.242659,-0.109426,-0.042713,0.136764,-0.010336,-0.000000,0.000000,0.000000,0.068375,-0.155297,0.036515,0.579008,0.000000
4.4550,-0.261781,-0.003463,-0.209450,-0.218787,-0.240325,-0.195047,0.241163,15.174994,0.218149,-0.331147,0.250211,-0.111572,-0.045802,0.144315,-0.011087,-0.000000,0.000000,0.000000,0.071010,-0.161529,0.038101,0.579008,0.000000
4.5050,-0.261781,-0.003463,-0.209450,-0.215785,-0.248161,-0.193488,0.249495,15.465258,0.224909,-0.333991,0.256814,-0.113158,-0.048646,0.150918,-0.011642,-0.000000,0.000000,0.000000,0.075009,-0.170613,0.040376,0.579008,0.000000
4.5550,-0.261781,-0.003463,-0.209450,-0.212276,-0.256585,-0.190760,0.258594,15.637158,0.232033,-0.337402,0.264599,-0.115847,-0.052056,0.158704,-0.012583,-0.000000,0.000000,0.000000,0.075620,-0.172062,0.041397,0.579008,0.000000
4.6050,-0.261781,-0.003463,-0.209450,-0.210554,-0.261259,-0.188756,0.263650,15.987091,0.236013,-0.338995,0.268173,-0.117558,-0.053650,0.162277,-0.013182,-0.000000,0.000000,0.000000,0.079378,-0.180444,0.044837,0.579008,0.000000
4.6550,-0.261781,-0.003463,-0.209450,-0.207259,-0.269125,-0.186116,0.272201,16.216979,0.242670,-0.342189,0.275243,-0.120055,-0.056843,0.169347,-0.014056,-0.000000,0.000000,0.000000,0.082115,-0.186463,0.046991,0.579008,0.000000
4.7050,-0.261781,-0.003463,-0.209450,-0.203315,-0.278234,-0.183055,0.282160,16.539784,0.250358,-0.345941,0.283219,-0.122998,-0.060595,0.177323,-0.015086,-0.000000,0.000000,0.000000,0.087239,-0.196650,0.051412,0.579008,0.000000
4.7720,-0.261781,-0.003463,-0.209450,-0.199377,-0.286664,-0.179321,0.291556,16.925330,0.257367,-0.349020,0.289187,-0.125862,-0.063675,0.183292,-0.016089,-0.000000,0.000000,0.000000,0.089680,-0.201609,0.054006,0.579008,0.000000
4.8110,-0.261781,-0.003463,-0.209450,-0.197499,-0.290889,-0.177277,0.296279,17.058860,0.260902,-0.351461,0.294146,-0.128456,-0.066115,0.188251,-0.016997,-0.000000,0.000000,0.000000,0.090980,-0.204674,0.054886,0.579008,0.000000
4.8550,-0.261781,-0.003463,-0.209450,-0.195066,-0.296947,-0.175940,0.302831,17.206136,0.266105,-0.353711,0.299544,-0.129946,-0.068366,0.193649,-0.017518,-0.000000,0.000000,0.000000,0.091930,-0.207007,0.055496,0.579008,0.000000
4.9050,-0.261781,-0.003463,-0.209450,-0.191989,-0.304702,-0.174312,0.311209,17.529791,0.272781,-0.356590,0.306193,-0.131397,-0.071245,0.200298,-0.018026,-0.000000,0.000000,0.000000,0.097673,-0.220675,0.059070,0.579008,0.000000
4.9550,-0.261781,-0.003463,-0.209450,-0.188913,-0.312636,-0.172081,0.319835,17.804039,0.279607,-0.359455,0.313212,-0.133520,-0.074109,0.207316,-0.018769,-0.000000,0.000000,0.000000,0.098900,-0.223133,0.059472,0.579008,0.000000
5.0050,-0.261781,-0.003463,-0.209450,-0.187543,-0.315825,-0.171568,0.323290,18.019201,0.282332,-0.360681,0.315670,-0.133922,-0.075336,0.209774,-0.018910,-0.000000,0.000000,0.000000,0.100962,-0.227319,0.060157,0.579008,0.000000
5.0550,-0.261781,-0.003463,-0.209450,-0.184386,-0.322818,-0.170310,0.330922,18.250946,0.288264,-0.363706,0.322009,-0.134964,-0.078361,0.216113,-0.019274,-0.000000,0.000000,0.000000,0.103461,-0.233200,0.061151,0.579008,0.000000
5.1050,-0.261781,-0.003463,-0.209450,-0.181493,-0.330370,-0.169274,0.339011,18.507996,0.294812,-0.366326,0.328549,-0.136091,-0.080980,0.222653,-0.019669,-0.000000,0.000000,0.000000,0.106993,-0.242464,0.062536,0.579008,0.000000
5.1550,-0.261781,-0.003463,-0.209450,-0.178976,-0.338287,-0.167838,0.347412,18.719695,0.301791,-0.368706,0.335843,-0.137341,-0.083360,0.229947,-0.020106,-0.000000,0.000000,0.000000,0.107838,-0.246204,0.063389,0.579008,0.000000
5.2050,-0.261781,-0.003463,-0.209450,-0.098368,-0.147869,0.028032,0.322420,60.507840,0.192131,-0.369619,0.338741,-0.137839,-0.084273,0.232846,-0.020281,-0.000000,0.000000,0.000000,-0.212196,-0.598204,0.370960,0.579008,0.000000
5.2560,-0.261781,-0.003463,-0.209450,0.039953,-0.560820,0.306096,0.816993,138.835887,0.581360,-0.049585,0.690741,-0.445410,0.112164,0.278243,-0.080000,-0.000000,0.000000,0.000000,-0.212196,-0.598204,0.370960,0.579008,0.000000
5.3050,-0.261781,-0.003463,-0.209450,-0.229625,-0.823028,0.517163,1.095759,130.850742,0.996211,0.204253,0.998814,-0.692233,0.144235,0.263052,-0.080000,-0.000000,0.000000,0.000000,-0.722854,-1.224381,0.855759,0.579008,0.000000
5.3560,-0.261781,-0.003463,-0.209450,-0.654973,-1.311987,0.857180,1.733360,126.441078,1.708668,0.623632,1.504196,-1.063862,0.163507,0.251526,-0.080000,-0.000000,0.000000,0.000000,-0.995988,-1.534846,1.073405,0.579008,0.000000
5.4050,-0.261781,-0.003463,-0.209450,-0.936993,-1.606034,1.005657,2.121469,119.855809,2.116079,0.898092,1.807691,-1.265333,0.171278,0.246300,-0.080000,-0.000000,0.000000,0.000000,-1.417238,-2.008007,1.370119,0.579008,0.000000
5.4550,-0.261781,-0.003463,-0.209450,-1.342086,-2.080342,1.252388,2.759974,115.802384,2.759838,1.298944,2.278176,-1.547525,0.176776,0.242384,-0.080000,-0.000000,0.000000,0.000000,-1.560725,-2.185639,1.473076,0.579008,0.000000
5.5050,-0.261781,-0.003463,-0.209450,-1.535775,-2.343235,1.339888,3.081889,109.951108,3.079814,1.485033,2.524659,-1.684012,0.177189,0.242083,-0.080000,-0.000000,0.000000,0.000000,-2.136139,-2.942835,1.850236,0.579008,0.000000
5.5550,-0.261781,-0.003463,-0.209450,-1.928941,-2.872391,1.552557,3.756972,106.792419,3.746715,1.874358,3.035372,-1.924686,0.178021,0.241472,-0.080000,-0.000000,0.000000,0.000000,-2.396846,-3.249793,1.959157,0.579008,0.000000
5.6050,-0.261781,-0.003463,-0.209450,-2.195472,-3.211310,1.628642,4.172292,102.683775,4.151637,2.135064,3.342330,-2.033606,0.179671,0.240246,-0.080000,-0.000000,0.000000,0.000000,-2.650955,-3.539619,2.039349,0.579008,0.000000
5.6550,-0.261781,-0.003463,-0.209450,-2.543249,-3.646340,1.719052,4.711132,102.215764,4.672996,2.484621,3.745851,-2.140544,0.181675,0.238735,-0.080000,-0.000000,0.000000,0.000000,-2.972936,-3.939461,2.128385,0.579008,0.000000
5.7050,-0.261781,-0.003463,-0.209450,-2.759584,-3.946756,1.784743,5.075962,104.712934,5.027170,2.711155,4.031998,-2.202834,0.182012,0.238478,-0.080000,-0.000000,0.000000,0.000000,-3.286710,-4.347448,2.207499,0.579008,0.000000
5.7560,-0.261781,-0.003463,-0.209450,-3.061915,-4.374987,1.868024,5.591678,108.107457,5.527032,3.024929,4.439985,-2.281948,0.182095,0.238414,-0.080000,-0.000000,0.000000,0.000000,-3.345759,-4.442674,2.219876,0.579008,0.000000
5.8050,-0.261781,-0.003463,-0.209450,-3.186342,-4.648426,1.899406,5.880136,112.727882,5.813233,3.162947,4.684438,-2.305713,0.180482,0.239638,-0.080000,-0.000000,0.000000,0.000000,-3.473211,-4.697680,2.233823,0.579008,0.000000
5.8550,-0.261781,-0.003463,-0.209450,-3.354988,-5.064109,1.888811,6.291324,114.119446,6.220807,3.334305,5.080627,-2.294893,0.176505,0.242582,-0.080000,-0.000000,0.000000,0.000000,-3.739254,-5.307308,2.185072,0.579008,0.000000
5.9060,-0.261781,-0.003463,-0.209450,-3.513279,-5.399788,1.835422,6.623749,109.928891,6.545107,3.477473,5.399845,-2.259522,0.173803,0.244525,-0.080000,-0.000000,0.000000,0.000000,-3.893645,-5.630456,2.133301,0.579008,0.000000
5.9550,-0.261781,-0.003463,-0.209450,-3.681739,-5.908218,1.967781,7.162582,107.882790,7.091672,3.637531,5.906260,-2.400487,0.168066,0.248503,-0.080000,-0.000000,0.000000,0.000000,nan,nan,nan,0.579008,0.000000
