stamp,object,position_error_m,rotation_error_deg,axis_error_deg,reprojection_rmse_px,visible_tag_count,inlier_corner_count,precision_valid,degraded_pose_valid,false_valid
0.000000,socket,0.000041493,0.021099,0.021082,0.105265,4,16,1,0,0
0.000000,bulb,0.000378957,0.065501,0.064221,0.117617,4,16,1,0,0
0.033333,socket,0.000055028,0.015006,0.012962,0.091426,4,16,1,0,0
0.033333,bulb,0.000093190,0.030087,0.026707,0.091967,4,16,1,0,0
0.066667,socket,0.000093806,0.041939,0.040069,0.093149,4,16,1,0,0
0.066667,bulb,0.000133111,0.041380,0.041281,0.097381,4,16,1,0,0
0.100000,socket,0.000034611,0.040910,0.039380,0.092801,4,16,1,0,0
0.100000,bulb,0.000066400,0.055975,0.055783,0.080164,4,16,1,0,0
0.133333,socket,0.000125641,0.023093,0.022042,0.100258,4,16,1,0,0
0.133333,bulb,0.000114381,0.071766,0.071698,0.114415,4,16,1,0,0
0.166667,socket,0.000052108,0.019384,0.016737,0.114509,4,16,1,0,0
0.166667,bulb,0.000137412,0.064103,0.064103,0.105683,4,16,1,0,0
0.200000,socket,0.000036760,0.020644,0.020549,0.116686,4,16,1,0,0
0.200000,bulb,0.000078405,0.074572,0.074294,0.091795,4,16,1,0,0
0.233333,socket,0.000059212,0.018412,0.013757,0.102496,4,16,1,0,0
0.233333,bulb,0.000050314,0.021867,0.019775,0.101347,4,16,1,0,0
0.266667,socket,0.000030018,0.015974,0.015965,0.108017,4,16,1,0,0
0.266667,bulb,0.000490916,0.027122,0.024392,0.092319,4,16,1,0,0
0.300000,socket,0.000164671,0.053520,0.053518,0.090678,4,16,1,0,0
0.300000,bulb,0.000034303,0.026770,0.023942,0.088079,4,16,1,0,0
0.333333,socket,0.000028557,0.023660,0.023567,0.102737,4,16,1,0,0
0.333333,bulb,0.000051764,0.031983,0.030521,0.088628,4,16,1,0,0
0.366667,socket,0.000254246,0.031041,0.030519,0.101478,4,16,1,0,0
0.366667,bulb,0.000052939,0.028522,0.027691,0.116059,4,16,1,0,0
0.400000,socket,0.000021857,0.008753,0.008719,0.078388,4,16,1,0,0
0.400000,bulb,0.000138793,0.024816,0.024775,0.077223,4,16,1,0,0
0.433333,socket,0.000078805,0.017432,0.013208,0.103383,4,16,1,0,0
0.433333,bulb,0.000144289,0.033202,0.030689,0.088954,4,16,1,0,0
0.466667,socket,0.000009992,0.035570,0.035570,0.101462,4,16,1,0,0
0.466667,bulb,0.000069150,0.050214,0.050200,0.092645,4,16,1,0,0
0.500000,socket,0.000038624,0.026489,0.026397,0.095061,4,16,1,0,0
0.500000,bulb,0.000120132,0.034790,0.033241,0.100409,4,16,1,0,0
0.533333,socket,0.000089404,0.026111,0.026073,0.106657,4,16,1,0,0
0.533333,bulb,0.000181210,0.039699,0.024628,0.102915,4,16,1,0,0
0.566667,socket,0.000064826,0.029544,0.028888,0.107842,4,16,1,0,0
0.566667,bulb,0.000081896,0.042001,0.041545,0.090964,4,16,1,0,0
0.600000,socket,0.000085307,0.022125,0.015536,0.104881,4,16,1,0,0
0.600000,bulb,0.000049273,0.040206,0.040078,0.096161,4,16,1,0,0
0.633333,socket,0.000093134,0.044153,0.043576,0.075296,4,16,1,0,0
0.633333,bulb,0.000283245,0.009942,0.008892,0.102209,4,16,1,0,0
0.666667,socket,0.000012677,0.038046,0.038040,0.113788,4,16,1,0,0
0.666667,bulb,0.000187277,0.074826,0.074738,0.108850,4,16,1,0,0
0.700000,socket,0.000029959,0.014985,0.014915,0.092069,4,16,1,0,0
0.700000,bulb,0.000150975,0.056721,0.053095,0.108799,4,16,1,0,0
0.733333,socket,0.000138812,0.025567,0.023003,0.130926,4,16,1,0,0
0.733333,bulb,0.000229823,0.064328,0.064067,0.112519,4,16,1,0,0
0.766667,socket,0.000066788,0.033392,0.033241,0.095454,4,16,1,0,0
0.766667,bulb,0.000029804,0.039555,0.038908,0.107574,4,16,1,0,0
0.800000,socket,0.000046143,0.026920,0.026916,0.110842,4,16,1,0,0
0.800000,bulb,0.000137921,0.103245,0.103192,0.125935,4,16,1,0,0
0.833333,socket,0.000081341,0.018100,0.017941,0.116733,4,16,1,0,0
0.833333,bulb,0.000136048,0.040536,0.039739,0.108638,4,16,1,0,0
0.866667,socket,0.000018892,0.016213,0.016210,0.090887,4,16,1,0,0
0.866667,bulb,0.000081820,0.045211,0.039227,0.103834,4,16,1,0,0
0.900000,socket,0.000052904,0.023514,0.017887,0.093820,4,16,1,0,0
0.900000,bulb,0.000218291,0.055101,0.055075,0.082431,4,16,1,0,0
0.933333,socket,0.000023699,0.019709,0.019664,0.090269,4,16,1,0,0
0.933333,bulb,0.000120910,0.054382,0.049377,0.118459,4,16,1,0,0
0.966667,socket,0.000043170,0.013168,0.012974,0.129008,4,16,1,0,0
0.966667,bulb,0.000248671,0.060020,0.049105,0.075144,4,16,1,0,0
1.000000,socket,0.000077835,0.020459,0.020191,0.110624,4,16,1,0,0
1.000000,bulb,0.000039272,0.037955,0.036801,0.104980,4,16,1,0,0
1.033333,socket,0.000084031,0.012566,0.007058,0.106451,4,16,1,0,0
1.033333,bulb,0.000167912,0.034177,0.028761,0.107011,4,16,1,0,0
1.066667,socket,0.000177883,0.030973,0.030643,0.103667,4,16,1,0,0
1.066667,bulb,0.000328097,0.032891,0.032254,0.110106,4,16,1,0,0
1.100000,socket,0.000011581,0.015556,0.015059,0.103232,4,16,1,0,0
1.100000,bulb,0.000379641,0.071888,0.071723,0.112296,4,16,1,0,0
1.133333,socket,0.000021507,0.037197,0.036829,0.104068,4,16,1,0,0
1.133333,bulb,0.000083012,0.045328,0.031684,0.103387,4,16,1,0,0
1.166667,socket,0.000017939,0.023132,0.023080,0.110157,4,16,1,0,0
1.166667,bulb,0.000126058,0.111959,0.111277,0.106463,4,16,1,0,0
1.200000,socket,0.000012272,0.022042,0.020767,0.102580,4,16,1,0,0
1.200000,bulb,0.000241746,0.078983,0.078777,0.097040,4,16,1,0,0
1.233333,socket,0.000034300,0.018019,0.018009,0.090330,4,16,1,0,0
1.233333,bulb,0.000179344,0.070745,0.070597,0.111294,4,16,1,0,0
1.266667,socket,0.000043745,0.035865,0.032929,0.096747,4,16,1,0,0
1.266667,bulb,0.000163674,0.027475,0.017083,0.105457,4,16,1,0,0
1.300000,socket,0.000088044,0.020515,0.018920,0.089254,4,16,1,0,0
1.300000,bulb,0.000121191,0.076624,0.073030,0.089048,4,16,1,0,0
1.333333,socket,0.000094137,0.018147,0.018032,0.106449,4,16,1,0,0
1.333333,bulb,0.000070946,0.059520,0.058563,0.092322,4,16,1,0,0
1.366667,socket,0.000160375,0.019529,0.018150,0.094397,4,16,1,0,0
1.366667,bulb,0.000115355,0.051637,0.041459,0.107948,4,16,1,0,0
1.400000,socket,0.000020757,0.046497,0.045269,0.119314,4,16,1,0,0
1.400000,bulb,0.000137104,0.063127,0.060200,0.104179,4,16,1,0,0
1.433333,socket,0.000103298,0.027607,0.027577,0.093246,4,16,1,0,0
1.433333,bulb,0.000283502,0.058713,0.058415,0.090011,4,16,1,0,0
1.466667,socket,0.000165503,0.019254,0.019245,0.093827,4,16,1,0,0
1.466667,bulb,0.000151239,0.047997,0.039737,0.084041,4,16,1,0,0
1.500000,socket,0.000074923,0.027822,0.027593,0.110186,4,16,1,0,0
1.500000,bulb,0.000082568,0.042389,0.037795,0.118967,4,16,1,0,0
1.533333,socket,0.000077789,0.034276,0.034251,0.107192,4,16,1,0,0
1.533333,bulb,0.000278298,0.035451,0.035271,0.090531,4,16,1,0,0
1.566667,socket,0.000016591,0.051042,0.050913,0.074506,4,16,1,0,0
1.566667,bulb,0.000116583,0.036995,0.034219,0.098759,4,16,1,0,0
1.600000,socket,0.000023977,0.031455,0.029027,0.080149,4,16,1,0,0
1.600000,bulb,0.000045548,0.012529,0.007248,0.114654,4,16,1,0,0
1.633333,socket,0.000035569,0.031613,0.031239,0.101129,4,16,1,0,0
1.633333,bulb,0.000082633,0.091395,0.091256,0.072219,4,16,1,0,0
1.666667,socket,0.000132266,0.013011,0.012787,0.105449,4,16,1,0,0
1.666667,bulb,0.000180803,0.106917,0.106562,0.092772,4,16,1,0,0
1.700000,socket,0.000190956,0.009360,0.009348,0.095243,4,16,1,0,0
1.700000,bulb,0.000078359,0.046195,0.039755,0.113859,4,16,1,0,0
1.733333,socket,0.000142175,0.016675,0.016635,0.114348,4,16,1,0,0
1.733333,bulb,0.000195944,0.093691,0.093354,0.124769,4,16,1,0,0
1.766667,socket,0.000071684,0.017361,0.017336,0.100252,4,16,1,0,0
1.766667,bulb,0.000398615,0.106119,0.105491,0.107302,4,16,1,0,0
1.800000,socket,0.000034067,0.011364,0.009136,0.082717,4,16,1,0,0
1.800000,bulb,0.000112975,0.088479,0.088363,0.108210,4,16,1,0,0
1.833333,socket,0.000030472,0.020135,0.018702,0.096008,4,16,1,0,0
1.833333,bulb,0.000306088,0.036679,0.031734,0.105118,4,16,1,0,0
1.866667,socket,0.000068255,0.013096,0.008404,0.089773,4,16,1,0,0
1.866667,bulb,0.000048244,0.046758,0.039573,0.100023,4,16,1,0,0
1.900000,socket,0.000026774,0.053123,0.053035,0.118539,4,16,1,0,0
1.900000,bulb,0.000051412,0.033958,0.030432,0.088055,4,16,1,0,0
1.933333,socket,0.000141410,0.025723,0.024733,0.101205,4,16,1,0,0
1.933333,bulb,0.000288950,0.041781,0.033905,0.091334,4,16,1,0,0
1.966667,socket,0.000060494,0.020027,0.019348,0.084527,4,16,1,0,0
1.966667,bulb,0.000205194,0.048523,0.041988,0.095363,4,16,1,0,0
2.000000,socket,0.000044225,0.028787,0.028732,0.104637,4,16,1,0,0
2.000000,bulb,0.000039352,0.028711,0.024824,0.096327,4,16,1,0,0
2.033333,socket,0.000063844,0.030373,0.030294,0.082278,4,16,1,0,0
2.033333,bulb,0.000073032,0.055416,0.054858,0.128977,4,16,1,0,0
2.066667,socket,0.000065048,0.020658,0.017533,0.091848,4,16,1,0,0
2.066667,bulb,0.000418531,0.077527,0.077321,0.095869,4,16,1,0,0
2.100000,socket,0.000032932,0.012312,0.010629,0.096358,4,16,1,0,0
2.100000,bulb,0.000169676,0.062204,0.062045,0.096326,4,16,1,0,0
2.133333,socket,0.000082308,0.041181,0.041181,0.117371,4,16,1,0,0
2.133333,bulb,0.000111270,0.035024,0.034195,0.109419,4,16,1,0,0
2.166667,socket,0.000037666,0.030036,0.030023,0.104012,4,16,1,0,0
2.166667,bulb,0.000318389,0.080956,0.080945,0.102020,4,16,1,0,0
2.200000,socket,0.000062068,0.027751,0.027577,0.085581,4,16,1,0,0
2.200000,bulb,0.000211823,0.137099,0.137075,0.096344,4,16,1,0,0
2.233333,socket,0.000075839,0.021848,0.019723,0.091743,4,16,1,0,0
2.233333,bulb,0.000243294,0.006822,0.005397,0.109537,4,16,1,0,0
2.266667,socket,0.000120118,0.052905,0.052321,0.082920,4,16,1,0,0
2.266667,bulb,0.000082559,0.038459,0.038002,0.113154,4,16,1,0,0
2.300000,socket,0.000103197,0.013304,0.003779,0.129758,4,16,1,0,0
2.300000,bulb,0.000307441,0.059205,0.059103,0.096152,4,16,1,0,0
2.333333,socket,0.000008034,0.053499,0.053469,0.099145,4,16,1,0,0
2.333333,bulb,0.000126417,0.069166,0.065611,0.109083,4,16,1,0,0
2.366667,socket,0.000051238,0.014437,0.014073,0.083462,4,16,1,0,0
2.366667,bulb,0.000064101,0.048485,0.048420,0.106830,4,16,1,0,0
2.400000,socket,0.000131258,0.008455,0.008433,0.076007,4,16,1,0,0
2.400000,bulb,0.000189533,0.044440,0.041183,0.116499,4,16,1,0,0
2.433333,socket,0.000064714,0.035456,0.034472,0.099577,4,16,1,0,0
2.433333,bulb,0.000062580,0.073258,0.072136,0.098490,4,16,1,0,0
2.466667,socket,0.000072347,0.026841,0.026745,0.112514,4,16,1,0,0
2.466667,bulb,0.000409877,0.075196,0.075097,0.129820,4,16,1,0,0
2.500000,socket,0.000014530,0.029461,0.029457,0.112557,4,16,1,0,0
2.500000,bulb,0.000211887,0.040524,0.040228,0.091950,4,16,1,0,0
2.533333,socket,0.000039719,0.012666,0.012163,0.113664,4,16,1,0,0
2.533333,bulb,0.000345487,0.045450,0.042244,0.109384,4,16,1,0,0
2.566667,socket,0.000096437,0.038438,0.038323,0.112112,4,16,1,0,0
2.566667,bulb,0.000381725,0.044946,0.044451,0.078796,4,16,1,0,0
2.600000,socket,0.000021248,0.014640,0.014640,0.097732,4,16,1,0,0
2.600000,bulb,0.000231579,0.083115,0.080843,0.099112,4,16,1,0,0
2.633333,socket,0.000051425,0.023444,0.023411,0.095726,4,16,1,0,0
2.633333,bulb,0.000130181,0.079758,0.079754,0.123014,4,16,1,0,0
2.666667,socket,0.000100707,0.009352,0.009351,0.096541,4,16,1,0,0
2.666667,bulb,0.000365100,0.068306,0.066076,0.086246,4,16,1,0,0
2.700000,socket,0.000101008,0.029666,0.029333,0.086442,4,16,1,0,0
2.700000,bulb,0.000338943,0.019403,0.018195,0.091968,4,16,1,0,0
2.733333,socket,0.000070570,0.023133,0.022564,0.091940,4,16,1,0,0
2.733333,bulb,0.000201806,0.071403,0.071354,0.076728,4,16,1,0,0
2.766667,socket,0.000090193,0.040642,0.040587,0.093287,4,16,1,0,0
2.766667,bulb,0.000153591,0.056612,0.052412,0.096927,4,16,1,0,0
2.800000,socket,0.000027363,0.005557,0.004337,0.100720,4,16,1,0,0
2.800000,bulb,0.000159756,0.057850,0.057837,0.103790,4,16,1,0,0
2.833333,socket,0.000043662,0.035198,0.034483,0.087132,4,16,1,0,0
2.833333,bulb,0.000129077,0.042825,0.039770,0.092394,4,16,1,0,0
2.866667,socket,0.000071831,0.023626,0.021693,0.072678,4,16,1,0,0
2.866667,bulb,0.000318935,0.019426,0.019035,0.103498,4,16,1,0,0
2.900000,socket,0.000072290,0.024782,0.024458,0.096403,4,16,1,0,0
2.900000,bulb,0.000141640,0.057529,0.057526,0.116134,4,16,1,0,0
2.933333,socket,0.000071079,0.020548,0.020545,0.098629,4,16,1,0,0
2.933333,bulb,0.000407847,0.036977,0.036944,0.095835,4,16,1,0,0
2.966667,socket,0.000017131,0.011222,0.006937,0.107950,4,16,1,0,0
2.966667,bulb,0.000035500,0.050083,0.044175,0.114344,4,16,1,0,0
3.000000,socket,0.000151409,0.058594,0.058570,0.129426,4,16,1,0,0
3.000000,bulb,0.000028030,0.019391,0.015983,0.111472,4,16,1,0,0
3.033333,socket,0.000076633,0.041054,0.040098,0.122115,4,16,1,0,0
3.033333,bulb,0.000149584,0.082348,0.082061,0.104140,4,16,1,0,0
3.066667,socket,0.000110145,0.029543,0.029488,0.112346,4,16,1,0,0
3.066667,bulb,0.000327649,0.099917,0.099195,0.102380,4,16,1,0,0
3.100000,socket,0.000092317,0.014707,0.013743,0.076697,4,16,1,0,0
3.100000,bulb,0.000166135,0.021245,0.017599,0.101794,4,16,1,0,0
3.133333,socket,0.000186695,0.012747,0.006185,0.101077,4,16,1,0,0
3.133333,bulb,0.000140961,0.058940,0.058875,0.073475,4,16,1,0,0
3.166667,socket,0.000052369,0.020725,0.020042,0.085414,4,16,1,0,0
3.166667,bulb,0.000246585,0.041559,0.034236,0.111796,4,16,1,0,0
3.200000,socket,0.000023047,0.039460,0.039266,0.096376,4,16,1,0,0
3.200000,bulb,0.000127371,0.116901,0.116901,0.090279,4,16,1,0,0
3.233333,socket,0.000016337,0.039666,0.039298,0.087367,4,16,1,0,0
3.233333,bulb,0.000627862,0.068663,0.064722,0.080431,4,16,1,0,0
3.266667,socket,0.000046636,0.060832,0.060811,0.129643,4,16,1,0,0
3.266667,bulb,0.000133689,0.095386,0.090201,0.096710,4,16,1,0,0
3.300000,socket,0.000161815,0.026748,0.026044,0.082999,4,16,1,0,0
3.300000,bulb,0.000161086,0.065422,0.054411,0.105406,4,16,1,0,0
3.333333,socket,0.000021422,0.022271,0.021495,0.108278,4,16,1,0,0
3.333333,bulb,0.000284637,0.035376,0.034231,0.088877,4,16,1,0,0
3.366667,socket,0.000075463,0.021765,0.020681,0.058750,4,16,1,0,0
3.366667,bulb,0.000113927,0.055681,0.055651,0.101166,4,16,1,0,0
3.400000,socket,0.000042913,0.028224,0.027702,0.120722,4,16,1,0,0
3.400000,bulb,0.000160865,0.029772,0.028089,0.113037,4,16,1,0,0
3.433333,socket,0.000009631,0.013252,0.012948,0.090069,4,16,1,0,0
3.433333,bulb,0.000066835,0.019414,0.018649,0.113089,4,16,1,0,0
3.466667,socket,0.000197313,0.023035,0.021678,0.123748,4,16,1,0,0
3.466667,bulb,0.000292595,0.070891,0.070644,0.088345,4,16,1,0,0
3.500000,socket,0.000015824,0.020449,0.019482,0.087093,4,16,1,0,0
3.500000,bulb,0.000056197,0.013011,0.010717,0.067551,4,16,1,0,0
3.533333,socket,0.000013211,0.028491,0.028449,0.087308,4,16,1,0,0
3.533333,bulb,0.000309907,0.074031,0.072879,0.112878,4,16,1,0,0
3.566667,socket,0.000111069,0.021194,0.019657,0.075439,4,16,1,0,0
3.566667,bulb,0.000186064,0.067905,0.066623,0.101166,4,16,1,0,0
3.600000,socket,0.000136259,0.033129,0.032649,0.074154,4,16,1,0,0
3.600000,bulb,0.000058457,0.065624,0.064684,0.099042,4,16,1,0,0
3.633333,socket,0.000014486,0.025306,0.024022,0.110015,4,16,1,0,0
3.633333,bulb,0.000450706,0.014206,0.013788,0.110056,4,16,1,0,0
3.666667,socket,0.000035461,0.023837,0.023786,0.109569,4,16,1,0,0
3.666667,bulb,0.000217225,0.049692,0.047032,0.091419,4,16,1,0,0
3.700000,socket,0.000099621,0.021039,0.020030,0.079275,4,16,1,0,0
3.700000,bulb,0.000177499,0.067611,0.064138,0.109481,4,16,1,0,0
3.733333,socket,0.000053200,0.006141,0.003996,0.091170,4,16,1,0,0
3.733333,bulb,0.000090487,0.082602,0.082204,0.079962,4,16,1,0,0
3.766667,socket,0.000041865,0.045784,0.045726,0.126175,4,16,1,0,0
3.766667,bulb,0.000246350,0.031087,0.030241,0.125219,4,16,1,0,0
3.800000,socket,0.000061145,0.027164,0.026937,0.107163,4,16,1,0,0
3.800000,bulb,0.000066112,0.052093,0.052045,0.100555,4,16,1,0,0
3.833333,socket,0.000018838,0.024139,0.022472,0.126388,4,16,1,0,0
3.833333,bulb,0.000048611,0.059616,0.058691,0.100785,4,16,1,0,0
3.866667,socket,0.000059962,0.026782,0.026753,0.117751,4,16,1,0,0
3.866667,bulb,0.000098929,0.072747,0.071853,0.092647,4,16,1,0,0
3.900000,socket,0.000042615,0.016533,0.016260,0.121830,4,16,1,0,0
3.900000,bulb,0.000107590,0.043293,0.042908,0.087611,4,16,1,0,0
3.933333,socket,0.000041246,0.040775,0.040609,0.102211,4,16,1,0,0
3.933333,bulb,0.000103224,0.067845,0.067106,0.100027,4,16,1,0,0
3.966667,socket,0.000076721,0.029898,0.027440,0.103185,4,16,1,0,0
3.966667,bulb,0.000080133,0.060135,0.058770,0.119383,4,16,1,0,0
4.000000,socket,0.000049247,0.009579,0.006130,0.102504,4,16,1,0,0
4.000000,bulb,0.000344258,0.027090,0.026544,0.088445,4,16,1,0,0
4.033333,socket,0.000032786,0.047473,0.047356,0.123039,4,16,1,0,0
4.033333,bulb,0.000081007,0.071506,0.069899,0.089143,4,16,1,0,0
4.066667,socket,0.000008502,0.018516,0.017731,0.075566,4,16,1,0,0
4.066667,bulb,0.000232332,0.112671,0.112606,0.128725,4,16,1,0,0
4.100000,socket,0.000016970,0.029247,0.028407,0.058642,4,16,1,0,0
4.100000,bulb,0.000401165,0.054619,0.049328,0.096449,4,16,1,0,0
4.133333,socket,0.000020040,0.028569,0.028310,0.102617,4,16,1,0,0
4.133333,bulb,0.000166306,0.035026,0.029950,0.136164,4,16,1,0,0
4.166667,socket,0.000042765,0.017499,0.017087,0.085944,4,16,1,0,0
4.166667,bulb,0.000365375,0.029636,0.019031,0.086683,4,16,1,0,0
4.200000,socket,0.000010739,0.026352,0.025725,0.113372,4,16,1,0,0
4.200000,bulb,0.000123477,0.085985,0.081163,0.096088,4,16,1,0,0
4.233333,socket,0.000107783,0.040398,0.039643,0.111548,4,16,1,0,0
4.233333,bulb,0.000169845,0.039676,0.037257,0.108003,4,16,1,0,0
4.266667,socket,0.000139430,0.016512,0.016128,0.095585,4,16,1,0,0
4.266667,bulb,0.000044812,0.034205,0.034203,0.078919,4,16,1,0,0
4.300000,socket,0.000074382,0.029590,0.029516,0.091774,4,16,1,0,0
4.300000,bulb,0.000224982,0.028922,0.028339,0.089459,4,16,1,0,0
4.333333,socket,0.000016520,0.013125,0.012911,0.105507,4,16,1,0,0
4.333333,bulb,0.000084317,0.023572,0.001696,0.078937,4,16,1,0,0
4.366667,socket,0.000024538,0.024908,0.024609,0.110999,4,16,1,0,0
4.366667,bulb,0.000331748,0.039007,0.038859,0.120523,4,16,1,0,0
4.400000,socket,0.000043696,0.006014,0.006008,0.080762,4,16,1,0,0
4.400000,bulb,0.000129594,0.019864,0.016950,0.092316,4,16,1,0,0
4.433333,socket,0.000040032,0.029978,0.029149,0.100357,4,16,1,0,0
4.433333,bulb,0.000098962,0.064393,0.060206,0.121805,4,16,1,0,0
4.466667,socket,0.000134392,0.027090,0.026477,0.075588,4,16,1,0,0
4.466667,bulb,0.000124218,0.048901,0.048671,0.118850,4,16,1,0,0
4.500000,socket,0.000022548,0.036172,0.035914,0.074285,4,16,1,0,0
4.500000,bulb,0.000201316,0.011859,0.005019,0.090075,4,16,1,0,0
4.533333,socket,0.000018103,0.030782,0.028759,0.108667,4,16,1,0,0
4.533333,bulb,0.000237786,0.024799,0.024762,0.088134,4,16,1,0,0
4.566667,socket,0.000032737,0.055178,0.054818,0.110222,4,16,1,0,0
4.566667,bulb,0.000252916,0.046666,0.040522,0.099648,4,16,1,0,0
4.600000,socket,0.000012562,0.022440,0.021823,0.112436,4,16,1,0,0
4.600000,bulb,0.000281802,0.065141,0.058694,0.121259,4,16,1,0,0
4.633333,socket,0.000123055,0.015666,0.014967,0.102625,4,16,1,0,0
4.633333,bulb,0.000113704,0.032134,0.028418,0.080750,4,16,1,0,0
4.666667,socket,0.000020003,0.065899,0.065125,0.089895,4,16,1,0,0
4.666667,bulb,0.000364007,0.057459,0.049416,0.107934,4,16,1,0,0
4.700000,socket,0.000092009,0.034352,0.033027,0.096799,4,16,1,0,0
4.700000,bulb,0.000038938,0.052885,0.052873,0.131614,4,16,1,0,0
4.733333,socket,0.000034143,0.020432,0.020370,0.080664,4,16,1,0,0
4.733333,bulb,0.000124567,0.046159,0.046133,0.077090,4,16,1,0,0
4.766667,socket,0.000014423,0.015858,0.015606,0.097365,4,16,1,0,0
4.766667,bulb,0.000033164,0.022719,0.020450,0.106836,4,16,1,0,0
4.800000,socket,0.000065612,0.016234,0.014677,0.101519,4,16,1,0,0
4.800000,bulb,0.000034319,0.043418,0.043253,0.075480,4,16,1,0,0
4.833333,socket,0.000096466,0.046101,0.045862,0.089574,4,16,1,0,0
4.833333,bulb,0.000184952,0.094456,0.090653,0.102678,4,16,1,0,0
4.866667,socket,0.000072148,0.027339,0.027318,0.096526,4,16,1,0,0
4.866667,bulb,0.000255585,0.032993,0.028656,0.096247,4,16,1,0,0
4.900000,socket,0.000032182,0.034758,0.034688,0.104557,4,16,1,0,0
4.900000,bulb,0.000256613,0.062669,0.062137,0.107241,4,16,1,0,0
4.933333,socket,0.000017478,0.040861,0.040806,0.076629,4,16,1,0,0
4.933333,bulb,0.000089222,0.066987,0.066200,0.113828,4,16,1,0,0
4.966667,socket,0.000063767,0.047593,0.046843,0.085476,4,16,1,0,0
4.966667,bulb,0.000138764,0.074869,0.074202,0.111476,4,16,1,0,0
5.000000,socket,0.000015581,0.032247,0.031479,0.102047,4,16,1,0,0
5.000000,bulb,0.000147236,0.071539,0.070111,0.124711,4,16,1,0,0
5.033333,socket,0.000050202,0.028742,0.028607,0.115812,4,16,1,0,0
5.033333,bulb,0.000280193,0.108860,0.107121,0.094650,4,16,1,0,0
5.066667,socket,0.000086375,0.025462,0.025461,0.110887,4,16,1,0,0
5.066667,bulb,0.000112861,0.095369,0.094310,0.112331,4,16,1,0,0
5.100000,socket,0.000112024,0.010731,0.010668,0.100262,4,16,1,0,0
5.100000,bulb,0.000213503,0.064878,0.064875,0.106519,4,16,1,0,0
5.133333,socket,0.000115446,0.023505,0.022646,0.141256,4,16,1,0,0
5.133333,bulb,0.000116854,0.014168,0.009769,0.092547,4,16,1,0,0
5.166667,socket,0.000027837,0.009821,0.009555,0.105785,4,16,1,0,0
5.166667,bulb,0.000105881,0.107790,0.107543,0.091776,4,16,1,0,0
5.200000,socket,0.000035842,0.020422,0.019867,0.082296,4,16,1,0,0
5.200000,bulb,0.000098870,0.090789,0.090693,0.090223,4,16,1,0,0
5.233333,socket,0.000092523,0.041570,0.041486,0.084583,4,16,1,0,0
5.233333,bulb,0.000206656,0.009648,0.006423,0.082563,4,16,1,0,0
5.266667,socket,0.000074252,0.011207,0.010104,0.095689,4,16,1,0,0
5.266667,bulb,0.000066364,0.042278,0.041041,0.103743,4,16,1,0,0
5.300000,socket,0.000056531,0.031779,0.027746,0.093447,4,16,1,0,0
5.300000,bulb,0.000073484,0.051839,0.050072,0.109033,4,16,1,0,0
5.333333,socket,0.000009387,0.047282,0.046441,0.087668,4,16,1,0,0
5.333333,bulb,0.000217245,0.081962,0.078579,0.087537,4,16,1,0,0
5.366667,socket,0.000054287,0.014626,0.014622,0.103867,4,16,1,0,0
5.366667,bulb,0.000045002,0.029031,0.017910,0.129352,4,16,1,0,0
5.400000,socket,0.000051597,0.016727,0.016301,0.121668,4,16,1,0,0
5.400000,bulb,0.000084675,0.071671,0.061884,0.081611,4,16,1,0,0
5.433333,socket,0.000010593,0.047242,0.047235,0.105526,4,16,1,0,0
5.433333,bulb,0.000064515,0.062858,0.062796,0.081645,4,16,1,0,0
5.466667,socket,0.000033056,0.032083,0.029172,0.102049,4,16,1,0,0
5.466667,bulb,0.000213393,0.021461,0.020689,0.106435,4,16,1,0,0
5.500000,socket,0.000101741,0.005396,0.004815,0.099343,4,16,1,0,0
5.500000,bulb,0.000234709,0.048710,0.048355,0.102440,4,16,1,0,0
5.533333,socket,0.000136398,0.041092,0.041068,0.094975,4,16,1,0,0
5.533333,bulb,0.000068608,0.059840,0.058928,0.090415,4,16,1,0,0
5.566667,socket,0.000102582,0.014984,0.014596,0.080226,4,16,1,0,0
5.566667,bulb,0.000270675,0.053218,0.053212,0.104090,4,16,1,0,0
5.600000,socket,0.000011779,0.027255,0.027208,0.106982,4,16,1,0,0
5.600000,bulb,0.000095390,0.044152,0.034541,0.089633,4,16,1,0,0
5.633333,socket,0.000031589,0.015299,0.010932,0.099599,4,16,1,0,0
5.633333,bulb,0.000357681,0.041276,0.038931,0.118161,4,16,1,0,0
5.666667,socket,0.000109850,0.026472,0.023426,0.104672,4,16,1,0,0
5.666667,bulb,0.000238657,0.049533,0.049468,0.069055,4,16,1,0,0
5.700000,socket,0.000027008,0.026929,0.026700,0.100968,4,16,1,0,0
5.700000,bulb,0.000219467,0.099412,0.097195,0.092800,4,16,1,0,0
5.733333,socket,0.000031173,0.020425,0.019495,0.108454,4,16,1,0,0
5.733333,bulb,0.000219150,0.093326,0.093176,0.084186,4,16,1,0,0
5.766667,socket,0.000123127,0.009301,0.008632,0.110556,4,16,1,0,0
5.766667,bulb,0.000451225,0.020573,0.010975,0.064346,4,16,1,0,0
5.800000,socket,0.000024880,0.022179,0.021279,0.082737,4,16,1,0,0
5.800000,bulb,0.000255742,0.091502,0.091134,0.105873,4,16,1,0,0
5.833333,socket,0.000048811,0.026251,0.025587,0.096345,4,16,1,0,0
5.833333,bulb,0.000149015,0.025197,0.025091,0.105924,4,16,1,0,0
5.866667,socket,0.000108130,0.010930,0.009148,0.105960,4,16,1,0,0
5.866667,bulb,0.000074991,0.048583,0.048017,0.078223,4,16,1,0,0
5.900000,socket,0.000156075,0.030091,0.029224,0.098834,4,16,1,0,0
5.900000,bulb,0.000089363,0.061699,0.060535,0.093126,4,16,1,0,0
5.933333,socket,0.000110431,0.013604,0.012161,0.108553,4,16,1,0,0
5.933333,bulb,0.000184552,0.138188,0.137440,0.100632,4,16,1,0,0
5.966667,socket,0.000107853,0.021051,0.019630,0.101396,4,16,1,0,0
5.966667,bulb,0.000071694,0.032633,0.030165,0.081410,4,16,1,0,0
