time_s,rotor_0_thrust_N,rotor_1_thrust_N,rotor_2_thrust_N,rotor_3_thrust_N,shoulder_lift_joint_torque_Nm,elbow_joint_torque_Nm,wrist_1_joint_torque_Nm,wrist_roll_joint_torque_Nm
0.0,0.23112018054120373,4.260152958260133,1.1536444224270916,3.0470093995295002,0.17250003924511942,0.11024890455018443,0.060175340508326826,0.0016192632088736032
0.05,2.8027646358756186,3.199227789545573,2.6338867010536475,3.108253116911415,-0.16680512550477283,-0.10812011718591344,-0.04752424749859937,-0.0004778769036644838
0.1,4.527035608417081,3.1384181566072695,4.059244795687298,3.480940307861501,-0.2342879029773192,-0.14210987485499918,-0.06326953000924525,-0.001152523943866746
0.15000000000000002,5.074968657081481,3.5180377587390947,4.7049723224248465,3.9023184242853795,-0.2530939774459325,-0.15102400250793754,-0.06646311499121346,-0.0013069222548570117
0.2,5.122836393178268,3.8352217668954918,4.886405540160863,4.184169664847216,-0.24870594873329474,-0.14757020978882948,-0.06345942327374578,-0.0012601513940223479
0.25,4.967150933216257,4.039954736909978,4.84454086084171,4.330344050589416,-0.2343789267713169,-0.1385734853142196,-0.057691465988762125,-0.0011256346832264395
0.30000000000000004,4.756814834522249,4.165630456935486,4.7184914512180915,4.3922834230148045,-0.21703521580107524,-0.12776811969942778,-0.05104888854806756,-0.0009633839849609016
0.35000000000000003,4.562337279427223,4.248128009395386,4.579821673653881,4.414564828878282,-0.20002143905282324,-0.1170423846579148,-0.04448892541691985,-0.0008056393918908698
0.4,4.410132649990402,4.310616742845263,4.460012571227503,4.42419628228983,-0.18472022861118584,-0.1072220492560533,-0.0384306409759187,-0.0006666170796691966
0.45,4.303479544945053,4.364384245610788,4.368454063615712,4.4336660019836,-0.17148710100364709,-0.09855419044621055,-0.03300348099247164,-0.0005500475719918333
0.5,4.235282230497104,4.4128951640241025,4.303635156991019,4.446393821069174,-0.16020077363233107,-0.09100704679532941,-0.028200738588194437,-0.0004546469415487984
0.55,4.195272639796737,4.4555595311395555,4.259711033661259,4.461231960416207,-0.15057012226303232,-0.08444366698883177,-0.02396583037123937,-0.000377376596394462
0.6000000000000001,4.173624979316546,4.490385993460544,4.230044099388155,4.475434221228979,-0.14228711018001672,-0.07871037647592741,-0.020233764588215707,-0.00031502705635149883
0.65,4.1624363336986345,4.515540436280367,4.2088725756747785,4.4863275286155755,-0.1350885953105923,-0.07367298411679435,-0.016946329841570327,-0.0002648013788807053
0.7000000000000001,4.156052642702473,4.53007100253745,4.191898944865914,4.492074863096538,-0.12877020323419663,-0.06922514112212177,-0.014054401782913157,-0.00022441310262738383
0.75,4.150844254098924,4.534086376414576,4.176309345247335,4.491874723843907,-0.12317921358892849,-0.0652846443700195,-0.01151555252261849,-0.00019200395389668692
0.8,4.144774690834177,4.528626646889701,4.1605341428086176,4.485854638773059,-0.11820127200300527,-0.061786432780259096,-0.009291079589409354,-0.00016602860546720613
0.8500000000000001,4.136942294725941,4.5154009394454215,4.143926978546986,4.474833432773298,-0.11374780843227406,-0.05867625457999604,-0.007343991087090799,-0.00014516076492034828
0.9,4.127178698013606,4.496505422307964,4.126456480012656,4.460061254946845,-0.10974652684783119,-0.05590625058667251,-0.005638141981028603,-0.00012822993666965638
0.9500000000000001,4.115735434932769,4.474186776349079,4.108454876668963,4.442998276633281,-0.10613513477631024,-0.05343239966682484,-0.004138185753880885,-0.00011418142978577146
1.0,4.103062444740718,4.450680831245687,4.090438578547985,4.425159689517112,-0.10285763942108662,-0.05121331674155739,-0.0028099116929817636,-0.00010204909127956504
1.05,4.089668373408949,4.428132172839345,4.07299913766043,4.408032743425285,-0.09986237140247695,-0.049209851684428235,-0.0016206293880823867,-9.093234875270535e-05
1.1,4.076045825888089,4.408585507574616,4.0567537598429375,4.393057855642489,-0.09710100286477923,-0.04738505113004914,-0.0005393998521059966,-7.997226482772843e-05
1.1500000000000001,4.062641433865737,4.394030607888439,4.0423395472189885,4.381657445900122,-0.09452800385006042,-0.0457041882206095,0.0004629623829397546,-6.832382836983142e-05
1.2000000000000002,4.04984905091983,4.386476975571879,4.030433158162524,4.375290543013293,-0.09210016793795649,-0.04413470003324039,0.0014140898223433775,-5.512342140792809e-05
1.25,4.038004250371297,4.388029132834631,4.021776926992916,4.375505889635824,-0.08977607435258657,-0.04264602311419183,0.002340338127405778,-3.945187335005981e-05
1.3,4.027360942266644,4.400925380313571,4.017194446432833,4.383958416811053,-0.08751578469687343,-0.04120956936231429,0.003266860231894013,-2.0296010973209256e-05
1.35,4.018040845352613,4.427486942408136,4.017586402564554,4.402339556041489,-0.08528202700039562,-0.03979962313349273,0.004216900381997917,3.482195647138749e-06
1.4000000000000001,4.009975615311639,4.469890787173809,4.02391915182084,4.432144186977535,-0.08304632510903866,-0.03839716906283781,0.005209069633025843,3.314292889734145e-05
1.4500000000000002,4.002940646145999,4.529604689228363,4.0372714921511434,4.47414472963946,-0.08080863406009263,-0.03700148525863928,0.006249875514982207,6.995697902391137e-05
1.5,3.9969934318752536,4.606144982268597,4.059120584894769,4.527351611025982,-0.07865083453236962,-0.03566084359861315,0.0073153786501945805,0.00011475264213434072
1.55,3.994223500092525,4.694353996140185,4.092259129038897,4.587119315298812,-0.07687176256865635,-0.0345487119536591,0.008307995076670849,0.00016634404570120377
1.6,4.0044620046901676,4.778071035836893,4.142955710873084,4.642102957647103,-0.07631521550338484,-0.03414696863139743,0.00895611390196186,0.0002160698349882673
1.6500000000000001,4.063053861756588,4.813949229005767,4.22433298584393,4.671106283147863,-0.07915370074263609,-0.03568099086287662,0.008580704797205078,0.00022809340528287585
1.7000000000000002,4.287069163865005,4.6853640983873515,4.354765104635839,4.648759865689646,-0.09076018323513659,-0.04215484691706981,0.005548583704093767,6.571631286945916e-05
1.75,5.061338343548896,4.057437215334337,4.512058730530697,4.6060211464716,-0.11900244769344784,-0.057892521951244905,-0.0028736092967387617,-0.0007749356363638923
1.8,4.124830221343251,4.465690919705508,4.115240336416486,4.487386550131702,-0.0835135150421293,-0.038542343232828256,0.006111096901348593,-5.349475975849112e-06
1.85,4.031914201642386,4.40185702658749,4.025779137500599,4.408517499190751,-0.08064647671955005,-0.03707951775018364,0.0063883218134943125,1.0776521227494467e-05
1.9000000000000001,4.026851107920417,4.396935334101894,4.020932653782914,4.403046256822445,-0.08054171551592594,-0.037029396068210256,0.0063853680929555606,1.1281429093053646e-05
1.9500000000000002,4.034999164576126,4.399924867418134,4.024637213763537,4.4122371255405755,-0.08073323145977564,-0.03712699058461651,0.006373364007128891,4.587911933475214e-06
