stamp,object,position_error_m,rotation_error_deg,axis_error_deg,reprojection_rmse_px,visible_tag_count,inlier_corner_count,precision_valid,false_valid
28.584000000,socket,0.150018565,179.999271,0.039961,-1.000000,1,4,0,0
28.584000000,socket,0.150018565,179.999271,0.039961,-1.000000,1,4,0,0
28.716000000,socket,0.150018565,179.999271,0.039961,0.014777,1,4,0,0
28.782000000,socket,0.150018565,179.999271,0.039961,0.014777,1,4,0,0
28.950000000,socket,0.150018565,179.999271,0.039961,0.014777,1,4,0,0
28.950000000,socket,0.150018565,179.999271,0.039961,0.014777,1,4,0,0
29.116000000,socket,0.150018565,179.999271,0.039961,0.014777,1,4,0,0
29.248000000,socket,0.150018565,179.999271,0.039961,0.014777,1,4,0,0
29.349000000,socket,0.150018565,179.999271,0.039961,0.014777,1,4,0,0
29.516000000,socket,0.150018565,179.999271,0.039961,0.014777,1,4,0,0
29.616000000,socket,0.150018565,179.999271,0.039961,0.014777,1,4,0,0
29.749000000,socket,0.150018565,179.999271,0.039961,0.014777,1,4,0,0
29.850000000,socket,0.150018565,179.999271,0.039961,0.014777,1,4,0,0
29.887000000,socket,0.150018565,179.999271,0.039961,0.014777,1,4,0,0
29.887000000,socket,0.150018565,179.999271,0.039961,0.014777,1,4,0,0
29.982000000,socket,0.150018565,179.999271,0.039961,0.014777,1,4,0,0
30.115000000,socket,0.150018565,179.999271,0.039961,0.014777,1,4,0,0
30.248000000,socket,0.150018565,179.999271,0.039961,0.014777,1,4,0,0
30.384000000,socket,0.150018565,179.999271,0.039961,0.014777,1,4,0,0
30.482000000,socket,0.150018565,179.999271,0.039961,0.014777,1,4,0,0
30.550000000,socket,0.150018565,179.999271,0.039961,0.014777,1,4,0,0
30.550000000,socket,0.150018565,179.999271,0.039961,0.014777,1,4,0,0
30.749000000,socket,0.150018565,179.999271,0.039961,0.014777,1,4,0,0
30.848000000,socket,0.150018565,179.999271,0.039961,0.014777,1,4,0,0
30.948000000,socket,0.150018565,179.999271,0.039961,0.014777,1,4,0,0
31.083000000,socket,0.150018565,179.999271,0.039961,0.014777,1,4,0,0
31.182000000,socket,0.150018565,179.999271,0.039961,0.014777,1,4,0,0
31.317000000,socket,0.150018565,179.999271,0.039961,0.014777,1,4,0,0
31.382000000,socket,0.150018565,179.999271,0.039961,0.014777,1,4,0,0
31.548000000,socket,0.150018565,179.999271,0.039961,0.014777,1,4,0,0
31.548000000,socket,0.150018565,179.999271,0.039961,0.014777,1,4,0,0
31.649000000,socket,0.150018565,179.999271,0.039961,0.014777,1,4,0,0
31.748000000,socket,0.150018565,179.999271,0.039961,0.014777,1,4,0,0
31.848000000,socket,0.150018565,179.999271,0.039961,0.014777,1,4,0,0
31.949000000,socket,0.150018565,179.999271,0.039961,0.014777,1,4,0,0
32.082000000,socket,0.150018565,179.999271,0.039961,0.014777,1,4,0,0
32.082000000,socket,0.150018565,179.999271,0.039961,0.014777,1,4,0,0
32.182000000,socket,0.150018565,179.999271,0.039961,0.014777,1,4,0,0
32.449000000,socket,0.150018565,179.999271,0.039961,0.014777,1,4,0,0
32.449000000,socket,0.150018565,179.999271,0.039961,0.014777,1,4,0,0
32.582000000,socket,0.150018565,179.999271,0.039961,0.014777,1,4,0,0
32.650000000,socket,0.150018565,179.999271,0.039961,0.014777,1,4,0,0
32.782000000,socket,0.150018565,179.999271,0.039961,0.014777,1,4,0,0
32.883000000,socket,0.150018565,179.999271,0.039961,0.014777,1,4,0,0
32.883000000,socket,0.150018565,179.999271,0.039961,0.014777,1,4,0,0
33.016000000,socket,0.150018565,179.999271,0.039961,0.014777,1,4,0,0
33.149000000,socket,0.150018565,179.999271,0.039961,0.014777,1,4,0,0
33.248000000,socket,0.150018565,179.999271,0.039961,0.014777,1,4,0,0
33.415000000,socket,0.150018565,179.999271,0.039961,0.014777,1,4,0,0
33.415000000,socket,0.150018565,179.999271,0.039961,0.014777,1,4,0,0
33.516000000,socket,0.150018565,179.999271,0.039961,0.014777,1,4,0,0
33.648000000,socket,0.150018565,179.999271,0.039961,0.014777,1,4,0,0
33.750000000,socket,0.150018565,179.999271,0.039961,0.014777,1,4,0,0
33.916000000,socket,0.150018565,179.999271,0.039961,0.014777,1,4,0,0
33.983000000,socket,0.150018565,179.999271,0.039961,0.014777,1,4,0,0
34.149000000,socket,0.150018565,179.999271,0.039961,0.014777,1,4,0,0
34.248000000,socket,0.150018565,179.999271,0.039961,0.014777,1,4,0,0
34.248000000,socket,0.150018565,179.999271,0.039961,0.014777,1,4,0,0
34.315000000,socket,0.150018565,179.999271,0.039961,0.014777,1,4,0,0
34.448000000,socket,0.150018565,179.999271,0.039961,0.014777,1,4,0,0
34.582000000,socket,0.150018565,179.999271,0.039961,0.014777,1,4,0,0
34.582000000,socket,0.150018565,179.999271,0.039961,0.014777,1,4,0,0
34.715000000,socket,0.150018565,179.999271,0.039961,0.014777,1,4,0,0
34.816000000,socket,0.150018565,179.999271,0.039961,0.014777,1,4,0,0
34.948000000,socket,0.150018565,179.999271,0.039961,0.014777,1,4,0,0
35.048000000,socket,0.150018565,179.999271,0.039961,0.014777,1,4,0,0
35.215000000,socket,0.150018565,179.999271,0.039961,0.014777,1,4,0,0
35.315000000,socket,0.150018565,179.999271,0.039961,0.014777,1,4,0,0
35.315000000,socket,0.150018565,179.999271,0.039961,0.014777,1,4,0,0
35.415000000,socket,0.150018565,179.999271,0.039961,0.014777,1,4,0,0
35.482000000,socket,0.150018565,179.999271,0.039961,0.014777,1,4,0,0
35.648000000,socket,0.150018565,179.999271,0.039961,0.014777,1,4,0,0
35.782000000,socket,0.150018565,179.999271,0.039961,0.014777,1,4,0,0
35.915000000,socket,0.150018565,179.999271,0.039961,0.014777,1,4,0,0
35.982000000,socket,0.150018565,179.999271,0.039961,0.014777,1,4,0,0
36.082000000,socket,0.150018565,179.999271,0.039961,0.014777,1,4,0,0
36.082000000,socket,0.150018565,179.999271,0.039961,0.014777,1,4,0,0
36.182000000,socket,0.150018565,179.999271,0.039961,0.014777,1,4,0,0
36.348000000,socket,0.150018565,179.999271,0.039961,0.014777,1,4,0,0
36.482000000,socket,0.150018565,179.999271,0.039961,0.014777,1,4,0,0
36.582000000,socket,0.150018565,179.999271,0.039961,0.014777,1,4,0,0
36.683000000,socket,0.150018565,179.999271,0.039961,0.014777,1,4,0,0
36.815000000,socket,0.150018565,179.999271,0.039961,0.014777,1,4,0,0
36.915000000,socket,0.150018565,179.999271,0.039961,0.014777,1,4,0,0
36.915000000,socket,0.150018565,179.999271,0.039961,0.014777,1,4,0,0
37.016000000,socket,0.150018565,179.999271,0.039961,0.014777,1,4,0,0
37.182000000,socket,0.150018565,179.999271,0.039961,0.014777,1,4,0,0
37.282000000,socket,0.150018565,179.999271,0.039961,0.014777,1,4,0,0
37.382000000,socket,0.150018565,179.999271,0.039961,0.014777,1,4,0,0
37.448000000,socket,0.150018565,179.999271,0.039961,0.014777,1,4,0,0
37.448000000,socket,0.150018565,179.999271,0.039961,0.014777,1,4,0,0
37.648000000,socket,0.150018565,179.999271,0.039961,0.014777,1,4,0,0
37.783000000,socket,0.150018565,179.999271,0.039961,0.014777,1,4,0,0
37.848000000,socket,0.150018565,179.999271,0.039961,0.014777,1,4,0,0
37.983000000,socket,0.150018565,179.999271,0.039961,0.014777,1,4,0,0
38.083000000,socket,0.150018565,179.999271,0.039961,0.014777,1,4,0,0
38.183000000,socket,0.150018565,179.999271,0.039961,0.014777,1,4,0,0
38.183000000,socket,0.150018565,179.999271,0.039961,0.014777,1,4,0,0
38.318000000,socket,0.150018565,179.999271,0.039961,0.014777,1,4,0,0
38.415000000,socket,0.150018565,179.999271,0.039961,0.014777,1,4,0,0
38.548000000,socket,0.150018565,179.999271,0.039961,0.014777,1,4,0,0
38.682000000,socket,0.150018565,179.999271,0.039961,0.014777,1,4,0,0
38.816000000,socket,0.150018565,179.999271,0.039961,0.014777,1,4,0,0
38.948000000,socket,0.150018565,179.999271,0.039961,0.014777,1,4,0,0
38.948000000,socket,0.150018565,179.999271,0.039961,0.014777,1,4,0,0
39.015000000,socket,0.150018565,179.999271,0.039961,0.014777,1,4,0,0
39.116000000,socket,0.150018565,179.999271,0.039961,0.014777,1,4,0,0
39.284000000,socket,0.150018565,179.999271,0.039961,0.014777,1,4,0,0
39.382000000,socket,0.150018565,179.999271,0.039961,0.014777,1,4,0,0
39.483000000,socket,0.150018565,179.999271,0.039961,0.014777,1,4,0,0
39.615000000,socket,0.150018565,179.999271,0.039961,0.014777,1,4,0,0
39.683000000,socket,0.150018565,179.999271,0.039961,0.014777,1,4,0,0
39.816000000,socket,0.150018565,179.999271,0.039961,0.014777,1,4,0,0
39.915000000,socket,0.150018565,179.999271,0.039961,0.014777,1,4,0,0
39.915000000,socket,0.150018565,179.999271,0.039961,0.014777,1,4,0,0
40.016000000,socket,0.150018565,179.999271,0.039961,0.014777,1,4,0,0
40.115000000,socket,0.150018565,179.999271,0.039961,0.014777,1,4,0,0
40.215000000,socket,0.150018565,179.999271,0.039961,0.014777,1,4,0,0
40.615000000,socket,0.150018565,179.999271,0.039961,0.014777,1,4,0,0
40.615000000,socket,0.150018565,179.999271,0.039961,0.014777,1,4,0,0
40.650000000,socket,0.150018565,179.999271,0.039961,0.014777,1,4,0,0
40.682000000,socket,0.150018565,179.999271,0.039961,0.014777,1,4,0,0
40.716000000,socket,0.150018565,179.999271,0.039961,0.014777,1,4,0,0
40.916000000,socket,0.150018565,179.999271,0.039961,0.014777,1,4,0,0
41.015000000,socket,0.150018565,179.999271,0.039961,0.014777,1,4,0,0
41.150000000,socket,0.150018565,179.999271,0.039961,0.014777,1,4,0,0
41.248000000,socket,0.150018565,179.999271,0.039961,0.014777,1,4,0,0
41.315000000,socket,0.150018565,179.999271,0.039961,0.014777,1,4,0,0
41.449000000,socket,0.150018565,179.999271,0.039961,0.014777,1,4,0,0
41.449000000,socket,0.150018565,179.999271,0.039961,0.014777,1,4,0,0
41.584000000,socket,0.150018565,179.999271,0.039961,0.014777,1,4,0,0
41.649000000,socket,0.150018565,179.999271,0.039961,0.014777,1,4,0,0
41.783000000,socket,0.150018565,179.999271,0.039961,0.014777,1,4,0,0
41.783000000,socket,0.150018565,179.999271,0.039961,0.014777,1,4,0,0
41.915000000,socket,0.150018565,179.999271,0.039961,0.014777,1,4,0,0
42.016000000,socket,0.150018565,179.999271,0.039961,0.014777,1,4,0,0
42.120000000,socket,0.150018565,179.999271,0.039961,0.014777,1,4,0,0
42.283000000,socket,0.150018565,179.999271,0.039961,0.014777,1,4,0,0
42.418000000,socket,0.150018565,179.999271,0.039961,0.014777,1,4,0,0
42.483000000,socket,0.150018565,179.999271,0.039961,0.014777,1,4,0,0
42.615000000,socket,0.150018565,179.999271,0.039961,0.014777,1,4,0,0
42.716000000,socket,0.150018565,179.999271,0.039961,0.014777,1,4,0,0
42.816000000,socket,0.150018565,179.999271,0.039961,0.014777,1,4,0,0
42.816000000,socket,0.150018565,179.999271,0.039961,0.014777,1,4,0,0
42.949000000,socket,0.150018565,179.999271,0.039961,0.014777,1,4,0,0
43.048000000,socket,0.150018565,179.999271,0.039961,0.014777,1,4,0,0
43.182000000,socket,0.150018565,179.999271,0.039961,0.014777,1,4,0,0
43.315000000,socket,0.150018565,179.999271,0.039961,0.014777,1,4,0,0
43.415000000,socket,0.150018565,179.999271,0.039961,0.014777,1,4,0,0
43.516000000,socket,0.150018565,179.999271,0.039961,0.014777,1,4,0,0
43.516000000,socket,0.150018565,179.999271,0.039961,0.014777,1,4,0,0
43.616000000,socket,0.150018565,179.999271,0.039961,0.014777,1,4,0,0
43.715000000,socket,0.150018565,179.999271,0.039961,0.014777,1,4,0,0
43.817000000,socket,0.150018565,179.999271,0.039961,0.014777,1,4,0,0
43.817000000,socket,0.150018565,179.999271,0.039961,0.014777,1,4,0,0
44.149000000,socket,0.150018565,179.999271,0.039961,0.014777,1,4,0,0
44.249000000,socket,0.150018565,179.999271,0.039961,0.014777,1,4,0,0
44.249000000,socket,0.150018565,179.999271,0.039961,0.014777,1,4,0,0
44.416000000,socket,0.150018565,179.999271,0.039961,0.014777,1,4,0,0
44.486000000,socket,0.150018565,179.999271,0.039961,0.014777,1,4,0,0
44.553000000,socket,0.150018565,179.999271,0.039961,0.014777,1,4,0,0
44.683000000,socket,0.150018565,179.999271,0.039961,0.014777,1,4,0,0
44.784000000,socket,0.150018565,179.999271,0.039961,0.014777,1,4,0,0
44.885000000,socket,0.150018565,179.999271,0.039961,0.014777,1,4,0,0
44.983000000,socket,0.150018565,179.999271,0.039961,0.014777,1,4,0,0
45.083000000,socket,0.150018565,179.999271,0.039961,0.014777,1,4,0,0
45.183000000,socket,0.150018565,179.999271,0.039961,0.014777,1,4,0,0
45.283000000,socket,0.150018565,179.999271,0.039961,0.014777,1,4,0,0
45.418000000,socket,0.150018565,179.999271,0.039961,0.014777,1,4,0,0
45.516000000,socket,0.150018565,179.999271,0.039961,0.014777,1,4,0,0
45.516000000,socket,0.150018565,179.999271,0.039961,0.014777,1,4,0,0
45.650000000,socket,0.150018565,179.999271,0.039961,0.014777,1,4,0,0
45.716000000,socket,0.150018565,179.999271,0.039961,0.014777,1,4,0,0
45.850000000,socket,0.150018565,179.999271,0.039961,0.014777,1,4,0,0
45.984000000,socket,0.150018565,179.999271,0.039961,0.014777,1,4,0,0
45.984000000,socket,0.150018565,179.999271,0.039961,0.014777,1,4,0,0
46.116000000,socket,0.150018565,179.999271,0.039961,0.014777,1,4,0,0
46.250000000,socket,0.150018565,179.999271,0.039961,0.014777,1,4,0,0
46.350000000,socket,0.150018565,179.999271,0.039961,0.014777,1,4,0,0
46.451000000,socket,0.150018565,179.999271,0.039961,0.014777,1,4,0,0
46.617000000,socket,0.150018565,179.999271,0.039961,0.014777,1,4,0,0
46.717000000,socket,0.150018565,179.999271,0.039961,0.014777,1,4,0,0
46.852000000,socket,0.150018565,179.999271,0.039961,0.014777,1,4,0,0
46.917000000,socket,0.150018565,179.999271,0.039961,0.014777,1,4,0,0
47.051000000,socket,0.150018565,179.999271,0.039961,0.014777,1,4,0,0
47.051000000,socket,0.150018565,179.999271,0.039961,0.014777,1,4,0,0
47.151000000,socket,0.150018565,179.999271,0.039961,0.014777,1,4,0,0
47.250000000,socket,0.150018565,179.999271,0.039961,0.014777,1,4,0,0
47.384000000,socket,0.150018565,179.999271,0.039961,0.014777,1,4,0,0
47.384000000,socket,0.150018565,179.999271,0.039961,0.014777,1,4,0,0
47.516000000,socket,0.150018565,179.999271,0.039961,0.014777,1,4,0,0
47.620000000,socket,0.150018565,179.999271,0.039961,0.014777,1,4,0,0
47.620000000,socket,0.150018565,179.999271,0.039961,0.014777,1,4,0,0
47.717000000,socket,0.150018565,179.999271,0.039961,0.014777,1,4,0,0
47.883000000,socket,0.150018565,179.999271,0.039961,0.014777,1,4,0,0
48.051000000,socket,0.150018565,179.999271,0.039961,0.014777,1,4,0,0
48.183000000,socket,0.150018565,179.999271,0.039961,0.014777,1,4,0,0
48.183000000,socket,0.150018565,179.999271,0.039961,0.014777,1,4,0,0
48.316000000,socket,0.150018565,179.999271,0.039961,0.014777,1,4,0,0
48.417000000,socket,0.150018565,179.999271,0.039961,0.014777,1,4,0,0
48.517000000,socket,0.150018565,179.999271,0.039961,0.014777,1,4,0,0
48.650000000,socket,0.150018565,179.999271,0.039961,0.014777,1,4,0,0
48.817000000,socket,0.150018565,179.999271,0.039961,0.014777,1,4,0,0
48.883000000,socket,0.150018565,179.999271,0.039961,0.014777,1,4,0,0
48.983000000,socket,0.150018565,179.999271,0.039961,0.014777,1,4,0,0
49.084000000,socket,0.150018565,179.999271,0.039961,0.014777,1,4,0,0
49.216000000,socket,0.150018565,179.999271,0.039961,0.014777,1,4,0,0
49.216000000,socket,0.150018565,179.999271,0.039961,0.014777,1,4,0,0
49.350000000,socket,0.150018565,179.999271,0.039961,0.014777,1,4,0,0
49.450000000,socket,0.150018565,179.999271,0.039961,0.014777,1,4,0,0
49.550000000,socket,0.150018565,179.999271,0.039961,0.014777,1,4,0,0
49.716000000,socket,0.150018565,179.999271,0.039961,0.014777,1,4,0,0
49.783000000,socket,0.150018565,179.999271,0.039961,0.014777,1,4,0,0
49.916000000,socket,0.150018565,179.999271,0.039961,0.014777,1,4,0,0
50.017000000,socket,0.150018565,179.999271,0.039961,0.014777,1,4,0,0
50.116000000,socket,0.150018565,179.999271,0.039961,0.014777,1,4,0,0
50.218000000,socket,0.150018565,179.999271,0.039961,0.014777,1,4,0,0
50.283000000,socket,0.150018565,179.999271,0.039961,0.014777,1,4,0,0
50.283000000,socket,0.150018565,179.999271,0.039961,0.014777,1,4,0,0
50.451000000,socket,0.150018565,179.999271,0.039961,0.014777,1,4,0,0
50.551000000,socket,0.150018565,179.999271,0.039961,0.014777,1,4,0,0
50.683000000,socket,0.150018565,179.999271,0.039961,0.014777,1,4,0,0
50.784000000,socket,0.150018565,179.999271,0.039961,0.014777,1,4,0,0
50.784000000,socket,0.150018565,179.999271,0.039961,0.014777,1,4,0,0
50.950000000,socket,0.150018565,179.999271,0.039961,0.014777,1,4,0,0
51.019000000,socket,0.150018565,179.999271,0.039961,0.014777,1,4,0,0
51.183000000,socket,0.150018565,179.999271,0.039961,0.014777,1,4,0,0
51.284000000,socket,0.150018565,179.999271,0.039961,0.014777,1,4,0,0
51.416000000,socket,0.150018565,179.999271,0.039961,0.014777,1,4,0,0
51.516000000,socket,0.150018565,179.999271,0.039961,0.014777,1,4,0,0
51.583000000,socket,0.150018565,179.999271,0.039961,0.014777,1,4,0,0
51.583000000,socket,0.150018565,179.999271,0.039961,0.014777,1,4,0,0
51.716000000,socket,0.150018565,179.999271,0.039961,0.014777,1,4,0,0
51.850000000,socket,0.150018565,179.999271,0.039961,0.014777,1,4,0,0
51.950000000,socket,0.150018565,179.999271,0.039961,0.014777,1,4,0,0
52.083000000,socket,0.150018565,179.999271,0.039961,0.014777,1,4,0,0
52.184000000,socket,0.150018565,179.999271,0.039961,0.014777,1,4,0,0
52.251000000,socket,0.150018565,179.999271,0.039961,0.014777,1,4,0,0
52.384000000,socket,0.150018565,179.999271,0.039961,0.014777,1,4,0,0
52.384000000,socket,0.150018565,179.999271,0.039961,0.014777,1,4,0,0
52.516000000,socket,0.150018565,179.999271,0.039961,0.014777,1,4,0,0
52.650000000,socket,0.150018565,179.999271,0.039961,0.014777,1,4,0,0
52.786000000,socket,0.150018565,179.999271,0.039961,0.014777,1,4,0,0
52.851000000,socket,0.150018565,179.999271,0.039961,0.014777,1,4,0,0
52.984000000,socket,0.150018565,179.999271,0.039961,0.014777,1,4,0,0
53.084000000,socket,0.150018565,179.999271,0.039961,0.014777,1,4,0,0
53.216000000,socket,0.150018565,179.999271,0.039961,0.014777,1,4,0,0
53.316000000,socket,0.150018565,179.999271,0.039961,0.014777,1,4,0,0
53.450000000,socket,0.150018565,179.999271,0.039961,0.014777,1,4,0,0
53.516000000,socket,0.150018565,179.999271,0.039961,0.014777,1,4,0,0
53.617000000,socket,0.150018565,179.999271,0.039961,0.014777,1,4,0,0
53.716000000,socket,0.150018565,179.999271,0.039961,0.014777,1,4,0,0
53.816000000,socket,0.150018565,179.999271,0.039961,0.014777,1,4,0,0
53.916000000,socket,0.150018565,179.999271,0.039961,0.014777,1,4,0,0
54.016000000,socket,0.150018565,179.999271,0.039961,0.014777,1,4,0,0
54.084000000,socket,0.150018565,179.999271,0.039961,0.014777,1,4,0,0
54.216000000,socket,0.150018565,179.999271,0.039961,0.014777,1,4,0,0
