sim_time_s,wall_time_s,state,px,py,pz,vx,vy,vz,roll_rad,pitch_rad,yaw_rad,wx,wy,wz,position_error_m,speed_mps,yaw_error_rad,max_joint_error_rad,offboard,armed,q_shoulder_pan_joint,qd_shoulder_pan_joint,qcmd_shoulder_pan_joint,effort_shoulder_pan_joint,q_shoulder_lift_joint,qd_shoulder_lift_joint,qcmd_shoulder_lift_joint,effort_shoulder_lift_joint,q_elbow_joint,qd_elbow_joint,qcmd_elbow_joint,effort_elbow_joint,q_wrist_1_joint,qd_wrist_1_joint,qcmd_wrist_1_joint,effort_wrist_1_joint,q_wrist_roll_joint,qd_wrist_roll_joint,qcmd_wrist_roll_joint,effort_wrist_roll_joint,q_left_knuckle_joint,qd_left_knuckle_joint,qcmd_left_knuckle_joint,effort_left_knuckle_joint
11.866,0.229173344000003,PRESTREAM_SETPOINTS,0.03282088041305542,-0.00025079300394281745,0.042267266660928726,0.06500022858381271,0.010570758953690529,0.06739573925733566,-0.02133018201729976,0.029098559810559626,-0.0707259100760726,0.001901404233649373,-0.0021264813840389256,-0.004422876983880997,0.9582949762976677,0.09422821409136282,-0.07072591007607261,0.3865056074528237,False,False,-0.3865056074528237,-0.05760342843918367,0.0,nan,0.014314104505869452,0.0108792343147515,0.0,nan,0.06666094265810774,0.01741378446366326,0.0,nan,-0.010986631862601293,0.007632488697095291,0.0,nan,0.009135520369073724,-0.8295094144921491,0.0,nan,0.0014440783975704363,0.04493119802952426,0.0,nan
11.9,0.4236756369999739,PRESTREAM_SETPOINTS,0.03158487752079964,-0.0006781899719499052,0.043494224548339844,0.06165749579668045,0.009374712593853474,0.06680517643690109,-0.02137136141304758,0.028886254632463217,-0.07085684836634484,-0.0009265716653317213,-0.003909270279109479,-0.006966237910091876,0.9570273574470186,0.09139181376305269,-0.07085684836634483,0.38868032182826795,False,False,-0.38868032182826795,-0.056662327949849885,0.0,nan,0.014319313614373996,0.0036743347373781278,0.0,nan,0.06693189063169225,0.009667656861223105,0.0,nan,-0.01106323114714769,0.0003399758405355051,0.0,nan,0.009195433696211452,-0.8591450722903434,0.0,nan,0.0014734081883513994,0.06811928646997267,0.0,nan
11.934,0.5029417789999684,PRESTREAM_SETPOINTS,0.030697492882609367,-0.0010548330610617995,0.044526249170303345,0.060605235397815704,0.00917493924498558,0.06702317297458649,-0.021376486352810944,0.028791050220293296,-0.07092663292801271,-0.0015491575468331575,-0.0026527484878897676,-0.0066983322612941265,0.9559673306481942,0.09082554587424824,-0.07092663292801271,0.38762038185063385,False,False,-0.38762038185063385,0.485383071288797,0.0,nan,0.014201280076336253,-0.012130600550939605,0.0,nan,0.06652157030994577,-0.09687721779941055,0.0,nan,-0.011108581565208553,0.05426234311881536,0.0,nan,-0.009091893359423509,0.3689031830596823,0.0,nan,0.001318394071252449,-0.00951370610519775,0.0,nan
11.966,0.574600213999986,PRESTREAM_SETPOINTS,0.02922965958714485,-0.0013882061466574669,0.04447377100586891,0.05817689001560211,0.009519985876977444,0.06628432124853134,-0.021443059309231238,0.02867203958630937,-0.07101713325909526,-0.00216862210072577,-0.003608856815844775,-0.006723522674292325,0.9559742017500423,0.08870621120510004,-0.07101713325909526,0.363110996885708,False,False,-0.363110996885708,0.7731115872529627,0.0,nan,0.014710522686521621,0.03229808900865165,0.0,nan,0.06330737633450045,-0.06031590706679231,0.0,nan,-0.008651204899961407,0.08021472081829212,0.0,nan,-0.009581019346795117,-0.4113931897964902,0.0,nan,0.0011010788311676123,-0.0016102226655505536,0.0,nan
12.0,0.7606677579999541,PRESTREAM_SETPOINTS,0.02710800990462303,-0.0018724994733929634,0.044607747346162796,0.05535339191555977,0.009284306317567825,0.06477703899145126,-0.021265043656447307,0.02838179000914466,-0.07096488503714507,-0.00019806745694950223,-0.005153993144631386,-0.0027156078722327943,0.9557785867481235,0.08571033263764635,-0.07096488503714507,0.33431316840901637,False,False,-0.33431316840901637,0.6516378150725368,0.0,nan,0.015636866992491782,0.02953955499384272,0.0,nan,0.060734816920937185,-0.057686544531640904,0.0,nan,-0.005932931186721113,0.07249191728635918,0.0,nan,-0.010119100758295474,0.0008776952281748795,0.0,nan,0.00086337332815134,-0.009466428916439784,0.0,nan
12.033,0.9447015249999708,PRESTREAM_SETPOINTS,0.026375841349363327,-0.002036153804510832,0.04468471184372902,0.05431579053401947,0.009121357463300228,0.06441711634397507,-0.02138477255092417,0.02823016388920486,-0.0708848723893678,-0.0012024615425616503,-0.004764215089380741,-0.0029014793690294023,0.9556815006655206,0.08475239903024576,-0.0708848723893678,0.3087356571002893,False,False,-0.3087356571002893,0.6076352041697842,0.0,nan,0.01648028612155006,0.025024650924853734,0.0,nan,0.05834956445507711,-0.05392139828370564,0.0,nan,-0.0034216150329591244,0.06674397476663899,0.0,nan,-0.009426040725783125,1.10580095683352,0.0,nan,0.0006999173303166017,-0.0011178364816233355,0.0,nan
12.066,1.0319121979999863,PRESTREAM_SETPOINTS,0.024791939184069633,-0.0023851674050092697,0.04499507695436478,0.05061035975813866,0.009617792442440987,0.06413710117340088,-0.02143475024290876,0.02794900778766656,-0.0708903756030567,-0.0023773808497935534,-0.006541261449456216,-0.003592470195144414,0.9553296458885049,0.0822646837545806,-0.0708903756030567,0.29681673261980457,False,False,-0.29681673261980457,0.5651743045953206,0.0,nan,0.016880685883807978,0.025292156074451653,0.0,nan,0.05724797855520958,-0.0477556816032786,0.0,nan,-0.0022532307411369246,0.06139163631286243,0.0,nan,-0.009744652507263751,-0.26517113637936557,0.0,nan,0.0006172123400158824,-0.00695446167507674,0.0,nan
12.1,1.1140152399999579,PRESTREAM_SETPOINTS,0.023530635982751846,-0.0026829098351299763,0.04461221769452095,0.048237673938274384,0.008059598505496979,0.06304726004600525,-0.021314023248717336,0.027758971138076547,-0.07079575111070688,0.0006071815150789917,-0.004645306617021561,-0.003466148395091295,0.9556812771073406,0.07979215070640529,-0.07079575111070688,0.2745855673807114,False,False,-0.2745855673807114,0.5529280833283666,0.0,nan,0.01762150367289106,0.021670405275123344,0.0,nan,0.05518891936150272,-0.04508478011268715,0.0,nan,-0.00013121915771208137,0.06073040539765309,0.0,nan,-0.009827257425091496,0.8800614295720119,0.0,nan,0.0004981172465603478,-0.0012000196441873667,0.0,nan
12.133,1.198739168999964,PRESTREAM_SETPOINTS,0.02292405068874359,-0.002880911575630307,0.044406622648239136,0.04743834584951401,0.006895874626934528,0.06272147595882416,-0.02139410295401282,0.027691780244562907,-0.07073928713756046,1.2208402040414512e-06,-0.004171971697360277,-0.0028244024142622943,0.9558726455914677,0.07894259490453717,-0.07073928713756046,0.2539114174395021,False,False,-0.2539114174395021,0.5168403568602279,0.0,nan,0.018323145613632796,0.02392461827617885,0.0,nan,0.053306805152876,-0.03565909987807514,0.0,nan,0.001990527501647854,0.06230607094691954,0.0,nan,-0.010348521025373536,0.7514017897826891,0.0,nan,0.0004001244376121704,0.002057075273842579,0.0,nan
12.166,1.29696146699996,PRESTREAM_SETPOINTS,0.021224047988653183,-0.0032269267830997705,0.04397645220160484,0.045340172946453094,0.005477320868521929,0.06210624799132347,-0.02135964466561042,0.027434601456179677,-0.07064684316933052,0.00042214334825985134,-0.00561200175434351,-0.0030119523871690026,0.9562645539883398,0.07709032602260023,-0.07064684316933052,0.24440370243604104,False,False,-0.24440370243604104,0.45006699888911905,0.0,nan,0.018549859709436234,0.022407104284338425,0.0,nan,0.052327589302021416,-0.03680536820057204,0.0,nan,0.002798791936741374,0.04719605392767817,0.0,nan,-0.009791205119486612,0.25251414436939995,0.0,nan,0.00023084608799894824,-0.031179065102876102,0.0,nan
12.2,1.4836254159999953,PRESTREAM_SETPOINTS,0.0193049143999815,-0.0035652718506753445,0.04333873465657234,0.04272317886352539,0.004868597723543644,0.061427898705005646,-0.021292733733438172,0.02742054443168432,-0.07046858917976791,-0.0006748835439793766,-0.00081240973668173,-0.003145987633615732,0.956862669086765,0.07498239790318066,-0.07046858917976791,0.2264572417568127,False,False,-0.2264572417568127,0.4483910286800045,0.0,nan,0.01915932734939574,0.018078969785127064,0.0,nan,0.050672733221220234,-0.035561256127362925,0.0,nan,0.004582890179129606,0.050641870573447885,0.0,nan,-0.00976040548344681,0.8883691092213619,0.0,nan,0.00028578771687559623,0.0017135327232181696,0.0,nan
12.235,1.574863478999987,PRESTREAM_SETPOINTS,0.017735762521624565,-0.0038093121256679296,0.04320160299539566,0.0405106246471405,0.006608698517084122,0.0615849606692791,-0.0213725473462011,0.02733270448218029,-0.07026079082411717,-0.0010946461698040366,-0.00047848711255937847,-0.0025588045828044415,0.9569703447033636,0.07401008705594037,-0.07026079082411718,0.2097205004381335,False,False,-0.2097205004381335,0.393187430346386,0.0,nan,0.019647719050634116,0.024481547461814968,0.0,nan,0.04907631011206792,-0.028843855847071137,0.0,nan,0.006127454708679814,0.043140216197873796,0.0,nan,-0.010057069814166653,0.0026531059618045486,0.0,nan,0.0002902451236046488,-0.03268109308610734,0.0,nan
12.266,1.654512198999953,PRESTREAM_SETPOINTS,0.017210572957992554,-0.0038801466580480337,0.043193962424993515,0.040651049464941025,0.006517953705042601,0.06162627041339874,-0.021395322655643808,0.02731970676235345,-0.07009401704576784,-0.0012723762774839997,-0.0035117969382554293,4.136562347412152e-05,0.9569686791633335,0.07411335067427127,-0.07009401704576783,0.20204516235175962,False,False,-0.20204516235175962,0.37357836733109145,0.0,nan,0.019929690274759437,0.015440272387858889,0.0,nan,0.04839759386031428,-0.029823842245123182,0.0,nan,0.0069170814831220895,0.04377939128451253,0.0,nan,-0.00957183126078398,0.8444948059413797,0.0,nan,0.00019947684806709276,-0.00029644447251064854,0.0,nan
12.3,1.7369981919999873,PRESTREAM_SETPOINTS,0.01614881306886673,-0.0040328833274543285,0.04325758293271065,0.03905490040779114,0.006068467162549496,0.060654591768980026,-0.021337450837663904,0.027066677150162904,-0.06983993139155042,0.0010626157745718956,-0.004618107806891203,-0.0011533971410244697,0.9568871934179207,0.07239537997846994,-0.06983993139155042,0.18745283582955174,False,False,-0.18745283582955174,0.3505843178588859,0.0,nan,0.020381720458397368,0.017396519470596217,0.0,nan,0.04701836917426494,-0.027440718429011197,0.0,nan,0.008319181346348792,0.04254942187485732,0.0,nan,-0.009596672847388632,0.93755779203714,0.0,nan,0.00015011340852044697,-0.0020865608285379755,0.0,nan
12.333,1.8253877500000044,PRESTREAM_SETPOINTS,0.015667611733078957,-0.004112906288355589,0.043686360120773315,0.03857039287686348,0.005981452763080597,0.060412608087062836,-0.021334488933334925,0.027065039638481246,-0.06973518248864595,0.0013398262672126293,-0.004095984622836113,-0.0011507291346788402,0.9564508183250253,0.07192451737560437,-0.06973518248864595,0.1804587846752419,False,False,-0.1804587846752419,0.34459413921282306,0.0,nan,0.020645976787194265,0.01686805735407758,0.0,nan,0.04642102635181278,-0.02151748918545919,0.0,nan,0.009046062415970724,0.04315974957111524,0.0,nan,-0.010033792839236,0.8000803712036921,0.0,nan,0.00014568631542744015,0.0005128877604601567,0.0,nan
12.366,1.9081731149999541,PRESTREAM_SETPOINTS,0.014258531853556633,-0.0042371866293251514,0.04377100244164467,0.03591618686914444,0.004732385277748108,0.059276044368743896,-0.02130816355087966,0.026817843010151124,-0.0694122725748767,-0.00013645642320625484,-0.006112186703830957,-0.00039735643076710327,0.9563446843333253,0.06946954286334153,-0.0694122725748767,0.16744174811168744,False,False,-0.16744174811168744,0.32485107043166334,0.0,nan,0.021063547319696063,0.021364451090571668,0.0,nan,0.04521985809290374,-0.01748956625568648,0.0,nan,0.01030258257256822,0.04210983455974643,0.0,nan,-0.010466267296894927,-0.4757843034176097,0.0,nan,0.00011114408785051211,-0.006153110782913251,0.0,nan
12.4,2.106956686999979,PRESTREAM_SETPOINTS,0.012593816965818405,-0.004323403816670179,0.04406403750181198,0.03308118134737015,0.005211235955357552,0.058048065751791,-0.021328966781172846,0.026787130325579823,-0.06927168032112928,-0.00033912225626409054,-0.002701061544939876,-0.002780402079224586,0.9560286922700948,0.06701566590763874,-0.06927168032112928,0.15532609859660162,False,False,-0.15532609859660162,0.29119243654573373,0.0,nan,0.021380188615340856,-0.015796242813667344,0.0,nan,0.04403444923630229,-0.044343831705130794,0.0,nan,0.011387051207703891,0.021542261202341415,0.0,nan,-0.009246878820779791,1.6418251588126471,0.0,nan,-0.0003693138797116191,0.01816723278683058,0.0,nan
12.433,2.1865041410000003,PRESTREAM_SETPOINTS,0.01201630663126707,-0.004363575950264931,0.04413966089487076,0.03170301765203476,0.003940198104828596,0.058278344571590424,-0.021325441940983684,0.026692349901550137,-0.06916158332992924,-0.0008796423207968473,-0.00373045145533979,-0.0031401060987263914,0.95594582497875,0.06646030345518703,-0.06916158332992924,0.1497004950190286,False,False,-0.1497004950190286,0.27964874353917607,0.0,nan,0.0216013016672445,0.012874234833864979,0.0,nan,0.04355732410346658,-0.01868075703352764,0.0,nan,0.011981471335691829,0.033787564264724276,0.0,nan,-0.009654084982343214,0.8578351667118718,0.0,nan,7.173387568304435e-05,4.592238225092915e-05,0.0,nan
12.466,2.3627478889999907,PRESTREAM_SETPOINTS,0.010736639611423016,-0.004447353072464466,0.044124968349933624,0.028787050396203995,0.005425365176051855,0.05824321508407593,-0.02132602055633077,0.02652816660051884,-0.06895402478078055,0.000989498570561409,-0.0048829629085958,-0.0002680423785932356,0.9559456734101117,0.0651950992110376,-0.06895402478078055,0.13917166139426662,False,False,-0.13917166139426662,0.25700185247911017,0.0,nan,0.021889030557992406,0.019238223861030863,0.0,nan,0.04253808893930344,-0.014625227845886624,0.0,nan,0.012944566205391084,0.028963559462756142,0.0,nan,-0.010032153568936941,-0.1255892420332052,0.0,nan,0.0003289378158575218,-0.022795296663921966,0.0,nan
12.5,2.6592863249999823,PRESTREAM_SETPOINTS,0.009761537425220013,-0.004397707991302013,0.04397466406226158,0.02791755087673664,0.007841445505619049,0.05706334486603737,-0.021263332906058478,0.026405229854649603,-0.06886433092129876,0.001939272740855813,-0.003088451456278563,-0.003095458727329969,0.9560852840637943,0.0640086184968328,-0.06886433092129876,0.12935354850201009,False,False,-0.12935354850201009,0.2273679444862434,0.0,nan,0.022199784654119092,-0.01071129293630304,0.0,nan,0.04164152401569421,-0.03394757253598048,0.0,nan,0.013895238166941049,0.019494159815375868,0.0,nan,-0.009226754306451923,1.4754905135603464,0.0,nan,0.0003640312215367203,0.013967300599995236,0.0,nan
12.533,2.841980302999957,ABORT,0.009309048764407635,-0.004318969789892435,0.043802618980407715,0.02689049020409584,0.008613196201622486,0.05640369653701782,-0.021234950023457443,0.026481968460471805,-0.06876517464177911,8.95921402843669e-05,-0.002864833921194077,-0.0031002799514681097,0.9562524475041471,0.06307664064663095,-0.06876517464177911,0.12043336092407397,False,False,-0.12043336092407397,0.2166906238191492,0.0,nan,0.022462232785771974,-0.013597367186706403,0.0,nan,0.04080654009233253,-0.03393199171637458,0.0,nan,0.014740638421051777,0.015008974131780171,0.0,nan,-0.009364222150709978,1.305326105123221,0.0,nan,0.0004929866097489466,0.010494428206122647,0.0,nan
12.566,3.0226922379999905,ABORT,0.007861615158617496,-0.004292178899049759,0.04311192035675049,0.02437051199376583,0.009141492657363415,0.05553488805890083,-0.02129314989012515,0.026280499056162122,-0.06874770065369287,-0.001588151091709733,-0.005065230652689935,-0.006686825305223464,0.9569299999247329,0.06133198622707045,-0.06874770065369287,0.004106218971389394,False,False,-0.11632647404154906,0.19643047832637617,-0.12043269301293845,nan,0.022608604261890264,-0.002778772944083621,0.022462108212520083,nan,0.04045845527944625,-0.024270936418391377,0.040806313783423434,nan,0.015150959399038655,0.01875768011594276,0.014740556670974634,nan,-0.009527313759362777,0.23813732873650828,-0.009364170217689077,nan,0.000353718729319219,0.008706391645106892,0.0004929838756954933,nan
12.6,3.2198813299999642,ABORT,0.006099255755543709,-0.004295768216252327,0.04213458299636841,0.021792560815811157,0.009305529296398163,0.05305738374590874,-0.0213693455810884,0.02619065585505106,-0.06875397220659804,-0.0020333691500127316,-0.004357389640063048,-0.006511451676487922,0.9578944679018041,0.05810847229412913,-0.06875397220659804,0.008564411764287447,False,False,-0.11186343073459515,0.0509147445162799,-0.1204278424988826,nan,0.02310141870502136,0.002234636852391383,0.022461203534821002,nan,0.04078963836146965,0.01179906116950924,0.040804670279540704,nan,0.015890850705032378,0.003784978207369161,0.014739962984364006,nan,-0.009242663357870384,-0.11812208633844667,-0.009363793068942122,nan,0.0007553424805326614,-0.04388205126528535,0.0004929640204123593,nan
12.635,3.305981592999956,ABORT,0.004642783664166927,-0.004240533336997032,0.041018545627593994,0.019169393926858902,0.00957411527633667,0.05108298361301422,-0.021501525695825186,0.026103644405996936,-0.06856058800082596,-0.0023823766969144344,-0.003738680621609092,-0.003911207895725965,0.9590020685031652,0.05539495068736101,-0.06856058800082596,0.00981736495176773,False,False,-0.11059678250765348,0.031248579001891836,-0.12041414745942121,nan,0.023019171441845288,-0.004648494105951033,0.022458649249513084,nan,0.04106854927992121,0.003467667777303144,0.04080002997744701,nan,0.01580785686237185,-0.006952345046459246,0.014738286757583376,nan,-0.009281162601981308,-0.12105920501953957,-0.009362728219544121,nan,0.0008866914899519074,-0.05532331832666207,0.0004929079606044902,nan
12.666,3.5824859900000092,ABORT,0.004133372101932764,-0.004205550532788038,0.040558185428380966,0.018764862790703773,0.00943189486861229,0.050504229962825775,-0.02149810080816962,0.026061796078526617,-0.06853595173801796,0.0008587721385993063,-0.0025602807290852074,-0.0025402042083442207,0.9594599350513277,0.05469696481985525,-0.06853595173801796,0.010328894860508114,False,False,-0.11006237347821024,0.021964017062030116,-0.12039126833871835,nan,0.02295430711899904,-0.002173996242797273,0.022454382025454748,nan,0.041179008841877085,0.006969477424058591,0.040792277825144066,nan,0.015750153172591652,-0.0003383739177973289,0.014735486430140174,nan,-0.00908304441565111,0.6256759950004462,-0.009360949267539206,nan,0.0008996174933608714,-0.06224089646155032,0.0004928143063208033,nan
12.701,3.6794274069999915,ABORT,0.00299856741912663,-0.004102438688278198,0.03981276601552963,0.015745239332318306,0.009601695463061333,0.05028194934129715,-0.021344402991309828,0.02594881640211946,-0.06825130940930223,0.0023302752524614334,-0.005302825476974249,3.1516130547971184e-05,0.9602006799187898,0.05355725484897568,-0.06825130940930223,0.011352307189924693,False,False,-0.10899735390831378,0.02203916717337866,-0.12034966109823847,nan,0.0228247429384556,-0.00239363117512717,0.02244662178764305,nan,0.04138686181267648,0.006589103818661058,0.04077818000778062,nan,0.015641923813642933,6.073126701720832e-06,0.014730393843809397,nan,-0.009398441852098927,-0.17410237221583091,-0.009357714122061725,nan,0.0009495897921425467,-0.056759168069141185,0.0004926439896222756,nan
12.734,3.7657280279999554,ABORT,0.0017266953364014626,-0.003945513628423214,0.03869429975748062,0.012934735976159573,0.011004196479916573,0.04987027496099472,-0.021368966507049794,0.02586860163232447,-0.0680349721775528,0.0012481348821893334,-0.004542753100395203,-0.0013501857174560421,0.9613153477778961,0.052682483423114955,-0.0680349721775528,0.011815842313693425,False,False,-0.10847599409904607,0.02068916623845999,-0.1202918364127395,nan,0.022761169544368798,-0.002264735467366702,0.022435836806334916,nan,0.04148911875775063,0.006053034240844942,0.040758587219461545,nan,0.015596291091498848,0.00035224092314198926,0.014723316296739288,nan,-0.009397140056574216,-0.19197175589268786,-0.009353217999088384,nan,0.0009690296467805837,-0.05790468733815216,0.0004924072878027364,nan
12.766,3.8563332649999893,ABORT,0.0010854762513190508,-0.003978151362389326,0.03824540600180626,0.012549448758363724,0.01127410028129816,0.04961541295051575,-0.02132760693149113,0.025870059620444447,-0.06780271580491926,0.0007191876647993922,-0.003773451317101717,-0.0011064298450946804,0.9617634340229331,0.052404992162405385,-0.06780271580491926,0.0127501831410788,False,False,-0.10746545961062459,0.028463393895947618,-0.12021564275170339,nan,0.022644329064982927,-0.001719989094426978,0.022421625795881823,nan,0.041686346981471445,0.006169788679492206,0.04073277045523612,nan,0.015526729312883347,7.485671307481782e-05,0.014713990448828944,nan,-0.009356664281694904,-0.18432519657680452,-0.009347293607682683,nan,0.0009935069543702824,-0.06067408686465829,0.0004920953937033745,nan
12.8,4.035586297000009,ABORT,-0.00034062875784002244,-0.004024168476462364,0.03664159029722214,0.010289961472153664,0.010468335822224617,0.04775101691484451,-0.02129984846821833,0.025697633606889533,-0.06775218697000683,0.0009383695432916284,-0.005177881568670274,-0.003558684373274445,0.96336687482233,0.049956270661319836,-0.06775218697000683,0.013634036178944792,False,False,-0.10647605051432318,0.028009405405188856,-0.12011008669326798,nan,0.02254032159568986,-0.0021575311808316104,0.022401938354309717,nan,0.041878684119484255,0.005223521690447858,0.04069700480444399,nan,0.01548319371501794,2.119312561992383e-05,0.014701070742207714,nan,-0.009315261982534295,-0.20307084072588513,-0.009339086161066911,nan,0.0010128589573117353,-0.06173587905572677,0.0004916633064230125,nan
12.834,4.1126750509999965,ABORT,-0.001525065628811717,-0.004022442735731602,0.03532949462532997,0.009224716573953629,0.011246517300605774,0.04594704881310463,-0.02130539586934951,0.02554358986990212,-0.06767758420048546,-5.4608695791102946e-05,-0.0054761599749326715,-0.004484295845031737,0.9646800971361209,0.04819451049545393,-0.06767758420048546,0.014420848907906098,False,False,-0.10555551724154633,-0.0045850628021825365,-0.11997636614945242,nan,0.022469449289578947,0.05250818333768711,0.02237699790624468,nan,0.04203615331691246,0.05468631010463805,0.040651696156653136,nan,0.015376257170550467,0.043206624452450576,0.014684703797278775,nan,-0.008527429363472727,0.3983882107882346,-0.00932868880215577,nan,0.0005742705841580431,0.010177142361038227,0.0004911159295413612,nan
12.866,4.281924959999969,ABORT,-0.0021072484087198973,-0.0040055494755506516,0.03442436456680298,0.009196406230330467,0.00949446763843298,0.045808564871549606,-0.02138488747367472,0.02554046539478254,-0.06760866646995346,-0.003206331981346011,-0.006271684542298317,-0.0029613841325044623,0.9655862429968021,0.047677493840191314,-0.06760866646995346,0.01461619780557473,False,False,-0.105206181174192,0.021306546338092376,-0.11982237897976673,nan,0.022546485473965205,0.007539325097499031,0.02234827749501508,nan,0.042191420210336616,0.011008831199183989,0.04059952055044843,nan,0.015374077067606962,0.005255721082796698,0.014665856285489672,nan,-0.009444946727163561,-0.14803385167054106,-0.009316715624173924,nan,0.0005362832240072279,-0.028843960599310218,0.0004904855924641119,nan
12.9,4.375249806999989,ABORT,-0.002762099727988243,-0.003963038325309753,0.033102042973041534,0.008205609396100044,0.010187018662691116,0.04471983015537262,-0.0214874089159604,0.02533991673612851,-0.06745365980354291,-0.001738345599733293,-0.006366005167365074,-0.0026524250861257306,0.9669100238236137,0.04659367536394566,-0.06745365980354291,0.015198877351705303,False,False,-0.10442762507111158,0.023232595793041034,-0.11962650242281689,nan,0.022599416393259908,0.0011148977923848683,0.02231174422229294,nan,0.04233573312920935,0.0036893817672482452,0.04053315152684075,nan,0.015290702681872936,-0.0007477805069709621,0.014641881653552107,nan,-0.009379134132303513,-0.056334383371556954,-0.009301485362564343,nan,0.0005480254086531744,-0.02410642748944937,0.0004896837837377003,nan
12.933,4.5528187749999915,ABORT,-0.0034099884796887636,-0.003873539622873068,0.031494416296482086,0.007001577876508236,0.009689809754490852,0.043930359184741974,-0.021478849374231928,0.025259046015301354,-0.06737427742739054,0.0003358582325745374,-0.0053603979758918285,-0.0022283776197582475,0.968519332793896,0.04552791411803839,-0.06737427742739054,0.015808860857352725,False,False,-0.10359359049721117,0.017396215978093838,-0.1194024513545639,nan,0.022576822178073996,-0.003599255360384369,0.022269956073125766,nan,0.042391212550896284,-0.0024652974239567456,0.04045723610914217,nan,0.015160411084770509,-0.00768623911178249,0.014614458556167574,nan,-0.009301853104846991,-0.09115476560101951,-0.0092840644090999,nan,0.000573593559098029,-0.02897315358704708,0.0004887666443694955,nan
12.966,4.731445348999955,ABORT,-0.0041172439232468605,-0.003921193070709705,0.03053305856883526,0.006315852515399456,0.00954490341246128,0.04337553679943085,-0.021535719297758594,0.0251171704388934,-0.06734778471289819,-0.001371572958305478,-0.005844446364790202,-0.003547649132087826,0.9694836140856218,0.044860142295675705,-0.06734778471289819,0.01596812160722881,False,False,-0.10317488104776196,0.02286501672266951,-0.11914300265499077,nan,0.02256717057222435,0.0011600382712103022,0.022221565851005737,nan,0.04241740683222073,0.0031615096746939056,0.04036932688133519,nan,0.015110656657598476,-0.00016380130932239743,0.014582702907733659,nan,-0.008930954971865468,0.46205732687497975,-0.00926389113451158,nan,0.0005673566734358815,-0.035473820040512555,0.00048770460695872394,nan
13.0,4.918044244999976,ABORT,-0.005115704145282507,-0.003979700617492199,0.029024094343185425,0.0043650465086102486,0.00912818405777216,0.04195353761315346,-0.0216217177450233,0.025137359506072914,-0.06713014656617679,-0.0018410765333101153,-0.0029499365482479334,0.0005934190121479336,0.9709975374901721,0.0431564212310657,-0.06713014656617679,0.01649644449808997,False,False,-0.10234033790363295,0.023171537836230573,-0.11883678240172292,nan,0.02254451224458265,0.0017727115849928263,0.022164452186155374,nan,0.04246158219343865,0.0036840085058327614,0.040265570007440944,nan,0.015022267727387018,0.0008010006734404159,0.014545222578396425,nan,-0.00890929067910129,0.47810737740812276,-0.00924008116643758,nan,0.0005843938075793531,-0.0373765059623932,0.00048645111304859256,nan
13.033,5.100689885999998,ABORT,-0.00562325632199645,-0.003991595469415188,0.028229234740138054,0.003855673596262932,0.008649141527712345,0.04031052440404892,-0.021616087705911932,0.025190738478037322,-0.06694982091306804,-0.0014275811845436692,-0.0020803986117243762,0.0020908126607537274,0.9717952325772091,0.04140787661516515,-0.06694982091306804,0.017001626632339895,False,False,-0.10149850834428342,0.01724944024905682,-0.11850013497662332,nan,0.022514875861880057,-0.0028335053795775656,0.022101663497279662,nan,0.04249066278109748,-0.0019898088767543766,0.04015150346853594,nan,0.014947355212340696,-0.004951047041485994,0.014504018065538067,nan,-0.009242656377095315,-0.12341750497936305,-0.009213905352270237,nan,0.0006173434048530879,-0.03335579507291639,0.000485073067368333,nan
13.067,5.1891637150000065,ABORT,-0.006185627076774836,-0.003985297400504351,0.02685992233455181,0.003146495670080185,0.009701767936348915,0.038914747536182404,-0.021587392759766053,0.025260339759117015,-0.06678397204491246,0.0006282514077611268,-0.0038564447313547134,-7.604403072036755e-05,0.9731678967867867,0.04022912268366557,-0.06678397204491246,0.017041095388010408,False,False,-0.10106999257008553,0.023750386035600535,-0.11811108795809594,nan,0.02250548429987642,-0.001165743317924342,0.022029101670326397,nan,0.042506045709723494,0.0007978806893867622,0.04001968232996164,nan,0.01492637360943938,-0.0003116597329330122,0.014456400018637294,nan,-0.008836991674771255,0.5103849656638222,-0.009183655239837864,nan,0.0006177376254825617,-0.03849333393182546,0.00048348052715169263,nan
13.1,5.376988568999991,ABORT,-0.006710556801408529,-0.003925567027181387,0.025225788354873657,0.0033573629334568977,0.009190956130623817,0.03902279585599899,-0.02151744186419063,0.0251777377777377,-0.06664608059899717,0.002366721862927079,-0.004358809441328049,-0.0017838289495557542,0.9748052140491696,0.040230885608956886,-0.06664608059899717,0.017479075834911192,False,False,-0.10021209911035278,0.02484513221003071,-0.11769117494526397,nan,0.022480757930907203,-0.002823735055865052,0.021950782973815447,nan,0.0425247107288218,-0.0028263916952615546,0.03987740283977767,nan,0.014889443948677972,-0.005431739095639281,0.014405004077820256,nan,-0.00916825830114476,-0.11462153095302656,-0.009151005160939779,nan,0.00064202312517736,-0.03519634060968225,0.0004817616388719243,nan
13.133,5.583930081999995,ABORT,-0.006922474130988121,-0.0038843026850372553,0.024331441149115562,0.0039246720261871815,0.008900274522602558,0.03735341876745224,-0.02146901589704015,0.02517084227363312,-0.06657401719331454,0.003239869140088558,-0.002487440593540669,-0.0026818807236850257,0.975700848203795,0.038599168782597865,-0.06657401719331454,0.01745222957835267,False,False,-0.09977617379897996,0.02428290604464925,-0.11722840337733263,nan,0.022472519534682434,0.0016977659598839375,0.02186447065465611,nan,0.042536921902389224,0.0028815947016262566,0.03972060154821289,nan,0.01488477978920244,0.0025183120607260223,0.01434836239397055,nan,-0.00880228158283014,0.5296895747440197,-0.009115022641363053,nan,0.0006311285076208151,-0.04107449031211542,0.0004798673117136339,nan
13.166,5.675409480999974,ABORT,-0.007326338440179825,-0.003917432390153408,0.022981172427535057,0.003101496957242489,0.009073874913156033,0.03612271323800087,-0.021405729360533497,0.025222933144409047,-0.0664540819246458,0.0019593127071857452,-0.0030144799966365103,-0.00185469735879451,0.9770541494423661,0.037373853172909935,-0.0664540819246458,0.017835757622627707,False,False,-0.0988859909912545,0.0254185803432428,-0.11672174861388221,nan,0.02244728823305575,0.001198088203668425,0.021769973605405623,nan,0.0425411864332661,0.0022565347147709995,0.03954893127546558,nan,0.01487530799549397,0.0028244681201847633,0.014286349554546144,nan,-0.009207376126804334,-0.11374909769446148,-0.009075628010819974,nan,0.0006628616118797837,-0.03300583158521625,0.00047779335137382366,nan
13.2,5.784872044999986,ABORT,-0.007864619605243206,-0.004074533935636282,0.021563353016972542,0.0024871439673006535,0.008837033994495869,0.03495471179485321,-0.021294990355061657,0.025134208046133758,-0.06627672014955283,0.0009789355099201202,-0.006822461728006601,-0.0008799760835245243,0.9784767377039258,0.03614015677325163,-0.06627672014955283,0.01818266718444636,False,False,-0.0979702425833393,0.02611332180593147,-0.11615290976778567,nan,0.02242493516715527,-0.002246005528255921,0.021663878496205227,nan,0.04253846968727171,-0.002912095492692884,0.039356191116084425,nan,0.014884916373747892,-0.0038688497853348156,0.01421672559249925,nan,-0.009043801910986637,-0.13287994777905449,-0.009031398295050772,nan,0.0006712155172339251,-0.03793145311328403,0.00047546484428842036,nan
13.233,5.86825861899996,ABORT,-0.00803348422050476,-0.004121013917028904,0.020897936075925827,0.0018653487786650658,0.008869390934705734,0.034240782260894775,-0.021272188716266637,0.02505699604363218,-0.06621196805936506,0.0022250234615057707,-0.006666671484708786,-0.0004915995523333541,0.9791436928279768,0.03542000552592721,-0.06621196805936506,0.018044746353387764,False,False,-0.09750983794972523,0.02654202208463877,-0.115554584303113,nan,0.022413397156079817,-0.0019381001699354094,0.021552283787180992,nan,0.042535829909591705,-0.0026152045217237964,0.03915345998016751,nan,0.014894938072036012,-0.002741608922408335,0.01414349256748712,nan,-0.008992460849079897,-0.13877067518141323,-0.00898487586533004,nan,0.0006755676379155418,-0.03938241440781116,0.0004730156355302142,nan
13.266,6.0819186909999985,ABORT,-0.008364664390683174,-0.004235338419675827,0.01958094723522663,0.0014212706591933966,0.007097991183400154,0.032387156039476395,-0.02121434326517947,0.025038548060740424,-0.06598108008522223,-0.0007697477121837437,-0.005958976689726114,-0.0003299134550616138,0.9804638824179468,0.03318628279051004,-0.06598108008522223,0.018348374087390984,False,False,-0.09656174142174834,0.027157242807792678,-0.11491011550913932,nan,0.022391699681956645,-0.0015916127448705056,0.021432082806636003,nan,0.04251663073645329,-0.0024617375666164546,0.0389350940599793,nan,0.014930563012467424,-0.002010931215152437,0.014064611754125062,nan,-0.008937250347740289,-0.14907559031337483,-0.008934765589326248,nan,0.0006821977539051005,-0.039997544036697474,0.0004703775418708471,nan
13.3,6.279548100999989,ABORT,-0.00853694137185812,-0.0043287076987326145,0.01824207231402397,0.0014093462377786636,0.007399417459964752,0.030992470681667328,-0.021268369025953988,0.025030202726098582,-0.0658306163232942,0.0006197307375259697,-0.002410188550129533,-0.0005466133588925001,0.9818045862861865,0.0318946841106599,-0.0658306163232942,0.018617150394668033,False,False,-0.0955802007909643,0.027272211809358394,-0.11419735118563233,nan,0.02237921128891429,0.001122088355972355,0.021299143909696134,nan,0.04249790601570069,0.0013402919108187559,0.0386935875063101,nan,0.0149915240587557,0.0038767119929413933,0.013977371797591209,nan,-0.008627487420715951,0.5917005276383864,-0.008879345036290053,nan,0.0006786021925968555,-0.04793647206992349,0.0004674598846311954,nan
13.333,6.369348518999971,ABORT,-0.008557900786399841,-0.004415356554090977,0.01735331118106842,0.0009856466203927994,0.005296926945447922,0.029432808980345726,-0.02122863536553867,0.02509926976152318,-0.06554769875386089,0.0010676297824829817,-0.0023101468104869127,0.0004952920717187229,0.9826938730276992,0.029921884613092538,-0.0655476987538609,0.018868950746749547,False,False,-0.09458890991260205,0.020315006529681694,-0.1134578606593516,nan,0.02236356395603689,0.0012958146232033524,0.02116122026282006,nan,0.042464667383097954,0.0014124784997788299,0.038443025290184625,nan,0.01506013174993992,0.004942219481044329,0.013886860643704457,nan,-0.008597600947568118,0.5847008783971398,-0.008821846403740854,nan,0.0006877177881978724,-0.04771408673715601,0.00046443282531228756,nan
13.366,6.446101845999976,ABORT,-0.008740752004086971,-0.004523061215877533,0.016921360045671463,0.0018366328440606594,0.004963040817528963,0.02886253595352173,-0.021155843294445333,0.025198717812005774,-0.0655351153816244,0.001480031874962151,-0.002740425290539861,-0.002129329135641455,0.9831279017314135,0.029343670118590744,-0.0655351153816244,0.018589116349528353,False,False,-0.0940820491310701,0.020975696984029145,-0.11267116548059845,nan,0.022356811705234847,0.0008284546067607627,0.021014492395217507,nan,0.042446285957194796,0.0007550026568399531,0.03817646868073757,nan,0.015098885890389546,0.0048276378507267435,0.013790571799080286,nan,-0.008550381448001687,0.5912971244003721,-0.008760677402376014,nan,0.0006900252837276355,-0.04811229183490462,0.0004612125366306169,nan
13.4,6.630222533999984,ABORT,-0.009100159630179405,-0.004712899215519428,0.015741538256406784,0.0008759658085182309,0.004802135284990072,0.028251878917217255,-0.021181218614122702,0.025097618767849522,-0.06537660031582991,-0.0007776649435982108,-0.005924929399043322,-0.0012171666603535407,0.9843118123024709,0.028670481016999774,-0.06537660031582991,0.018776691408534316,False,False,-0.0930344599115438,0.029327340088776913,-0.11181115132007811,nan,0.022347009850625987,0.0012761561699890884,0.020854089678524694,nan,0.04240248255425172,0.0007930045958159152,0.037885069337134,nan,0.015189472235572765,0.004657676549162982,0.013685308957622206,nan,-0.008492039437624221,0.6345059321473491,-0.008693807528529798,nan,0.0006937696761726286,-0.050068600513737245,0.00045769212117365476,nan
13.433,6.803131063999956,ABORT,-0.009315881878137589,-0.0048362743109464645,0.014644786715507507,0.0004400672041811049,0.006365716923028231,0.026953844353556633,-0.02118165399185501,0.02497597312366607,-0.0651533426081414,-0.00023242204042617232,-0.007159407716244459,0.0005522097926586875,0.9854111180371905,0.02769883998517051,-0.0651533426081414,0.01842463162581895,False,False,-0.09250379208751358,0.022564887224494682,-0.11092842371333253,nan,0.022343231461222857,0.0006756452646056569,0.020689450638004623,nan,0.04237756713203211,7.240023253888119e-05,0.03758597397685437,nan,0.015240977130090094,0.004912396362520815,0.013577266066719905,nan,-0.008437940266338373,0.626719319743118,-0.00862517158459611,nan,0.0006927846116084879,-0.04903280290119357,0.0004540787296113645,nan
13.466,6.99216445899998,ABORT,-0.009361224249005318,-0.0048612807877361774,0.01431570015847683,0.0009098151931539178,0.005941932089626789,0.026233535259962082,-0.021258434159681774,0.02495783742838596,-0.06505712527285609,-0.002179713686928153,-0.007069509942084551,0.00027878955006599513,0.9857407384928408,0.026913429600835048,-0.06505712527285609,0.01860613119523863,False,False,-0.0913924055301143,0.03132547177948673,-0.10999853672535292,nan,0.02233847947144163,0.000743289663807911,0.020516015820374427,nan,0.042320607404588095,-0.00024411241864428948,0.03727089956254611,nan,0.015353701211474835,0.004522254656344098,0.01346345102612754,nan,-0.008381448027768634,0.6681747172058823,-0.00855286879188417,nan,0.0006968609628419387,-0.05111653511331288,0.0004502722940013616,nan
13.5,7.182128137999996,ABORT,-0.00939786434173584,-0.004936735611408949,0.013565875589847565,-0.00022696953965350986,0.004853018559515476,0.024954967200756073,-0.021224728061531094,0.02482047640993323,-0.06482288335540626,0.0009692934108898044,-0.0056054070591926575,0.0019821864552795896,0.9864912432523193,0.0254234870208975,-0.06482288335540626,0.018740773333750266,False,False,-0.09025062996650757,0.024547323314182405,-0.10899140330025783,nan,0.02233753896455859,-0.00027997195642372034,0.020328173637218217,nan,0.042257901516255636,-0.0012373236191485283,0.036929651670980744,nan,0.01548168765298552,0.004656709556216964,0.013340181281372668,nan,-0.008338743902897683,0.6640351318461957,-0.00847455974980785,nan,0.0007021088962497757,-0.050660770459358316,0.0004461496548173942,nan
13.533,7.368155282999965,ABORT,-0.009375236928462982,-0.004988435190171003,0.013216793537139893,-0.0007266934844665229,0.0038919418584555387,0.025528421625494957,-0.021248493024036856,0.02482301646066601,-0.06465223684067739,-0.0005291885463520885,-0.004957620054483414,0.0006331142503768212,0.9868403498592033,0.02583361386912414,-0.06465223684067739,0.018298677907723188,False,False,-0.0896679483894447,0.03216892444831521,-0.10796662629716788,nan,0.022339085740977538,0.0007989915187623563,0.020137040720057297,nan,0.04222280470570272,-0.0018215510636930385,0.03658242559058717,nan,0.015547362109153973,0.0025791821962462837,0.01321475202199759,nan,-0.00833586323706026,-0.197481894468411,-0.00839487884214039,nan,0.0007046798912826446,-0.04243445230466126,0.0004419547927241533,nan
13.566,7.653836511000009,ABORT,-0.009502395056188107,-0.00508995121344924,0.012534817680716515,-0.0021418973337858915,0.0034888710360974073,0.025134319439530373,-0.021333482097965442,0.024846352841744187,-0.06457361586920551,-0.00028263323474675417,-0.004377729259431362,-0.0006591402925550932,0.9875240196613017,0.025465544545195826,-0.06457361586920551,0.018418225677140673,False,False,-0.08847752388515051,0.033436144799235026,-0.10689574956229118,nan,0.022353757494028237,0.002647801085915181,0.01993730966282281,nan,0.042158638850920305,-0.00034932827895843696,0.036219579498105864,nan,0.015702375835402016,0.004391276160452822,0.013083680310461733,nan,-0.00826028399820089,-0.1926598798082249,-0.008311613478087863,nan,0.0006984562965266505,-0.04234316533647908,0.0004375712241935141,nan
13.6,7.7408781849999855,ABORT,-0.009864960797131062,-0.005193755961954594,0.011753696016967297,-0.003088477300480008,0.0034063158091157675,0.02475757710635662,-0.02125167033124812,0.024822553213079582,-0.06443963040079859,-1.9651582988444716e-05,-0.004980577155947685,-0.0019120741635560983,0.9883091873946361,0.02518093134902293,-0.06443963040079859,0.0184484479177824,False,False,-0.08729634654831564,0.03237078700194698,-0.10574479446609804,nan,0.022398652119255402,0.009789236100202514,0.019722643053020565,nan,0.042066947378142316,0.006196977587096711,0.03582960038503527,nan,0.015754158397111695,0.01193486419408933,0.012942807276763488,nan,-0.008401119995061102,-0.13800135738199654,-0.008222121670140735,nan,0.00040044058545962713,-0.018766420946360246,0.00043285985978010004,nan
13.633,8.043421196999986,ABORT,-0.01002130750566721,-0.005241861566901207,0.011476193554699421,-0.004908774979412556,0.0034952498972415924,0.023988094180822372,-0.021330920805004486,0.02474714468700777,-0.06440927621316925,-0.0002776869514491409,-0.005166364833712578,-0.0008630311931483441,0.988588498631213,0.024733408703021067,-0.06440927621316925,0.017861939600562662,False,False,-0.08672019641016604,0.025535722464978587,-0.1045821360107287,nan,0.022475296486936358,0.0055545453529858855,0.019505793629617723,nan,0.0420571210012195,0.00143253374419641,0.035435655812628725,nan,0.015846849379078876,0.007468529453117007,0.012800501791254512,nan,-0.00828987842358142,-0.11466285383397007,-0.008131719874675244,nan,0.00041006849217950503,-0.020287204198911044,0.00042810058838045997,nan
13.666,8.126384113999961,ABORT,-0.010205859318375587,-0.005278917495161295,0.011113450862467289,-0.005349095910787582,0.0035667484626173973,0.023808706551790237,-0.021343404967002332,0.024742426086460285,-0.06429686250855864,-0.0017428703140467405,-0.00499392207711935,0.0006031361990608281,0.9889533020317416,0.024661488789763836,-0.06429686250855864,0.017894255110733392,False,False,-0.0854811045242947,0.03436493727737896,-0.10337535963502809,nan,0.022540661080565627,0.003584535699092741,0.019280715697196266,nan,0.04193299066873468,-0.0009686769415889335,0.035026762727028024,nan,0.01595488473426432,0.005500712175983924,0.012652796420643085,nan,-0.007750540463705491,0.5879535038439466,-0.00803788771735952,nan,0.00039364275017650385,-0.02674444119313421,0.00042316072296761287,nan
13.7,8.209319243999971,ABORT,-0.010356816463172436,-0.005284527316689491,0.010554793290793896,-0.005817075725644827,0.00441483361646533,0.023381629958748817,-0.02153779809285683,0.02467561416329572,-0.06408577626667013,-0.002944127656519413,-0.005751393735408783,0.0012046823976561434,0.9895135203502964,0.024495504595472593,-0.06408577626667013,0.017900038583117645,False,False,-0.0841867209881304,0.029312569532649393,-0.10208675957124805,nan,0.02258559332142962,-0.001009260845365677,0.01904037668831786,nan,0.041781645994428906,-0.006731230308029466,0.034590145250257845,nan,0.01605810827024179,-0.0009630856851747483,0.012495076105742128,nan,-0.007952311271222534,-0.095000323673256,-0.007937693409336657,nan,0.0004205433773583067,-0.02032096077203764,0.00041788591728344956,nan
13.733,8.401699826999959,ABORT,-0.010394018143415451,-0.005257334094494581,0.00944454874843359,-0.00412690918892622,0.004095893818885088,0.022412270307540894,-0.02147185591637356,0.02469457032277831,-0.06397440084900236,-0.0001370407990179956,-0.004625358153134584,-4.236369568388852e-05,0.9906239332759638,0.023154213136435967,-0.06397440084900236,0.017927149153507058,False,False,-0.08286593927106889,0.02884868240118249,-0.10079308842457595,nan,0.022637164174573954,0.002930485317967868,0.018799091863068274,nan,0.04163702656038559,-0.0014402176227801562,0.03415180953407493,nan,0.01618388235345769,0.006267390059200895,0.012336735107346647,nan,-0.0075899769168792375,0.5945704500053465,-0.00783710480237219,nan,0.0004009446155661678,-0.026984171578610404,0.0004125903534310882,nan
13.766,8.48300259499996,ABORT,-0.010497762821614742,-0.005320818163454533,0.008732006885111332,-0.0037185861729085445,0.0028846936766058207,0.0223864559084177,-0.02153770140354166,0.024650112572313185,-0.06393551873742172,-0.0002862550027202815,-0.004875517450273037,-0.0009888471104204648,0.9913378577983424,0.022875811436378075,-0.06393551873742172,0.01726654543330286,False,False,-0.08219156568153263,0.036626179214591666,-0.09945811111483549,nan,0.02266345311595952,0.002580406946423431,0.018550102954471605,nan,0.041562761009677374,-0.002039421189676956,0.03369947801484894,nan,0.01624691007684742,0.0056591353151375775,0.012173338373483193,nan,-0.007863443091829403,-0.06827311425368439,-0.00773330446001981,nan,0.0004039452953836786,-0.015784721996566803,0.00040712570532220064,nan
13.801,8.553723142999957,ABORT,-0.010720381513237953,-0.005480573046952486,0.007476909551769495,-0.0052444967441260815,0.0031677610240876675,0.020966457203030586,-0.021550378356129808,0.024642058134854056,-0.06388371520156884,0.0004624559369403869,-0.004957072902470827,-0.0026028412394225593,0.9925961154133229,0.0218433464389363,-0.06388371520156884,0.017176081294305784,False,False,-0.08082222891959834,0.037997335105515076,-0.09799831021390412,nan,0.02270846832132012,0.000348154486502608,0.01827783298370933,nan,0.04140648920383683,-0.005816901882705098,0.03320485241000317,nan,0.016382807378929165,0.0004497554040447118,0.011994663651776132,nan,-0.007617649973167495,-0.08884716399442551,-0.0076197985358536155,nan,0.00040786180022855945,-0.020819457457587565,0.00040115009946401723,nan
13.833,8.726265781999984,ABORT,-0.010856583714485168,-0.00558997830376029,0.0062726689502596855,-0.0053508770652115345,0.003985540941357613,0.019039342179894447,-0.021562719249476985,0.024639890795459404,-0.06388991913599543,0.0003542698104865849,-0.004302527755498886,-0.002802863251417875,0.9938023554724683,0.020174562513357072,-0.06388991913599543,0.016508068112993435,False,False,-0.08011717216989833,0.031872825923300714,-0.09662524028289177,nan,0.02272830663172254,0.00011431723221007404,0.018021739354959838,nan,0.04132391648402489,-0.00575111848572978,0.032739613934886995,nan,0.016456800720129117,0.0016878654457251913,0.011826604509155078,nan,-0.0075005318785175135,-0.12307710363522861,-0.0075130363250857386,nan,0.0004079017526157358,-0.019155125884219637,0.00039552952153574074,nan
13.866,8.809841373999973,ABORT,-0.010878407396376133,-0.005609098821878433,0.00570890074595809,-0.005043202545493841,0.004065526649355888,0.0190078467130661,-0.02159908758747877,0.024673380979942514,-0.06385474075612038,0.0005027959705330431,-0.004527592565864325,-0.0020488733425736423,0.9943664273259059,0.020081350440618186,-0.06385474075612038,0.01650904690534577,False,False,-0.0786630429982278,0.04015167065670214,-0.09517208990357356,nan,0.022775103829271615,-0.0003802437832892879,0.017750709784394615,nan,0.04116453933145081,-0.005000454152321998,0.03224724173204512,nan,0.016625090862189218,0.0037241126168808735,0.011648743788931151,nan,-0.007153498170078265,0.7047726862209321,-0.007400047508150679,nan,0.00040191135095746233,-0.028313361541590695,0.0003895811391817258,nan
13.9,8.899368957999968,ABORT,-0.010856023989617825,-0.0056244805455207825,0.004964182153344154,-0.004513453226536512,0.00493983831256628,0.017676223069429398,-0.021463351706116934,0.024654059355932047,-0.06375453913488197,0.0031844270415604115,-0.003868516301736236,-0.0019224609714001413,0.9951109319246942,0.018900320753433224,-0.06375453913488197,0.0164722303250755,False,False,-0.07716457657519893,0.04095407308460308,-0.09363680690027443,nan,0.02282257332249671,0.0019505990533489458,0.017464361517207372,nan,0.041003499341957905,-0.0030148466321159974,0.03172704046101442,nan,0.016809125311033846,0.006048844857535544,0.011460830311702142,nan,-0.007339895003881658,-0.08428783455265816,-0.007280672519386843,nan,0.0004232764786067378,-0.019028287970444882,0.00038329655194614426,nan
13.933,9.084963453,ABORT,-0.010723099112510681,-0.005595780909061432,0.0044157360680401325,-0.0041821906343102455,0.004250993486493826,0.016811268404126167,-0.021402974624468284,0.024660697646226543,-0.06360404424750643,0.0033784175757318735,-0.003434510435909033,-0.001231604721397161,0.9956577344687788,0.017837612213508176,-0.06360404424750643,0.016458879920772412,False,False,-0.07565224278563765,0.03430737075038513,-0.09211112270641006,nan,0.022880270548272463,0.0015328176892166335,0.017179803540437466,nan,0.040854738338104823,-0.003286567933560026,0.031210091562906245,nan,0.017014130536273875,0.006539136143068799,0.011274091696472041,nan,-0.007144422647030524,-0.12203335647279356,-0.007162043880166355,nan,0.0004174269692081012,-0.018870727024284044,0.00037705125685091786,nan
13.967,9.278831585999967,ABORT,-0.01070413552224636,-0.0056539722718298435,0.003991663921624422,-0.00396124180406332,0.004207371734082699,0.017263073474168777,-0.021394283281159478,0.024609066227935756,-0.0635086418325295,0.002209761179983616,-0.005623141303658485,0.000359589001163841,0.9960818999747679,0.018204590610985092,-0.0635086418325295,0.015606546596643331,False,False,-0.0748975722522136,0.032025042711632264,-0.09050411884885694,nan,0.022868650573690807,0.00405857590972096,0.016880078493664515,nan,0.040712683862021315,-5.367432893554555e-05,0.030665589052649836,nan,0.016985129290200796,0.007104864896982557,0.01107739982784305,nan,-0.006752987883247741,0.6701396263471338,-0.007037092280346249,nan,0.0002436079822052406,-0.016592618258321673,0.0003704730846774447,nan
14.0,9.458478686999968,ABORT,-0.010679940693080425,-0.005727357696741819,0.003771261079236865,-0.004915451630949974,0.006060705985873938,0.016906971111893654,-0.021292319949894806,0.02465991973756291,-0.063338041531456,0.0016229867469519377,-0.0021361634135246277,-0.0006183345103636382,0.9963024460529283,0.018620942348920567,-0.063338041531456,0.01555097909830426,False,False,-0.07336089542813795,0.04185340650021079,-0.08891187452644221,nan,0.02299051827777543,-1.2395962902317565e-06,0.01658310627311467,nan,0.04059385169584573,-0.005642544471140873,0.030126087528480235,nan,0.01722528197080031,0.004120687294372824,0.010882514476686197,nan,-0.0066788574792768785,0.6988983904542826,-0.006913288299132953,nan,0.0002935102953616209,-0.02017595459988128,0.0003639553297599006,nan
14.033,9.748544311999979,ABORT,-0.010653949342668056,-0.0057308254763484,0.0034767650067806244,-0.004686944652348757,0.006315009668469429,0.01619667187333107,-0.021263483135032582,0.024766682066275855,-0.0632177278790274,0.0013024838408455253,-0.0013085260288789868,-0.0004536035994533448,0.9965966620848113,0.018004970898598996,-0.0632177278790274,0.01551905285283775,False,False,-0.07177014154251005,0.04296879450911255,-0.0872891943953478,nan,0.02305648631625523,0.002822441149668669,0.01628045741766615,nan,0.04041236735191589,-0.004096295173485445,0.02957627341286919,nan,0.017423164689652104,0.004303023895600039,0.010683903884887075,nan,-0.006730293126622655,-0.08081078967323979,-0.006787117800273497,nan,0.00030477587319843735,-0.014758195390400894,0.00035731298771781865,nan
14.066,9.936490210999978,ABORT,-0.010556543245911598,-0.00568036176264286,0.0027308037970215082,-0.00573578430339694,0.007767064031213522,0.015111416578292847,-0.021273357942303367,0.02473398718429133,-0.06288879745942699,4.7876736061880365e-05,-0.006525035481899976,0.0035447969567030677,0.9973412439132315,0.017932691271606988,-0.06288879745942699,0.014667666960236553,False,False,-0.07097003392557255,0.036218232468406795,-0.0856377008858091,nan,0.023092862693756544,0.003619259745096514,0.015972434529565926,nan,0.04032777319946135,-0.002928772948886789,0.029016696435259934,nan,0.01753110013426351,0.006359222502834245,0.010481766632451088,nan,-0.0066111405828959136,-0.11993520144230893,-0.006658706934836256,nan,0.0002934932071116947,-0.012578717042658949,0.00035055269987030804,nan
14.1,10.114073252999958,ABORT,-0.01042113546282053,-0.005592205096036196,0.001963784685358405,-0.006376774050295353,0.0069296350702643394,0.01424832921475172,-0.02136489559739333,0.024589422222363544,-0.06262941861810535,-0.0006720621604472399,-0.006786989513784647,0.0007886587409302601,0.9981062868761744,0.01707916786343834,-0.06262941861810534,0.014568238096010516,False,False,-0.06933955520635404,0.037535334430575176,-0.08390779330236456,nan,0.02316627207066624,0.003430831665630016,0.01564978649799848,nan,0.04012921996766927,-0.00282091275699119,0.028430550349007606,nan,0.017655270142060253,0.007818363864394367,0.010270031761035619,nan,-0.006530599506930912,-0.10261110306430536,-0.006524199031151783,nan,0.00021436099454597013,-0.004982626325046403,0.00034347142879892294,nan
14.133,10.393197732999965,ABORT,-0.010317825712263584,-0.005524174775928259,0.0018327482976019382,-0.006609009113162756,0.007082761265337467,0.014955161139369011,-0.02134637312817293,0.024631274190807028,-0.06252598249608227,-0.00040870276279747486,-0.005662076640874147,-0.0005050229956395918,0.9982358621115062,0.017818567655794506,-0.06252598249608227,0.01367902769092999,False,False,-0.06852396714140596,0.03769280033281961,-0.08220299483233595,nan,0.023212024537487608,0.003395036014228502,0.015331821610256521,nan,0.04004260807504245,-0.003008451519839702,0.0278529120054225,nan,0.017768056245791364,0.008079778033393393,0.010061370160673103,nan,-0.006485115123276763,-0.09305085258256474,-0.006391643471188604,nan,0.00024156061762425907,-0.005837330006078882,0.00033649294035024106,nan
14.166,10.465051354999957,ABORT,-0.010355401784181595,-0.005387931130826473,0.0017984021687880158,-0.006672327406704426,0.008180195465683937,0.013846125453710556,-0.021364547538119984,0.024556279887132472,-0.06234302755248929,0.0003946211072616279,-0.005636582616716623,-0.0001797118748072528,0.9982698503214285,0.017411224568046512,-0.06234302755248929,0.013634454690092057,False,False,-0.06684013767225494,0.03956750863115236,-0.080474592362347,nan,0.023266344053275212,0.006544710914138643,0.01500945429998216,nan,0.03981302876803916,0.00027810670254143494,0.027267275898067198,nan,0.017884203614354277,0.010924234060706845,0.009849819510083669,nan,-0.00626348226622131,-0.08472110877941624,-0.006257252596678208,nan,0.00015394015094383207,-7.877248891710598e-05,0.0003294178303688901,nan
14.2,10.549178761000007,ABORT,-0.010672612115740776,-0.0052319918759167194,0.0012428122572600842,-0.006711026653647423,0.008489292114973068,0.012767181731760502,-0.02140779127979054,0.024561180285721226,-0.06215528394817812,-0.0007463933434337378,-0.0050644828006625175,0.0012789691099897034,0.9988279123333256,0.016736394137660274,-0.06215528394817812,0.013540318228728615,False,False,-0.0651307148655409,0.045922885491165376,-0.07867103309426951,nan,0.023365984115796934,0.0050810699216897875,0.014673069366342106,nan,0.03962146518376031,-0.0010721986642696548,0.026656174347657914,nan,0.01805400103375021,0.009054471491197046,0.009629069920122232,nan,0.0061129849449494955,0.7486394610202101,-0.006117017951404985,nan,-0.00012011050494109554,-0.009677076494342792,0.0003220350706233462,nan
14.233,10.72900618899996,ABORT,-0.010761736892163754,-0.005169759038835764,0.0008821849478408694,-0.006018730811774731,0.008497527800500393,0.012366725131869316,-0.021453990602014097,0.02452317095226692,-0.06197722323276225,-0.0008873880142346025,-0.0057271202094852924,0.0023518616799265155,0.999189146130029,0.016166910335376136,-0.06197722323276225,0.013434510525097032,False,False,-0.06346578696025329,0.039765541043630545,-0.07690029748535032,nan,0.02319159739981913,0.008832191028127257,0.014342806429690578,nan,0.039111355799953174,0.005130416045814756,0.026056194466137918,nan,0.017727228182097043,0.016147562163853366,0.009412337835672524,nan,-0.00838824481767464,-0.038443986975522315,-0.00597933548962809,nan,0.0004903149187329703,-0.0006114598897928036,0.00031478667252248156,nan
14.266,10.812758646999953,ABORT,-0.010912695899605751,-0.004952427931129932,-0.00014669340453110635,-0.0060427226126194,0.009678049944341183,0.011624561622738838,-0.021446522093374477,0.02443694975680844,-0.061735115553671914,-0.00029879779322072864,-0.00681602768599987,0.001459281309507788,1.000218487032822,0.016288326501488017,-0.061735115553671914,0.013583639958536956,False,False,-0.06257391308471316,0.04046785482174826,-0.07511153611975822,nan,0.023256899934656516,0.007873931658665768,0.014009181478233348,nan,0.03903374686039385,0.0040108416429536975,0.02545010690185689,nan,0.017790540761871476,0.01498139711867599,0.009193399459217488,nan,-0.00813542194410033,-0.07339596560136619,-0.005840251446191222,nan,0.00041906186147677715,0.00021142251217534658,0.00030746448708725906,nan
14.3,10.896133378999991,ABORT,-0.010979637503623962,-0.004698991775512695,-0.0010484118247404695,-0.005781583022326231,0.009671462699770927,0.010204306803643703,-0.021453396141599478,0.02438208578067511,-0.06150922646246961,0.0006091822870075703,-0.004905490204691887,0.0007240360719151801,1.0011196510808549,0.015201702876322786,-0.06150922646246961,0.014029735835217633,False,False,-0.060763202590083054,0.04783044532075728,-0.07325173039969379,nan,0.02336866614887434,0.009211554991144347,0.013662305922325427,nan,0.03884968315257531,0.0038820330492604655,0.024819947317357677,nan,0.0179028231246372,0.013623998549634695,0.008965765492661024,nan,-0.007994731214594708,-0.14081355309242344,-0.005695643392523901,nan,0.000353083918541941,-0.0016423174306703509,0.00029985148592469676,nan
14.333,11.090035745999955,ABORT,-0.010967401787638664,-0.004530546721071005,-0.0014444174012169242,-0.0049973903223872185,0.009862575680017471,0.009569103829562664,-0.021466993690302347,0.02434440487223275,-0.06138515912391974,0.001085562282241881,-0.005603614263236523,-0.0001413532445440062,1.0015147182641033,0.01462231367394751,-0.061385159123919744,0.014457448438619756,False,False,-0.058915745707820655,0.0410540690324301,-0.07143226301064307,nan,0.023474813903375136,0.0059759818687367735,0.013322953937747468,nan,0.03866090404314715,0.0017895138464978718,0.024203455604527392,nan,0.01805582717437826,0.01389431202962493,0.00874306880218337,nan,-0.007525477276184134,0.6514805785426611,-0.0055541718210563844,nan,0.0002849511849589703,0.001785448965490502,0.00029240360725723706,nan
14.366,11.161011483999971,ABORT,-0.010905763134360313,-0.0043371873907744884,-0.0024299167562276125,-0.0055845072492957115,0.01125453133136034,0.008196915499866009,-0.021400246545807335,0.024237661142670532,-0.061219430614971496,0.001810974208638072,-0.006385480519384146,-0.0004186034784652285,1.0024986208827935,0.015001353952825442,-0.061219430614971496,0.014950323517231773,False,False,-0.05797890956102503,0.04506500463951497,-0.06960062475680896,nan,0.02349464702988069,-0.0162562308050056,0.012981331944295965,nan,0.03853316354426273,-0.023104262863942297,0.023582840027030955,nan,0.018100888349179556,-0.012762103621700181,0.008518882438780653,nan,-0.013083822112513133,0.8331953638100001,-0.005411753911458609,nan,0.00026411111072910387,-0.011444627864256787,0.0002849059078978924,nan
14.4,11.248640557999977,ABORT,-0.010858146473765373,-0.004265208728611469,-0.003917071036994457,-0.006049499846994877,0.012095336802303791,0.006031576544046402,-0.02134508486203619,0.02428625839052266,-0.061010866808129546,0.002404311439022422,-0.004070326220244169,0.0009107599034905439,1.0039848489244458,0.014807887640262748,-0.061010866808129546,0.015432000080465778,False,False,-0.05610030077607764,0.047752271353005186,-0.06770284155041423,nan,0.023624904714710127,0.016973093635567423,0.012627373142250724,nan,0.038371812578379405,0.009947757333902262,0.022939812497913627,nan,0.018323936903782645,0.020163888141930375,0.008286600155596298,nan,0.006946801107898359,0.6486470751939438,-0.005264192941622596,nan,0.00016390806773092237,0.0024064433798943186,0.0002771374482137949,nan
14.433,11.446085193999977,ABORT,-0.010825041681528091,-0.0042107063345611095,-0.004583133850246668,-0.006097457371652126,0.012462029233574867,0.004962753504514694,-0.02129897427698513,0.024296324748132852,-0.06090547904995686,0.0011264437343925238,-0.004166695289313793,0.0016715389210730795,1.0046502796454224,0.014734655793881387,-0.06090547904995686,0.015955695224038766,False,False,-0.05515670506546311,0.04088622378311172,-0.06585259245567299,nan,0.02366933963035489,0.015952749292050622,0.01228228000892911,nan,0.03826858621709661,0.009046826924406122,0.022312890993057846,nan,0.01841963723045481,0.019876003405488403,0.008060135887845328,nan,0.00705577416093206,0.6397014531139625,-0.005120327957498886,nan,0.0001537438411745029,0.0025432332549865863,0.0002695635665135027,nan
14.466,11.521346259999973,ABORT,-0.010675800032913685,-0.004035812336951494,-0.006025246344506741,-0.0051973797380924225,0.012119417078793049,0.0026530432514846325,-0.021265960545192676,0.024204483980424824,-0.06071816382288273,0.0015678891213610768,-0.005637002643197775,-0.0006226694677025073,1.0060899844298656,0.013451084155781735,-0.06071816382288274,0.01630514398336457,False,False,-0.053219309514600965,0.05466440384640385,-0.06399621182043964,nan,0.023688820716651016,-0.00862313229051966,0.011936043271469802,nan,0.037989035916385916,-0.016706903879078347,0.021683891933021344,nan,0.01854048005777642,-0.00712280335109302,0.00783292114015537,nan,-0.013874935203515903,-0.09691536479974089,-0.004975986219202962,nan,0.00030628083754802304,-0.012605089179478071,0.00026196458572657396,nan
14.501,11.82022882299998,ABORT,-0.01038180012255907,-0.003790694521740079,-0.0078026591800153255,-0.0031337214168161154,0.012331941165030003,0.0012683584354817867,-0.021254419152864124,0.024237126303247876,-0.06058697321141852,0.0009882210288196802,-0.005232528317719698,-0.0002450063184369349,1.0078632600651003,0.012786935361408196,-0.06058697321141851,0.016752735112847916,False,False,-0.05126542698240133,0.04503115656405954,-0.06202287259017229,nan,0.02376182364346935,0.009893625356502726,0.011567992385772888,nan,0.037767998803679426,0.0026991876407136267,0.02101526369083151,nan,0.018744656565450768,0.015200748151737564,0.0075913910537054345,nan,-0.007844757246093792,-0.1959816021378521,-0.004822550437048013,nan,0.00021521664539925212,0.0015407907884165545,0.00025388684207191165,nan
14.533,11.99188210799997,ABORT,-0.010248866863548756,-0.0036933475639671087,-0.0083897290751338,-0.00299873691983521,0.012331722304224968,-0.00012807705206796527,-0.02123142518466947,0.02418239920310011,-0.06052291234719609,0.001318245893344283,-0.005981096997857094,-0.0007137263892218463,1.0084485736974578,0.012691737541966772,-0.060522912347196096,0.017274801229651526,False,False,-0.05030354226136868,0.049958594180681895,-0.06021668046203699,nan,0.023815136309464968,0.012652766871293752,0.011231116392885987,nan,0.03767807127581779,0.0053985539915581415,0.020403270046166266,nan,0.018875017076036116,0.017242010826180643,0.0073703192105258886,nan,-0.007103984977576694,-0.16670079726364095,-0.004682111075354989,nan,0.00015999243870190583,-0.0032269222657103913,0.0002464933048744733,nan
14.566,12.071271777999982,ABORT,-0.009896225295960903,-0.003475240897387266,-0.00971304066479206,-0.0020591963548213243,0.011830557137727737,-0.000655625422950834,-0.021208770615968715,0.024127395606100402,-0.060342800164758285,0.003668614197522402,-0.00622095912694931,0.0022109041456133136,1.0097675163437094,0.012026313504643458,-0.06034280016475828,0.01769338739257239,False,False,-0.04837668468408296,0.05038582126507551,-0.05835406500869585,nan,0.023891672965222988,0.006654456659252335,0.010883716788803682,nan,0.03746554582987738,-0.000594268277622156,0.01977215843730499,nan,0.019107465603198648,0.010983949696564013,0.007142341342064055,nan,-0.007541910481204006,-0.1826521975456312,-0.0045372845525991565,nan,0.0001568693856945913,1.5953111893007854e-05,0.0002388688022402942,nan
14.6,12.265222647999963,ABORT,-0.009613149799406528,-0.0034016037825495005,-0.010976517572999,-0.003897602204233408,0.012435613200068474,-0.0016924533993005753,-0.021074803372503136,0.024082055999862406,-0.06012481706353092,0.00032536883372813463,-0.006403642706573009,0.005076661705970765,1.0110279435512095,0.013141543939467936,-0.06012481706353092,0.01812740048482044,False,False,-0.046443264092527414,0.05080463974736128,-0.0564371491036343,nan,0.023966168555919154,0.006819722960154335,0.010526189514302167,nan,0.03725004864413162,0.0001203735982151996,0.019122648159311178,nan,0.019343432726904197,0.012626614899931322,0.006907717280896406,nan,-0.007524585747876067,-0.10156729567879715,-0.004388235931507013,nan,0.0001500664569729082,0.0015815968456402985,0.00023102202402237247,nan
14.633,12.468103784999983,ABORT,-0.009514028206467628,-0.00334846880286932,-0.011384856887161732,-0.004958487115800381,0.012670103460550308,-0.002242418471723795,-0.02103882267666112,0.024031276195002525,-0.059993426906556145,-0.0024186954833567142,-0.001988452393561601,0.003853666596114636,1.0114351475585086,0.013789363900518955,-0.059993426906556145,0.018646169954996645,False,False,-0.045488320097705426,0.05391736041738754,-0.05458076846840097,nan,0.02399882759675087,-0.012728901500739274,0.010179952776842862,nan,0.03713981905427133,-0.019703611319565193,0.018493649099274683,nan,0.019466274167538877,-0.008340082523738426,0.006680502533206447,nan,-0.012275280910973407,0.8833380026528085,-0.004243894193211091,nan,0.00013963080263934557,-0.01793902381802187,0.00022342304323544386,nan
14.667,12.75456854099997,ABORT,-0.009253870695829391,-0.0031760421115905046,-0.012398580089211464,-0.004781153053045273,0.012741116806864738,-0.004184986464679241,-0.02102667078146732,0.02405966759717008,-0.05980297075684666,-0.00018582394113764167,-0.010304780676960945,0.005871424451470376,1.0124458535314376,0.014237611938536733,-0.05980297075684666,0.01907763811682133,False,False,-0.043572485926308246,0.051861910127920664,-0.052674568178306236,nan,0.02407046065289098,0.004689157777985748,0.009824424090074684,nan,0.03692540771921138,-0.0019276571990118605,0.017847769602390047,nan,0.0197229482532828,0.010850281972777294,0.006447190027279582,nan,-0.007448883993789401,-0.09577410052348383,-0.004095678758191817,nan,0.00014579116099255884,0.0011736406788923764,0.00021562012873313496,nan
14.702,12.830255851000004,ABORT,-0.00891216192394495,-0.002931663766503334,-0.013545375317335129,-0.006274067331105471,0.012528280727565289,-0.005708608310669661,-0.021130564363007243,0.024053093392541386,-0.05963178514989703,0.0059167551808059216,-0.0019157654605805874,0.0007615472422912719,1.0135887968548962,0.015129770246390903,-0.05963178514989703,0.01953120837061181,False,False,-0.041647778075362574,0.049048163721640545,-0.05072141762190295,nan,0.024148204410527008,0.01371774686992416,0.009460138628579928,nan,0.03671719027668008,0.005313527972895363,0.01718598190606827,nan,0.019986472070836037,0.015253416663349385,0.006208130966626381,nan,0.007560011636849495,-0.3157580632580595,-0.0039438127339971275,nan,0.00010645822921784287,-0.0038754617956674314,0.00020762502618229306,nan
14.733,13.017641725999965,ABORT,-0.00870050210505724,-0.002722727134823799,-0.01402207836508751,-0.006622827611863613,0.013232569210231304,-0.006787526421248913,-0.02106716828113188,0.024139185820697434,-0.05950256268705702,-0.0003487616777420044,-0.0009984346106648445,-0.00061762030236423,1.0140630588833135,0.016279841780532656,-0.05950256268705702,0.019994135082264122,False,False,-0.040689830902981505,0.042734130716091154,-0.04900109791343081,nan,0.024166933017913728,0.00466629838861547,0.009139278848024488,nan,0.03659721957006923,-0.0011690942337194386,0.016603084487805106,nan,0.02010180001668438,0.011749949827119693,0.005997569618868395,nan,-0.007347594103075394,0.7149357292903635,-0.0038100503296535845,nan,0.00013681042071667093,0.00482342810983484,0.0002005830024917091,nan
14.766,13.216974945000004,ABORT,-0.008578963577747345,-0.002612452954053879,-0.014315301552414894,-0.00562946917489171,0.013947570696473122,-0.007603722158819437,-0.021077778791702747,0.024067930986433176,-0.05942069581047551,0.0010263588046655059,-0.005088654346764088,0.0031491741538047795,1.0143549450216487,0.016853552806239205,-0.05942069581047551,0.020400996272262342,False,False,-0.03878126528623049,0.04974092462016812,-0.047181630524380055,nan,0.024234073985859084,0.00869232618865414,0.008799926863446524,nan,0.03638758904723716,0.0023338314985133727,0.015986592774974814,nan,0.020353408586303523,0.01426393703036107,0.00577487292839074,nan,0.008160443140300622,0.6895210814314776,-0.0036685787581860673,nan,9.760840660888448e-05,0.0012567757855025535,0.00019313512382424934,nan
14.8,13.313543445999983,ABORT,-0.008554522879421711,-0.0026618712581694126,-0.014912834390997887,-0.006792500615119934,0.012409868650138378,-0.007942818105220795,-0.02108675692866639,0.024084016532273156,-0.059233743960810256,-0.001442164066247642,-0.0025903182104229923,0.0045072962529957294,1.01495237663245,0.016224403347202487,-0.059233743960810256,0.02079525021012833,False,False,-0.03686525017170261,0.05367931541801857,-0.045321824804315625,nan,0.02427072244764439,-0.015707325505713538,0.008453051307538604,nan,0.03615168340060393,-0.021924131947154923,0.0153564331904756,nan,0.02057738791525221,-0.010336742681715576,0.005547238961834273,nan,-0.010721479156940106,0.9083125942706702,-0.003523970704518746,nan,0.00013436425745627645,-0.014337371539068552,0.00018552212266168704,nan
14.833,13.401707453999961,ABORT,-0.00854293443262577,-0.0026854935567826033,-0.015139536932110786,-0.007121764123439789,0.011685669422149658,-0.007409833837300539,-0.021097664861166345,0.024033125185391198,-0.059164419540131206,-0.004419219214469194,-0.003762128530070185,0.007548038847744466,1.0151790349722083,0.01556213454414534,-0.059164419540131206,0.021243413082404853,False,False,-0.035911962229270955,0.04519767064697842,-0.04353306343872358,nan,0.024248141513819377,-0.010895747356651882,0.008119426356081382,nan,0.035993758708599444,-0.017930096329925857,0.01475034562619459,nan,0.020641547841901975,-0.006618034833589817,0.005328300585379244,nan,-0.013253159277536675,-0.16078147625550393,-0.003384886661081882,nan,0.0002723327089535488,-0.0032066408028326374,0.00017819993722646476,nan
14.866,13.596272990999978,ABORT,-0.008484689518809319,-0.002705677878111601,-0.015839407220482826,-0.007244932930916548,0.012289894744753838,-0.007331898435950279,-0.02119506809189998,0.024048610097865672,-0.05904054301296921,0.0026638293638825417,-0.008525270037353039,0.003022872842848302,1.0158784434719899,0.016040177701188263,-0.05904054301296921,0.021598741807668444,False,False,-0.034075203561649836,0.047802597722300263,-0.04176232782980448,nan,0.02427585144800659,-0.0006049935332146138,0.0077891634194298676,nan,0.03574910755234306,-0.004117772381627172,0.014150365744674619,nan,0.0207933054799323,0.007098331080052051,0.0051115685009295465,nan,-0.008059251561265413,-0.115349070408548,-0.0032472041993049927,nan,0.00035635078455520386,-0.00292090602367559,0.00017095153912560047,nan
14.902,13.684070929999962,ABORT,-0.008410511538386345,-0.002639607759192586,-0.016575181856751442,-0.007441077381372452,0.012793944217264652,-0.007914376445114613,-0.021155648779723746,0.023993591034912914,-0.058957139781424556,-0.0011964741861447692,-0.006866972427815199,-0.00047121499665081414,1.0166133997742441,0.016783682425053133,-0.058957139781424556,0.022061260955740115,False,False,-0.032214056246992584,0.0506053075474385,-0.0398533779961006,nan,0.024345439691849435,-0.004947884618020962,0.007433121910565476,nan,0.03556481557328528,-0.0119394665478375,0.013503554617545165,nan,0.02102768781439135,-0.0011529820618107374,0.004877919460110236,nan,-0.013238072723748218,-0.20437930155332185,-0.003098774975207912,nan,0.0001243406238478073,0.0023454961177847844,0.000163137369534404,nan
14.933,13.76007612699999,ABORT,-0.008350202813744545,-0.002570359967648983,-0.017200108617544174,-0.00818040780723095,0.012551691383123398,-0.0073324511758983135,-0.02119526717180401,0.023943580368301697,-0.05894771698818249,0.0018705897964537144,0.0036400747485458855,0.0036921512801200147,1.0172376288797704,0.016680193905249177,-0.05894771698818249,0.02253622202524319,False,False,-0.03130596447215073,0.03911228149942807,-0.03823036609173801,nan,0.02439643944142933,0.008752145575250527,0.007130411175515449,nan,0.03548985011215322,0.0026002892036831177,0.01295362808691003,nan,0.021171206546473087,0.014161270208207923,0.004679268260378672,nan,0.0077791690356470156,0.6757885435838178,-0.0029725786795213724,nan,8.874569619710115e-05,0.006598853531334964,0.00015649366939870547,nan
14.966,13.957153270999981,ABORT,-0.008295031264424324,-0.0024381910916417837,-0.01805376261472702,-0.009065167047083378,0.013783679343760014,-0.007867943495512009,-0.021187757115481935,0.024103060119648224,-0.058805822486221446,-0.00023496191715821624,-0.008194539695978165,-0.0007716123946011057,1.0180904752984776,0.01827762579471668,-0.058805822486221446,0.022900345749733816,False,False,-0.029478134346620166,0.04961686451716418,-0.03652556762170946,nan,0.024435374039243563,0.004563745134002713,0.006812446287773496,nan,0.03527633549305875,-0.0011704471609758093,0.012375989743324937,nan,0.021391186566249054,0.010218657245810552,0.00447060666001616,nan,0.009409081134426067,0.8174104389450908,-0.0028400231195581964,nan,0.0001148139072437715,0.00296978967441186,0.0001495151809500237,nan
15.001,14.074101742999972,ABORT,-0.008389158174395561,-0.0024005062878131866,-0.018472151830792427,-0.009919309057295322,0.01377811562269926,-0.007722359150648117,-0.021142648988212043,0.02405111977481876,-0.058738236559872044,-0.00268353009596467,-0.007733485661447048,-0.00027030141791328696,1.018509530863682,0.018651112383399795,-0.058738236559872044,0.023299120747511372,False,False,-0.027673840828049023,0.04287355319715411,-0.0347452074586313,nan,0.024483221987718906,-0.009088570840486782,0.006480388259011944,nan,0.03507186951328656,-0.015153022257551229,0.011772748765775186,nan,0.021615116096575626,-0.004187793663333106,0.004252696562499868,nan,-0.012962619768396522,-0.21338302004282308,-0.002701592306472705,nan,0.0001455217493928629,-0.0028065066113658887,0.00014222738532434722,nan
15.033,14.383798280999997,ABORT,-0.008418351411819458,-0.002372093265876174,-0.018514620140194893,-0.010351495817303658,0.013437232933938503,-0.007515486795455217,-0.02116813459498088,0.023968900023956154,-0.05873292828585236,0.0022493668366223574,-0.0027254070155322547,0.004852249287068844,1.0185521719118174,0.018552499463663608,-0.05873292828585236,0.02377033723779611,False,False,-0.026804865215350304,0.04158680472741118,-0.03314416652872616,nan,0.024534350430947427,0.008810152485213094,0.006181775368105824,nan,0.035000603917259454,0.0028870982995628756,0.011230266679463342,nan,0.021751364695168363,0.013131413415282428,0.0040567345361647005,nan,0.007943451125310474,0.6467524662423149,-0.0025771043504364804,nan,7.36205031275361e-05,0.004889571447801264,0.00013567362203112794,nan
