label,t,mission_state,arm_ready_state,uav_x,uav_y,uav_z,uav_vx,uav_vy,uav_vz,target_x,target_y,target_z,uav_pos_error,uav_xy_error,uav_z_error,uav_yaw_deg,target_yaw_deg,uav_yaw_error_deg,arm_pos_error,arm_axis_error_deg,arm_centerline_error
current_grasp,0.0000,-1,0,-0.139915,-0.950539,4.000187,-0.311467,-1.831871,6.277121,0.600000,-0.350000,0.225000,3.893605,0.952954,3.775187,-4.564134,-4.550190,0.013944,nan,nan,nan
current_grasp,0.0500,-1,0,-0.127138,-0.839344,4.344868,-0.327018,-1.502711,6.609501,0.600000,-0.350000,0.225000,4.212066,0.876463,4.119868,-4.629515,-4.550190,0.079325,nan,nan,nan
current_grasp,0.1010,-1,0,-0.121363,-0.774994,4.571938,-0.311493,-1.300853,6.792744,0.600000,-0.350000,0.225000,4.426833,0.837248,4.346938,-4.670839,-4.550190,0.120649,nan,nan,nan
current_grasp,0.1500,-1,0,-0.114127,-0.677377,4.880173,-0.275785,-1.104987,6.757651,0.600000,-0.350000,0.225000,4.720994,0.785591,4.655173,-4.739298,-4.550190,0.189108,nan,nan,nan
current_grasp,0.2030,-1,0,-0.102556,-0.582131,5.138984,-0.189995,-1.042237,6.515269,0.600000,-0.350000,0.225000,4.969377,0.739912,4.913984,-4.792111,-4.550190,0.241921,nan,nan,nan
current_grasp,0.2520,-1,0,-0.087973,-0.489387,5.396597,-0.098800,-0.988253,6.197638,0.600000,-0.350000,0.225000,5.219018,0.701951,5.171597,-4.877970,-4.550190,0.327780,nan,nan,nan
current_grasp,0.3010,-1,0,-0.071575,-0.414591,5.647766,-0.029935,-0.936627,5.930326,0.600000,-0.350000,0.225000,5.464575,0.674674,5.422766,-4.966016,-4.550190,0.415826,nan,nan,nan
current_grasp,0.3500,-1,0,-0.057445,-0.364169,5.790456,0.026213,-0.864520,5.770150,0.600000,-0.350000,0.225000,5.604172,0.657598,5.565456,-5.027925,-4.550190,0.477735,nan,nan,nan
current_grasp,0.4010,-1,0,-0.040088,-0.311524,5.940443,0.089847,-0.799355,5.650960,0.600000,-0.350000,0.225000,5.751302,0.641243,5.715443,-5.071430,-4.550190,0.521240,nan,nan,nan
current_grasp,0.4500,-1,0,-0.010573,-0.242759,6.138733,0.192302,-0.728273,5.427026,0.600000,-0.350000,0.225000,5.946137,0.619919,5.913733,-5.161009,-4.550190,0.610819,nan,nan,nan
current_grasp,0.5000,-1,0,0.010244,-0.208908,6.262438,0.258527,-0.694811,5.311498,0.600000,-0.350000,0.225000,6.067815,0.606398,6.037438,-5.213808,-4.550190,0.663618,nan,nan,nan
current_grasp,0.5500,-1,0,0.039850,-0.171319,6.396623,0.341165,-0.726351,4.983724,0.600000,-0.350000,0.225000,6.199567,0.587959,6.171623,-5.301825,-4.550190,0.751635,nan,nan,nan
current_grasp,0.6000,-1,0,0.057932,-0.139370,6.486256,0.315498,-0.745817,4.719785,0.600000,-0.350000,0.225000,6.288206,0.581552,6.261256,-5.347061,-4.550190,0.796871,nan,nan,nan
current_grasp,0.6500,-1,0,0.085237,-0.099566,6.600542,0.316229,-0.586841,4.680793,0.600000,-0.350000,0.225000,6.401190,0.572449,6.375542,-5.428063,-4.550190,0.877873,nan,nan,nan
current_grasp,0.7000,-1,0,0.100563,-0.080651,6.668766,0.287251,-0.524972,4.611094,0.600000,-0.350000,0.225000,6.468702,0.567438,6.443766,-5.489908,-4.550190,0.939718,nan,nan,nan
current_grasp,0.7500,-1,0,0.117490,-0.056956,6.732751,0.255214,-0.444715,4.499518,0.600000,-0.350000,0.225000,6.532190,0.564527,6.507751,-5.581480,-4.550190,1.031290,nan,nan,nan
current_grasp,0.8000,-1,0,0.121842,-0.026093,6.783722,0.276744,-0.268716,4.412342,0.600000,-0.350000,0.225000,6.584101,0.577539,6.558722,-5.626157,-4.550190,1.075967,nan,nan,nan
current_grasp,0.8500,-1,0,0.130346,0.027434,6.835991,0.269415,-0.051636,4.277322,0.600000,-0.350000,0.225000,6.638391,0.602521,6.610991,-5.691349,-4.550190,1.141159,nan,nan,nan
current_grasp,0.9000,-1,0,0.136154,0.056268,6.865975,0.310778,0.041329,4.089896,0.600000,-0.350000,0.225000,6.669540,0.616609,6.640975,-5.730192,-4.550190,1.180002,nan,nan,nan
current_grasp,0.9500,-1,0,0.146111,0.096254,6.871076,0.349795,0.106237,3.787397,0.600000,-0.350000,0.225000,6.676487,0.636520,6.646076,-5.786613,-4.550190,1.236423,nan,nan,nan
current_grasp,1.0000,-1,0,0.149079,0.131035,6.876831,0.322292,0.144452,3.805974,0.600000,-0.350000,0.225000,6.684428,0.659337,6.651831,-5.826473,-4.550190,1.276283,nan,nan,nan
current_grasp,1.0500,-1,0,0.155599,0.176690,6.876332,0.375040,0.174814,3.884969,0.600000,-0.350000,0.225000,6.686936,0.689126,6.651332,-5.883005,-4.550190,1.332815,nan,nan,nan
current_grasp,1.1000,-1,0,0.161870,0.199195,6.877707,0.348612,0.184521,3.761003,0.600000,-0.350000,0.225000,6.689699,0.702548,6.652707,-5.917908,-4.550190,1.367718,nan,nan,nan
current_grasp,1.1500,-1,0,0.167421,0.229762,6.849274,0.351430,0.351106,3.932103,0.600000,-0.350000,0.225000,6.663651,0.723359,6.624274,-5.963904,-4.550190,1.413714,nan,nan,nan
current_grasp,1.2000,-1,0,0.168682,0.250655,6.773448,0.400931,0.459122,3.954439,0.600000,-0.350000,0.225000,6.590068,0.739474,6.548448,-5.992738,-4.550190,1.442548,nan,nan,nan
current_grasp,1.2500,-1,0,0.173618,0.290913,6.664573,0.361058,0.687500,3.973145,0.600000,-0.350000,0.225000,6.485420,0.769786,6.439573,-6.050520,-4.550190,1.500330,nan,nan,nan
current_grasp,1.3010,-1,0,0.177613,0.316053,6.616738,0.383234,0.712260,4.068185,0.600000,-0.350000,0.225000,6.440214,0.788694,6.391738,-6.084719,-4.550190,1.534529,nan,nan,nan
current_grasp,1.3500,-1,0,0.183675,0.350029,6.536657,0.411607,0.697270,3.975228,0.600000,-0.350000,0.225000,6.363991,0.814473,6.311657,-6.126271,-4.550190,1.576081,nan,nan,nan
current_grasp,1.4000,-1,0,0.183249,0.366078,6.422913,0.354764,0.745497,3.788584,0.600000,-0.350000,0.225000,6.253045,0.828522,6.197913,-6.163113,-4.550190,1.612923,nan,nan,nan
current_grasp,1.4510,-1,0,0.182087,0.389479,6.263712,0.345801,0.622394,3.503076,0.600000,-0.350000,0.225000,6.098157,0.849400,6.038712,-6.183041,-4.550190,1.632851,nan,nan,nan
current_grasp,1.5000,-1,0,0.182956,0.401906,6.176773,0.359486,0.665665,3.570029,0.600000,-0.350000,0.225000,6.013559,0.859819,5.951773,-6.196902,-4.550190,1.646712,nan,nan,nan
current_grasp,1.5500,-1,0,0.185533,0.412986,6.047534,0.387976,0.627114,3.334583,0.600000,-0.350000,0.225000,5.886921,0.868291,5.822534,-6.252113,-4.550190,1.701923,nan,nan,nan
current_grasp,1.6010,-1,0,0.183175,0.409138,5.908473,0.389191,0.511176,3.159467,0.600000,-0.350000,0.225000,5.749078,0.866045,5.683473,-6.273750,-4.550190,1.723560,nan,nan,nan
current_grasp,1.6500,-1,0,0.185394,0.398462,5.708966,0.455397,0.436042,2.911330,0.600000,-0.350000,0.225000,5.550313,0.855624,5.483966,-6.298892,-4.550190,1.748702,nan,nan,nan
current_grasp,1.7010,-1,0,0.189672,0.392541,5.596265,0.439458,0.510268,2.750908,0.600000,-0.350000,0.225000,5.437851,0.848373,5.371265,-6.324844,-4.550190,1.774654,nan,nan,nan
current_grasp,1.7500,-1,0,0.194214,0.383604,5.437693,0.373370,0.442568,2.547104,0.600000,-0.350000,0.225000,5.279678,0.838354,5.212693,-6.349216,-4.550190,1.799026,nan,nan,nan
current_grasp,1.8010,-1,0,0.191088,0.373822,5.291950,0.392444,0.426820,2.471631,0.600000,-0.350000,0.225000,5.134697,0.831341,5.066950,-6.367987,-4.550190,1.817797,nan,nan,nan
current_grasp,1.8500,-1,0,0.193575,0.367174,5.083807,0.456112,0.646668,2.255209,0.600000,-0.350000,0.225000,4.928238,0.824330,4.858807,-6.404202,-4.550190,1.854012,nan,nan,nan
current_grasp,1.9000,-1,0,0.196935,0.367484,4.962291,0.414223,0.733454,2.063908,0.600000,-0.350000,0.225000,4.808240,0.822949,4.737291,-6.425136,-4.550190,1.874946,nan,nan,nan
current_grasp,1.9510,-1,0,0.202624,0.374036,4.792651,0.483728,0.710187,1.727197,0.600000,-0.350000,0.225000,4.641720,0.825915,4.567651,-6.457489,-4.550190,1.907299,nan,nan,nan
current_grasp,2.0000,-1,0,0.203686,0.376057,4.617441,0.458228,0.626120,1.737432,0.600000,-0.350000,0.225000,4.469649,0.827179,4.392441,-6.479505,-4.550190,1.929315,nan,nan,nan
current_grasp,2.0500,-1,0,0.207489,0.374647,4.428065,0.480251,0.523155,1.465781,0.600000,-0.350000,0.225000,4.283099,0.824123,4.203065,-6.490552,-4.550190,1.940362,nan,nan,nan
current_grasp,2.1050,-1,0,0.214087,0.372385,4.255471,0.447270,0.573522,1.307243,0.600000,-0.350000,0.225000,4.112842,0.819005,4.030471,-6.484908,-4.550190,1.934718,nan,nan,nan
current_grasp,2.1500,-1,0,0.219132,0.372109,4.142020,0.455175,0.532867,1.285419,0.600000,-0.350000,0.225000,4.001193,0.816395,3.917020,-6.493580,-4.550190,1.943390,nan,nan,nan
current_grasp,2.2000,-1,0,0.217013,0.362005,3.936962,0.492843,0.629948,1.183409,0.600000,-0.350000,0.225000,3.798986,0.808474,3.711962,-6.500389,-4.550190,1.950199,nan,nan,nan
current_grasp,2.2500,-1,0,0.217734,0.364131,3.814727,0.438201,0.783490,0.958930,0.600000,-0.350000,0.225000,3.679980,0.810006,3.589727,-6.502978,-4.550190,1.952788,nan,nan,nan
current_grasp,2.3000,-1,0,0.219527,0.373141,3.703578,0.415133,0.936963,0.987789,0.600000,-0.350000,0.225000,3.573262,0.817125,3.478578,-6.519100,-4.550190,1.968910,nan,nan,nan
current_grasp,2.3520,-1,0,0.224532,0.389672,3.554292,0.452554,0.902992,0.854614,0.600000,-0.350000,0.225000,3.431075,0.829513,3.329292,-6.519680,-4.550190,1.969490,nan,nan,nan
current_grasp,2.4000,-1,0,0.218588,0.391036,3.438396,0.403447,0.772140,0.690634,0.600000,-0.350000,0.225000,3.319718,0.833433,3.213396,-6.511116,-4.550190,1.960926,nan,nan,nan
current_grasp,2.4510,-1,0,0.215435,0.393945,3.268255,0.466912,0.728781,0.519706,0.600000,-0.350000,0.225000,3.156382,0.837463,3.043255,-6.497501,-4.550190,1.947311,nan,nan,nan
current_grasp,2.5000,-1,0,0.218906,0.399211,3.169348,0.509705,0.811327,0.653651,0.600000,-0.350000,0.225000,3.061982,0.840565,2.944348,-6.482750,-4.550190,1.932560,nan,nan,nan
current_grasp,2.5500,-1,0,0.226629,0.412237,3.043975,0.530270,0.828412,0.693004,0.600000,-0.350000,0.225000,2.943982,0.848770,2.818975,-6.490182,-4.550190,1.939992,nan,nan,nan
current_grasp,2.6010,-1,0,0.226094,0.411684,2.954714,0.518164,0.907751,0.727251,0.600000,-0.350000,0.225000,2.858550,0.848510,2.729714,-6.484997,-4.550190,1.934807,nan,nan,nan
current_grasp,2.6510,-1,0,0.230889,0.427366,2.828057,0.531650,1.047850,0.481267,0.600000,-0.350000,0.225000,2.741614,0.860546,2.603057,-6.476726,-4.550190,1.926536,nan,nan,nan
current_grasp,2.7000,-1,0,0.235848,0.437800,2.746719,0.529937,0.880623,0.529852,0.600000,-0.350000,0.225000,2.666890,0.867891,2.521719,-6.481608,-4.550190,1.931418,nan,nan,nan
current_grasp,2.7500,-1,0,0.246053,0.451935,2.642672,0.525371,0.942020,0.650482,0.600000,-0.350000,0.225000,2.571676,0.876572,2.417672,-6.476813,-4.550190,1.926623,nan,nan,nan
current_grasp,2.8010,-1,0,0.244337,0.449877,2.588736,0.494239,0.860395,0.754469,0.600000,-0.350000,0.225000,2.520625,0.875386,2.363736,-6.470160,-4.550190,1.919970,nan,nan,nan
current_grasp,2.8500,-1,0,0.243076,0.448323,2.497311,0.489348,0.809941,0.700387,0.600000,-0.350000,0.225000,2.434771,0.874479,2.272311,-6.456722,-4.550190,1.906532,nan,nan,nan
current_grasp,2.9000,-1,0,0.244962,0.446767,2.444209,0.476773,0.758148,0.759836,0.600000,-0.350000,0.225000,2.384487,0.872290,2.219209,-6.444669,-4.550190,1.894479,nan,nan,nan
current_grasp,2.9500,-1,0,0.249469,0.451347,2.383533,0.450369,0.816283,0.856833,0.600000,-0.350000,0.225000,2.329012,0.874660,2.158533,-6.435037,-4.550190,1.884847,nan,nan,nan
current_grasp,3.0000,-1,0,0.244798,0.443130,2.330919,0.500908,0.909829,0.869005,0.600000,-0.350000,0.225000,2.278183,0.869036,2.105919,-6.431968,-4.550190,1.881778,nan,nan,nan
current_grasp,3.0500,-1,0,0.248076,0.441554,2.261625,0.679969,0.871096,0.734034,0.600000,-0.350000,0.225000,2.213199,0.866261,2.036625,-6.423419,-4.550190,1.873229,nan,nan,nan
current_grasp,3.1000,-1,0,0.260701,0.443599,2.215521,0.839092,0.862674,0.664293,0.600000,-0.350000,0.225000,2.169584,0.863090,1.990521,-6.402039,-4.550190,1.851849,nan,nan,nan
current_grasp,3.1500,-1,0,0.292264,0.450345,2.157988,1.062748,0.849796,0.574324,0.600000,-0.350000,0.225000,2.114639,0.857469,1.932988,-6.376349,-4.550190,1.826159,nan,nan,nan
current_grasp,3.2000,-1,0,0.313444,0.441073,2.099769,1.215584,0.829303,0.503937,0.600000,-0.350000,0.225000,2.054914,0.841375,1.874769,-6.357673,-4.550190,1.807483,nan,nan,nan
current_grasp,3.2510,-1,0,0.365628,0.432780,2.018486,1.463390,0.806235,0.391761,0.600000,-0.350000,0.225000,1.970854,0.817113,1.793486,-6.350203,-4.550190,1.800013,nan,nan,nan
current_grasp,3.3010,-1,0,0.409348,0.431253,1.965652,1.621115,0.796783,0.323200,0.600000,-0.350000,0.225000,1.917439,0.804179,1.740652,-6.340861,-4.550190,1.790671,nan,nan,nan
current_grasp,3.3500,-1,0,0.484503,0.433406,1.901303,1.842584,0.784368,0.236437,0.600000,-0.350000,0.225000,1.853930,0.791874,1.676303,-6.325154,-4.550190,1.774964,nan,nan,nan
current_grasp,3.4010,-1,0,0.520175,0.422618,1.841368,1.984222,0.764525,0.171004,0.600000,-0.350000,0.225000,1.793309,0.776731,1.616368,-6.304187,-4.550190,1.753997,nan,nan,nan
current_grasp,3.4500,-1,0,0.598257,0.412046,1.756350,2.213964,0.742693,0.075791,0.600000,-0.350000,0.225000,1.710482,0.762048,1.531350,-6.276892,-4.550190,1.726702,nan,nan,nan
current_grasp,3.5020,-1,0,0.686545,0.408860,1.682287,2.422105,0.728946,-0.008655,0.600000,-0.350000,0.225000,1.645310,0.763779,1.457287,-6.254058,-4.550190,1.703868,nan,nan,nan
current_grasp,3.5500,-1,0,0.760594,0.409600,1.634063,2.575846,0.718256,-0.065903,0.600000,-0.350000,0.225000,1.608801,0.776391,1.409063,-6.226848,-4.550190,1.676658,nan,nan,nan
current_grasp,3.6020,-1,0,0.799156,0.398408,1.576441,2.698242,0.702316,-0.118679,0.600000,-0.350000,0.225000,1.557617,0.774453,1.351441,-6.204147,-4.550190,1.653957,nan,nan,nan
current_grasp,3.6500,-1,0,0.885876,0.387342,1.493035,2.902411,0.682487,-0.204304,0.600000,-0.350000,0.225000,1.494426,0.790821,1.268035,-6.119609,-4.550190,1.569419,nan,nan,nan
current_grasp,3.7000,-1,0,0.954748,0.384270,1.438962,3.036218,0.674059,-0.260107,0.600000,-0.350000,0.225000,1.462431,0.815475,1.213962,-6.085983,-4.550190,1.535793,nan,nan,nan
current_grasp,3.7570,-1,0,1.068985,0.384336,1.370331,3.233122,0.663362,-0.331592,0.600000,-0.350000,0.225000,1.439090,0.871319,1.145331,-6.045359,-4.550190,1.495169,nan,nan,nan
current_grasp,3.8000,-1,0,1.114001,0.376099,1.317684,3.342823,0.652863,-0.377712,0.600000,-0.350000,0.225000,1.409034,0.889617,1.092684,-6.005303,-4.550190,1.455113,nan,nan,nan
current_grasp,3.8500,-1,0,1.195960,0.365365,1.242858,3.514062,0.632952,-0.445338,0.600000,-0.350000,0.225000,1.379475,0.931083,1.017858,-5.910680,-4.550190,1.360490,nan,nan,nan
current_grasp,3.9020,-1,0,1.264740,0.362426,1.192366,3.630681,0.624233,-0.489520,0.600000,-0.350000,0.225000,1.373036,0.974387,0.967366,-5.836608,-4.550190,1.286418,nan,nan,nan
current_grasp,3.9500,-1,0,1.381873,0.362771,1.129692,3.803454,0.613253,-0.548104,0.600000,-0.350000,0.225000,1.392062,1.058002,0.904692,-5.748734,-4.550190,1.198545,nan,nan,nan
current_grasp,4.0000,-1,0,1.472712,0.364008,1.080581,3.929138,0.609209,-0.590966,0.600000,-0.350000,0.225000,1.415433,1.127578,0.855581,-5.700264,-4.550190,1.150074,nan,nan,nan
current_grasp,4.0500,-1,0,1.640329,0.370308,1.008893,4.137815,0.605563,-0.654194,0.600000,-0.350000,0.225000,1.488494,1.265357,0.783893,-5.623109,-4.550190,1.072919,nan,nan,nan
current_grasp,4.1010,-1,0,1.811010,0.380505,0.938706,4.326404,0.603863,-0.714644,0.600000,-0.350000,0.225000,1.584159,1.414278,0.713706,-5.561530,-4.550190,1.011340,nan,nan,nan
current_grasp,4.1510,-1,0,1.945942,0.390147,0.892676,4.466547,0.604500,-0.759945,0.600000,-0.350000,0.225000,1.674864,1.536026,0.667676,-5.519090,-4.550190,0.968900,nan,nan,nan
current_grasp,4.2000,-1,0,2.076075,0.398597,0.844859,4.603489,0.604094,-0.797794,0.600000,-0.350000,0.225000,1.767320,1.655051,0.619859,-5.458524,-4.550190,0.908334,nan,nan,nan
current_grasp,4.2500,-1,0,2.302565,0.414899,0.774186,4.820032,0.602014,-0.858206,0.600000,-0.350000,0.225000,1.945611,1.866493,0.549186,-5.397850,-4.550190,0.847660,nan,nan,nan
current_grasp,4.3000,-1,0,2.458705,0.427498,0.725009,4.961117,0.606154,-0.898226,0.600000,-0.350000,0.225000,2.075885,2.014768,0.500009,-5.360064,-4.550190,0.809874,nan,nan,nan
current_grasp,4.3510,-1,0,2.730485,0.450997,0.649360,5.191628,0.607783,-0.958448,0.600000,-0.350000,0.225000,2.315307,2.276085,0.424360,-5.308919,-4.550190,0.758729,nan,nan,nan
current_grasp,4.4000,-1,0,2.850379,0.459861,0.615058,5.301152,0.609397,-0.987969,0.600000,-0.350000,0.225000,2.423267,2.391669,0.390058,-5.280993,-4.550190,0.730803,nan,nan,nan
current_grasp,4.4500,-1,0,3.115009,0.481287,0.547140,5.523149,0.611607,-1.044480,0.600000,-0.350000,0.225000,2.668348,2.648832,0.322140,-5.217323,-4.550190,0.667133,nan,nan,nan
current_grasp,4.5000,-1,0,3.296083,0.496934,0.498601,5.666175,0.616441,-1.082911,0.600000,-0.350000,0.225000,2.839193,2.825979,0.273601,-5.192348,-4.550190,0.642158,nan,nan,nan
current_grasp,4.5500,-1,0,3.568382,0.521399,0.432927,5.871233,0.621576,-1.132605,0.600000,-0.350000,0.225000,3.100622,3.093643,0.207927,-5.135532,-4.550190,0.585342,nan,nan,nan
current_grasp,4.6010,-1,0,3.737851,0.534915,0.390177,6.004148,0.624365,-1.160968,0.600000,-0.350000,0.225000,3.264424,3.260243,0.165177,-5.098151,-4.550190,0.547961,nan,nan,nan
current_grasp,4.6510,-1,0,4.023787,0.558442,0.326727,6.218372,0.627795,-1.206447,0.600000,-0.350000,0.225000,3.543717,3.542257,0.101727,-5.029880,-4.550190,0.479690,nan,nan,nan
current_grasp,4.7000,-1,0,4.220257,0.575551,0.281126,6.356205,0.632242,-1.235602,0.600000,-0.350000,0.225000,3.737118,3.736697,0.056126,-4.983434,-4.550190,0.433244,nan,nan,nan
current_grasp,4.7500,-1,0,4.516055,0.602063,0.217981,6.551860,0.634724,-1.280041,0.600000,-0.350000,0.225000,4.030132,4.030126,0.007019,-4.895616,-4.550190,0.345426,nan,nan,nan
current_grasp,4.8000,-1,0,4.689907,0.615626,0.177767,6.675274,0.635038,-1.302575,0.600000,-0.350000,0.225000,4.202619,4.202353,0.047233,-4.849961,-4.550190,0.299771,nan,nan,nan
current_grasp,4.8500,-1,0,4.982418,0.638926,0.117507,6.871935,0.635307,-1.340103,0.600000,-0.350000,0.225000,4.493897,4.492612,0.107493,-4.774161,-4.550190,0.223971,nan,nan,nan
current_grasp,4.9000,-1,0,5.185746,0.656160,0.071905,6.998356,0.639098,-1.366561,0.600000,-0.350000,0.225000,4.697325,4.694829,0.153095,-4.718094,-4.550190,0.167904,nan,nan,nan
current_grasp,4.9500,-1,0,5.494140,0.683294,0.007911,7.183603,0.645275,-1.406986,0.600000,-0.350000,0.225000,5.006739,5.002030,0.217089,-4.649999,-4.550190,0.099809,nan,nan,nan
current_grasp,5.0000,-1,0,5.664030,0.696215,-0.027974,7.289637,0.646060,-1.424226,0.600000,-0.350000,0.225000,5.177158,5.170973,0.252974,-4.599925,-4.550190,0.049735,nan,nan,nan
current_grasp,5.0500,-1,0,5.950525,0.718450,-0.083854,7.461303,0.647865,-1.453891,0.600000,-0.350000,0.225000,5.464896,5.456162,0.308854,-4.516135,-4.550190,-0.034055,nan,nan,nan
current_grasp,5.1010,-1,0,6.153519,0.735409,-0.124827,7.578875,0.651314,-1.473770,0.600000,-0.350000,0.225000,5.669397,5.658594,0.349827,-4.470579,-4.550190,-0.079611,nan,nan,nan
current_grasp,5.1500,-1,0,6.465222,0.762719,-0.183648,7.747747,0.658618,-1.503486,0.600000,-0.350000,0.225000,5.983809,5.969838,0.408648,-4.387398,-4.550190,-0.162792,nan,nan,nan
current_grasp,5.2000,-1,0,6.624195,0.774395,-0.213226,7.838233,0.659484,-1.511227,0.600000,-0.350000,0.225000,6.143877,6.128229,0.438226,-4.333441,-4.550190,-0.216749,nan,nan,nan
current_grasp,5.2500,-1,0,6.893908,0.795375,-0.259339,7.982878,0.663356,-1.526546,0.600000,-0.350000,0.225000,6.415586,6.397277,0.484339,-4.236881,-4.550190,-0.313309,nan,nan,nan
current_grasp,5.3000,-1,0,7.090215,0.812100,-0.292734,8.080572,0.666988,-1.536577,0.600000,-0.350000,0.225000,6.613729,6.593434,0.517734,-4.186659,-4.550190,-0.363531,nan,nan,nan
current_grasp,5.3500,-1,0,7.396739,0.839339,-0.342458,8.233924,0.672503,-1.556768,0.600000,-0.350000,0.225000,6.923308,6.900013,0.567458,-4.114281,-4.550190,-0.435909,nan,nan,nan
current_grasp,5.4020,-1,0,7.633202,0.861404,-0.371957,8.347872,0.678792,-1.565349,0.600000,-0.350000,0.225000,7.161688,7.136766,0.596957,-4.059937,-4.550190,-0.490253,nan,nan,nan
current_grasp,5.4500,-1,0,8.041391,0.900858,-0.414992,8.532741,0.688242,-1.579166,0.600000,-0.350000,0.225000,7.572882,7.545790,0.639992,-3.973906,-4.550190,-0.576284,nan,nan,nan
current_grasp,5.5000,-1,0,8.315862,0.928055,-0.446993,8.655695,0.693356,-1.590923,0.600000,-0.350000,0.225000,7.849810,7.820994,0.671993,-3.925399,-4.550190,-0.624791,nan,nan,nan
current_grasp,5.5500,-1,0,8.723056,0.969331,-0.496717,8.832611,0.707126,-1.612873,0.600000,-0.350000,0.225000,8.261086,8.229500,0.721717,-3.826745,-4.550190,-0.723445,nan,nan,nan
current_grasp,5.6000,-1,0,9.024771,1.000458,-0.524785,8.958239,0.716483,-1.622878,0.600000,-0.350000,0.225000,8.565202,8.532321,0.749785,-3.752969,-4.550190,-0.797221,nan,nan,nan
current_grasp,5.6500,-1,0,9.528325,1.053768,-0.565795,9.165943,0.727704,-1.639225,0.600000,-0.350000,0.225000,9.072536,9.038006,0.790795,-3.660774,-4.550190,-0.889416,nan,nan,nan
current_grasp,5.7000,-1,0,9.858199,1.089050,-0.596930,9.299005,0.738147,-1.650334,0.600000,-0.350000,0.225000,9.405354,9.369371,0.821930,-3.604579,-4.550190,-0.945611,nan,nan,nan
current_grasp,5.7500,-1,0,10.338145,1.140783,-0.646336,9.488193,0.756267,-1.672512,0.600000,-0.350000,0.225000,9.890052,9.851594,0.871336,-3.504711,-4.550190,-1.045479,nan,nan,nan
current_grasp,5.8000,-1,0,10.687596,1.179263,-0.673733,9.622224,0.766196,-1.683323,0.600000,-0.350000,0.225000,10.242361,10.202855,0.898733,-3.428768,-4.550190,-1.121422,nan,nan,nan
current_grasp,5.8500,-1,0,11.261975,1.243618,-0.714241,9.836288,0.782984,-1.696164,0.600000,-0.350000,0.225000,10.821253,10.780414,0.939241,-3.345349,-4.550190,-1.204841,nan,nan,nan
current_grasp,5.9000,-1,0,11.633817,1.285340,-0.745319,10.056495,0.798342,-1.716427,0.600000,-0.350000,0.225000,11.196471,11.154347,0.970319,-3.278636,-4.550190,-1.271554,nan,nan,nan
current_grasp,5.9510,-1,0,12.169827,1.346418,-0.795348,10.169050,0.807463,-1.730076,0.600000,-0.350000,0.225000,11.737965,11.693533,1.020348,-3.189883,-4.550190,-1.360307,nan,nan,nan
current_grasp,6.0000,-1,0,12.556265,1.390899,-0.821562,10.304213,0.818614,-1.739871,0.600000,-0.350000,0.225000,12.127584,12.082342,1.046562,-3.110187,-4.550190,-1.440003,nan,nan,nan
current_grasp,6.0500,-1,0,13.186312,1.465677,-0.859180,10.526235,0.836795,-1.751479,0.600000,-0.350000,0.225000,12.762734,12.716600,1.084180,-3.021186,-4.550190,-1.529004,nan,nan,nan
current_grasp,6.1000,-1,0,13.591928,1.513267,-0.888201,10.668421,0.851440,-1.762499,0.600000,-0.350000,0.225000,13.171985,13.124861,1.113201,-2.953416,-4.550190,-1.596774,nan,nan,nan
current_grasp,6.1510,-1,0,14.174115,1.582881,-0.935919,10.865834,0.871829,-1.780412,0.600000,-0.350000,0.225000,13.760100,13.711040,1.160919,-2.859908,-4.550190,-1.690282,nan,nan,nan
current_grasp,6.2000,-1,0,14.591326,1.633677,-0.960514,11.004682,0.884432,-1.785544,0.600000,-0.350000,0.225000,14.180889,14.131248,1.185514,-2.783577,-4.550190,-1.766613,nan,nan,nan
current_grasp,6.2500,-1,0,15.268392,1.718019,-0.995754,11.220974,0.903460,-1.789572,0.600000,-0.350000,0.225000,14.863669,14.813454,1.220754,-2.694753,-4.550190,-1.855437,nan,nan,nan
current_grasp,6.3000,-1,0,15.702838,1.771149,-1.023229,11.359478,0.917290,-1.796378,0.600000,-0.350000,0.225000,15.302061,15.251065,1.248229,-2.608302,-4.550190,-1.941888,nan,nan,nan
current_grasp,6.3500,-1,0,16.324839,1.848032,-1.068596,11.554317,0.939186,-1.811722,0.600000,-0.350000,0.225000,15.930326,15.877717,1.293596,-2.517204,-4.550190,-2.032986,nan,nan,nan
current_grasp,6.4010,-1,0,16.768604,1.903928,-1.090919,11.690972,0.953329,-1.809720,0.600000,-0.350000,0.225000,16.377900,16.324949,1.315919,-2.446689,-4.550190,-2.103501,nan,nan,nan
current_grasp,6.4500,-1,0,17.486656,1.996327,-1.122195,11.904562,0.976180,-1.809282,0.600000,-0.350000,0.225000,17.102027,17.048883,1.347195,-2.349964,-4.550190,-2.200226,nan,nan,nan
current_grasp,6.5000,-1,0,17.946556,2.055720,-1.147105,12.043210,0.989926,-1.816507,0.600000,-0.350000,0.225000,17.566251,17.512581,1.372105,-2.270136,-4.550190,-2.280054,nan,nan,nan
current_grasp,6.5500,-1,0,18.699409,2.153803,-1.195674,12.261109,1.015956,-1.825116,0.600000,-0.350000,0.225000,18.326919,18.271772,1.420674,-2.144952,-4.550190,-2.405238,nan,nan,nan
current_grasp,6.6040,-1,0,19.352190,2.242596,-1.215463,12.445296,1.040557,-1.818188,0.600000,-0.350000,0.225000,18.985287,18.930562,1.440463,-2.022091,-4.550190,-2.528099,nan,nan,nan
current_grasp,6.6500,-1,0,19.826887,2.306514,-1.232791,12.577770,1.057046,-1.815996,0.600000,-0.350000,0.225000,19.464208,19.409540,1.457791,-1.937696,-4.550190,-2.612494,nan,nan,nan
current_grasp,6.7000,-1,0,20.310186,2.372782,-1.254325,12.710461,1.075191,-1.818115,0.600000,-0.350000,0.225000,19.952278,19.897361,1.479325,-1.868704,-4.550190,-2.681486,nan,nan,nan
current_grasp,6.7500,-1,0,21.000925,2.467130,-1.292301,12.900239,1.097825,-1.826450,0.600000,-0.350000,0.225000,20.650331,20.594513,1.517301,-1.759018,-4.550190,-2.791172,nan,nan,nan
current_grasp,6.8010,-1,0,21.490955,2.537340,-1.308719,13.105326,1.126505,-1.817963,0.600000,-0.350000,0.225000,21.145237,21.089541,1.533719,-1.683637,-4.550190,-2.866553,nan,nan,nan
current_grasp,6.8520,-1,0,22.280664,2.651242,-1.328911,13.233108,1.141412,-1.813013,0.600000,-0.350000,0.225000,21.942500,21.887409,1.553911,-1.569160,-4.550190,-2.981030,nan,nan,nan
current_grasp,6.9000,-1,0,22.785728,2.725103,-1.346699,13.363405,1.159453,-1.810552,0.600000,-0.350000,0.225000,22.452907,22.397830,1.571699,-1.487582,-4.550190,-3.062608,nan,nan,nan
current_grasp,6.9500,-1,0,23.611698,2.845173,-1.384301,13.575724,1.189888,-1.812384,0.600000,-0.350000,0.225000,23.288135,23.232464,1.609301,-1.359476,-4.550190,-3.190714,nan,nan,nan
current_grasp,7.0000,-1,0,24.018070,2.907990,-1.391011,13.675294,1.203558,-1.805241,0.600000,-0.350000,0.225000,23.698776,23.643615,1.616011,-1.279164,-4.550190,-3.271026,nan,nan,nan
current_grasp,7.0500,-1,0,24.840275,3.035062,-1.404417,13.875179,1.231786,-1.795672,0.600000,-0.350000,0.225000,24.529667,24.475489,1.629417,-1.144677,-4.550190,-3.405513,nan,nan,nan
current_grasp,7.1000,-1,0,25.366451,3.116296,-1.419364,14.003263,1.255354,-1.790335,0.600000,-0.350000,0.225000,25.061848,25.007845,1.644364,-1.074009,-4.550190,-3.476181,nan,nan,nan
current_grasp,7.1500,-1,0,26.117573,3.232233,-1.446142,14.184202,1.281749,-1.789137,0.600000,-0.350000,0.225000,25.821922,25.767788,1.671142,-0.958235,-4.550190,-3.591955,nan,nan,nan
current_grasp,7.2050,-1,0,26.970547,3.369435,-1.460594,14.307915,1.303039,-1.785172,0.600000,-0.350000,0.225000,26.684849,26.631559,1.685594,-0.812644,-4.550190,-3.737546,nan,nan,nan
current_grasp,7.2500,-1,0,27.506977,3.458978,-1.467731,14.496221,1.334419,-1.766407,0.600000,-0.350000,0.225000,27.227910,27.175241,1.692731,-0.740349,-4.550190,-3.809841,nan,nan,nan
current_grasp,7.3020,-1,0,28.052898,3.549824,-1.479531,14.617932,1.357366,-1.759662,0.600000,-0.350000,0.225000,27.780851,27.728510,1.704531,-0.652269,-4.550190,-3.897921,nan,nan,nan
current_grasp,7.3500,-1,0,28.831877,3.678954,-1.502437,14.787877,1.387695,-1.757881,0.600000,-0.350000,0.225000,28.570183,28.517913,1.727437,-0.512008,-4.550190,-4.038182,nan,nan,nan
current_grasp,7.4000,-1,0,29.387804,3.773344,-1.514871,14.910591,1.407827,-1.752073,0.600000,-0.350000,0.225000,29.133602,29.081603,1.739871,-0.418090,-4.550190,-4.132100,nan,nan,nan
current_grasp,7.4500,-1,0,30.271370,3.929279,-1.519415,15.098347,1.446105,-1.731717,0.600000,-0.350000,0.225000,30.029076,29.978366,1.744415,-0.284948,-4.550190,-4.265242,nan,nan,nan
current_grasp,7.5000,-1,0,30.836769,4.027954,-1.528826,15.215920,1.467321,-1.724014,0.600000,-0.350000,0.225000,30.602362,30.552065,1.753826,-0.200096,-4.550190,-4.350094,nan,nan,nan
current_grasp,7.5510,-1,0,31.643282,4.168584,-1.547740,15.384809,1.500339,-1.718565,0.600000,-0.350000,0.225000,31.420464,31.370415,1.772740,-0.058921,-4.550190,-4.491269,nan,nan,nan
current_grasp,7.6000,-1,0,32.218281,4.272740,-1.557169,15.501966,1.524843,-1.710192,0.600000,-0.350000,0.225000,32.004086,31.954427,1.782169,0.042511,-4.550190,-4.592701,nan,nan,nan
current_grasp,7.6500,-1,0,33.130474,4.443890,-1.554930,15.680798,1.565421,-1.689739,0.600000,-0.350000,0.225000,32.929945,32.881805,1.779930,0.197331,-4.550190,-4.747521,nan,nan,nan
current_grasp,7.7000,-1,0,33.714134,4.552888,-1.560448,15.793022,1.590918,-1.678668,0.600000,-0.350000,0.225000,33.522709,33.475128,1.785448,0.279688,-4.550190,-4.829878,nan,nan,nan
current_grasp,7.7500,-1,0,34.667130,4.730035,-1.576935,15.978686,1.630865,-1.671439,0.600000,-0.350000,0.225000,34.490912,34.443810,1.801935,0.413509,-4.550190,-4.963699,nan,nan,nan
current_grasp,7.8000,-1,0,35.140026,4.821441,-1.579957,16.067783,1.651298,-1.663697,0.600000,-0.350000,0.225000,34.971632,34.925023,1.804957,0.517485,-4.550190,-5.067675,nan,nan,nan
current_grasp,7.8500,-1,0,36.080826,5.010515,-1.572717,16.238712,1.692882,-1.637481,0.600000,-0.350000,0.225000,35.928483,35.883480,1.797717,0.643699,-4.550190,-5.193889,nan,nan,nan
current_grasp,7.9000,-1,0,36.683365,5.130608,-1.576753,16.351034,1.720680,-1.627057,0.600000,-0.350000,0.225000,36.541656,36.497209,1.801753,0.739316,-4.550190,-5.289506,nan,nan,nan
current_grasp,7.9500,-1,0,37.541767,5.299213,-1.585827,16.506079,1.757836,-1.617607,0.600000,-0.350000,0.225000,37.415062,37.371216,1.810827,0.899426,-4.550190,-5.449616,nan,nan,nan
current_grasp,8.0000,-1,0,38.153587,5.423201,-1.589282,16.616314,1.785766,-1.606957,0.600000,-0.350000,0.225000,38.038052,37.994760,1.814282,1.000382,-4.550190,-5.550572,nan,nan,nan
current_grasp,8.0510,-1,0,39.123634,5.628249,-1.579707,16.784374,1.833359,-1.581731,0.600000,-0.350000,0.225000,39.026489,38.984739,1.804707,1.137357,-4.550190,-5.687547,nan,nan,nan
current_grasp,8.1000,-1,0,39.744881,5.758007,-1.582306,16.891878,1.862742,-1.572628,0.600000,-0.350000,0.225000,39.659750,39.618549,1.807306,1.237009,-4.550190,-5.787199,nan,nan,nan
current_grasp,8.1500,-1,0,40.629406,5.942971,-1.589328,17.041304,1.905438,-1.560398,0.600000,-0.350000,0.225000,40.561640,40.521042,1.814328,1.394669,-4.550190,-5.944859,nan,nan,nan
current_grasp,8.2000,-1,0,41.259888,6.077617,-1.591384,17.148773,1.936719,-1.551000,0.600000,-0.350000,0.225000,41.204854,41.164800,1.816384,1.514177,-4.550190,-6.064367,nan,nan,nan
current_grasp,8.2500,-1,0,42.258884,6.302771,-1.579284,17.310560,1.989213,-1.528139,0.600000,-0.350000,0.225000,42.225318,42.186752,1.804284,1.666436,-4.550190,-6.216626,nan,nan,nan
current_grasp,8.3000,-1,0,42.898464,6.444238,-1.580247,17.415056,2.020867,-1.518594,0.600000,-0.350000,0.225000,42.878674,42.840655,1.805247,1.782166,-4.550190,-6.332356,nan,nan,nan
current_grasp,8.3510,-1,0,43.808681,6.643163,-1.584282,17.563763,2.068247,-1.505376,0.600000,-0.350000,0.225000,43.808310,43.770932,1.809282,1.957981,-4.550190,-6.508171,nan,nan,nan
current_grasp,8.4000,-1,0,44.458206,6.789396,-1.585938,17.671446,2.098185,-1.494529,0.600000,-0.350000,0.225000,44.472382,44.435495,1.810938,2.057139,-4.550190,-6.607329,nan,nan,nan
current_grasp,8.4500,-1,0,45.486061,7.031975,-1.570712,17.829500,2.148553,-1.469327,0.600000,-0.350000,0.225000,45.524462,45.489032,1.795712,2.244492,-4.550190,-6.794682,nan,nan,nan
current_grasp,8.5000,-1,0,46.144173,7.183847,-1.569820,17.934296,2.180787,-1.458259,0.600000,-0.350000,0.225000,46.197964,46.163086,1.794820,2.365159,-4.550190,-6.915349,nan,nan,nan
current_grasp,8.5500,-1,0,47.080574,7.399415,-1.571699,18.081167,2.222960,-1.447130,0.600000,-0.350000,0.225000,47.156392,47.122152,1.796699,2.529867,-4.550190,-7.080057,nan,nan,nan
current_grasp,8.6000,-1,0,47.755608,7.553132,-1.576603,18.182924,2.252906,-1.438325,0.600000,-0.350000,0.225000,47.847221,47.813291,1.801603,2.631421,-4.550190,-7.181611,nan,nan,nan
current_grasp,8.6500,-1,0,48.811481,7.814786,-1.559577,18.333828,2.306936,-1.411262,0.600000,-0.350000,0.225000,48.930516,48.897962,1.784577,2.790617,-4.550190,-7.340807,nan,nan,nan
current_grasp,8.7010,-1,0,49.488289,7.975695,-1.559072,18.434538,2.340983,-1.398581,0.600000,-0.350000,0.225000,49.624237,49.592156,1.784072,2.906952,-4.550190,-7.457142,nan,nan,nan
current_grasp,8.7500,-1,0,50.588760,8.239838,-1.560098,18.597673,2.395822,-1.384636,0.600000,-0.350000,0.225000,50.752813,50.721410,1.785098,3.069639,-4.550190,-7.619829,nan,nan,nan
current_grasp,8.8000,-1,0,51.142654,8.372840,-1.562573,18.679028,2.423381,-1.377124,0.600000,-0.350000,0.225000,51.320983,51.289842,1.787573,3.181333,-4.550190,-7.731523,nan,nan,nan
current_grasp,8.8500,-1,0,52.227608,8.653703,-1.544802,18.829441,2.478550,-1.347529,0.600000,-0.350000,0.225000,52.436712,52.406837,1.769802,3.345098,-4.550190,-7.895288,nan,nan,nan
current_grasp,8.9000,-1,0,52.922894,8.826707,-1.543511,18.926779,2.511428,-1.333982,0.600000,-0.350000,0.225000,53.150962,53.121532,1.768511,3.467117,-4.550190,-8.017307,nan,nan,nan
current_grasp,8.9500,-1,0,53.908512,9.073516,-1.539677,19.067472,2.558594,-1.321723,0.600000,-0.350000,0.225000,54.163772,54.135017,1.764677,3.622955,-4.550190,-8.173145,nan,nan,nan
current_grasp,9.0010,-1,0,54.619259,9.251512,-1.540869,19.165972,2.596477,-1.311672,0.600000,-0.350000,0.225000,54.894332,54.865922,1.765869,3.727098,-4.550190,-8.277288,nan,nan,nan
current_grasp,9.0500,-1,0,55.731594,9.549779,-1.518303,19.311338,2.654651,-1.280659,0.600000,-0.350000,0.225000,56.040498,56.013376,1.743303,3.880931,-4.550190,-8.431121,nan,nan,nan
current_grasp,9.1000,-1,0,56.444122,9.736047,-1.514107,19.404633,2.689921,-1.264455,0.600000,-0.350000,0.225000,56.774280,56.747637,1.739107,3.999287,-4.550190,-8.549477,nan,nan,nan
current_grasp,9.1500,-1,0,57.454468,9.996728,-1.507290,19.538935,2.739920,-1.251184,0.600000,-0.350000,0.225000,57.814238,57.788280,1.732290,4.178031,-4.550190,-8.728221,nan,nan,nan
current_grasp,9.2000,-1,0,58.183006,10.187605,-1.506598,19.636518,2.775011,-1.244779,0.600000,-0.350000,0.225000,58.564854,58.539249,1.731598,4.303043,-4.550190,-8.853233,nan,nan,nan
current_grasp,9.2510,-1,0,59.324375,10.502865,-1.482656,19.781481,2.829538,-1.217210,0.600000,-0.350000,0.225000,59.743226,59.718815,1.707656,4.493530,-4.550190,-9.043720,nan,nan,nan
current_grasp,9.3020,-1,0,60.054699,10.700155,-1.476598,19.873999,2.862787,-1.204239,0.600000,-0.350000,0.225000,60.496798,60.472863,1.701598,4.620183,-4.550190,-9.170373,nan,nan,nan
current_grasp,9.3500,-1,0,61.240864,11.016703,-1.469215,20.025194,2.919724,-1.187754,0.600000,-0.350000,0.225000,61.720229,61.696971,1.694215,4.797163,-4.550190,-9.347353,nan,nan,nan
current_grasp,9.4010,-1,0,61.838154,11.177829,-1.468030,20.098812,2.948493,-1.182064,0.600000,-0.350000,0.225000,62.336736,62.313741,1.693030,4.911982,-4.550190,-9.462172,nan,nan,nan
current_grasp,9.4500,-1,0,63.010708,11.510102,-1.445783,20.240395,3.009699,-1.156629,0.600000,-0.350000,0.225000,63.549587,63.527620,1.670783,5.070408,-4.550190,-9.620598,nan,nan,nan
current_grasp,9.5000,-1,0,63.760349,11.720777,-1.440521,20.332264,3.049031,-1.148195,0.600000,-0.350000,0.225000,64.325013,64.303448,1.665521,5.174840,-4.550190,-9.725030,nan,nan,nan
current_grasp,9.5500,-1,0,64.823143,12.014067,-1.433794,20.462326,3.103023,-1.134369,0.600000,-0.350000,0.225000,65.423496,65.402464,1.658794,5.345426,-4.550190,-9.895616,nan,nan,nan
current_grasp,9.6010,-1,0,65.737839,12.269955,-1.429312,20.572487,3.146963,-1.121891,0.600000,-0.350000,0.225000,66.369707,66.349087,1.654312,5.453668,-4.550190,-10.003858,nan,nan,nan
current_grasp,9.6500,-1,0,66.790459,12.580132,-1.408763,20.695023,3.202953,-1.098572,0.600000,-0.350000,0.225000,67.461354,67.441568,1.633763,5.637775,-4.550190,-10.187965,nan,nan,nan
current_grasp,9.7000,-1,0,67.558540,12.800467,-1.402628,20.786804,3.242599,-1.084172,0.600000,-0.350000,0.225000,68.257088,68.237680,1.627628,5.764548,-4.550190,-10.314738,nan,nan,nan
current_grasp,9.7500,-1,0,68.646667,13.108787,-1.394276,20.913803,3.295255,-1.071006,0.600000,-0.350000,0.225000,69.383787,69.364889,1.619276,5.943559,-4.550190,-10.493749,nan,nan,nan
current_grasp,9.8010,-1,0,69.430260,13.333982,-1.391244,21.005259,3.333945,-1.065756,0.600000,-0.350000,0.225000,70.195928,70.177318,1.616244,6.063306,-4.550190,-10.613496,nan,nan,nan
current_grasp,9.8500,-1,0,70.661522,13.704954,-1.367877,21.143633,3.399091,-1.043394,0.600000,-0.350000,0.225000,71.475141,71.457390,1.592877,6.248523,-4.550190,-10.798713,nan,nan,nan
current_grasp,9.9000,-1,0,71.763741,14.029075,-1.357597,21.271427,3.453521,-1.028254,0.600000,-0.350000,0.225000,72.619146,72.601899,1.582597,6.436126,-4.550190,-10.986316,nan,nan,nan
current_grasp,9.9500,-1,0,72.721275,14.305770,-1.350498,21.380342,3.500094,-1.016706,0.600000,-0.350000,0.225000,73.612174,73.595312,1.575498,6.558745,-4.550190,-11.108935,nan,nan,nan
current_grasp,10.0000,-1,0,73.362305,14.494260,-1.347337,21.451658,3.531708,-1.010753,0.600000,-0.350000,0.225000,74.277704,74.261060,1.572337,6.655175,-4.550190,-11.205365,nan,nan,nan
current_grasp,10.0500,-1,0,74.623642,14.883761,-1.324362,21.586012,3.600048,-0.991107,0.600000,-0.350000,0.225000,75.590790,75.574910,1.549362,6.829868,-4.550190,-11.380058,nan,nan,nan
current_grasp,10.1000,-1,0,75.751740,15.220261,-1.314047,21.710205,3.654682,-0.975660,0.600000,-0.350000,0.225000,76.763179,76.747749,1.539047,7.001591,-4.550190,-11.551781,nan,nan,nan
current_grasp,10.1500,-1,0,76.566231,15.463240,-1.306744,21.798771,3.695238,-0.965857,0.600000,-0.350000,0.225000,77.609748,77.594631,1.531744,7.114618,-4.550190,-11.664808,nan,nan,nan
current_grasp,10.2000,-1,0,0.000000,0.000000,-1.305496,21.889313,3.732723,-0.958906,0.600000,-0.350000,0.225000,1.680749,0.694622,1.530496,7.237419,-4.550190,-11.787609,nan,nan,nan
current_grasp,10.2500,-1,0,0.000000,0.000000,-1.282019,22.022367,3.796023,-0.937548,0.600000,-0.350000,0.225000,1.659400,0.694622,1.507019,7.405371,-4.550190,-11.955561,nan,nan,nan
current_grasp,10.3010,-1,0,0.000000,0.000000,-1.274184,22.110542,3.836797,-0.926136,0.600000,-0.350000,0.225000,1.652287,0.694622,1.499184,7.522805,-4.550190,-12.072995,nan,nan,nan
current_grasp,10.3500,-1,0,0.000000,0.000000,-1.264476,22.254078,3.897106,-0.910134,0.600000,-0.350000,0.225000,1.643483,0.694622,1.489476,7.707228,-4.550190,-12.257418,nan,nan,nan
current_grasp,10.4000,-1,0,0.000000,0.000000,-1.263602,22.325478,3.927045,-0.903579,0.600000,-0.350000,0.225000,1.642692,0.694622,1.488602,7.814346,-4.550190,-12.364536,nan,nan,nan
current_grasp,10.4500,-1,0,0.000000,0.000000,-1.240126,22.457571,3.992566,-0.880970,0.600000,-0.350000,0.225000,1.621449,0.694622,1.465126,7.981666,-4.550190,-12.531856,nan,nan,nan
current_grasp,10.5000,-1,0,0.000000,0.000000,-1.232036,22.545820,4.031324,-0.873541,0.600000,-0.350000,0.225000,1.614142,0.694622,1.457036,8.090876,-4.550190,-12.641066,nan,nan,nan
current_grasp,10.5500,-1,0,0.000000,0.000000,-1.222883,22.667269,4.085689,-0.863877,0.600000,-0.350000,0.225000,1.605884,0.694622,1.447883,8.260093,-4.550190,-12.810283,nan,nan,nan
current_grasp,10.6000,-1,0,0.000000,0.000000,-1.221033,22.757627,4.125938,-0.857156,0.600000,-0.350000,0.225000,1.604217,0.694622,1.446033,8.386400,-4.550190,-12.936590,nan,nan,nan
current_grasp,10.6500,-1,0,0.000000,0.000000,-1.201596,22.887766,4.191821,-0.837374,0.600000,-0.350000,0.225000,1.586718,0.694622,1.426596,8.540423,-4.550190,-13.090613,nan,nan,nan
current_grasp,10.7020,-1,0,0.000000,0.000000,-1.193893,23.006714,4.248413,-0.824008,0.600000,-0.350000,0.225000,1.579797,0.694622,1.418893,8.714234,-4.550190,-13.264424,nan,nan,nan
current_grasp,10.7500,-1,0,0.000000,0.000000,-1.187737,23.092192,4.287579,-0.815537,0.600000,-0.350000,0.225000,1.574269,0.694622,1.412737,8.846985,-4.550190,-13.397175,nan,nan,nan
current_grasp,10.8030,-1,0,0.000000,0.000000,-1.184703,23.196976,4.335618,-0.808487,0.600000,-0.350000,0.225000,1.571548,0.694622,1.409703,8.947077,-4.550190,-13.497267,nan,nan,nan
current_grasp,10.8500,-1,0,0.000000,0.000000,-1.168212,23.310688,4.393430,-0.791929,0.600000,-0.350000,0.225000,1.556773,0.694622,1.393212,9.126639,-4.550190,-13.676829,nan,nan,nan
current_grasp,10.9000,-1,0,0.000000,0.000000,-1.159971,23.429722,4.449985,-0.779294,0.600000,-0.350000,0.225000,1.549402,0.694622,1.384971,9.316231,-4.550190,-13.866421,nan,nan,nan
current_grasp,10.9500,-1,0,0.000000,0.000000,-1.152620,23.515928,4.489962,-0.772381,0.600000,-0.350000,0.225000,1.542834,0.694622,1.377620,9.444280,-4.550190,-13.994470,nan,nan,nan
current_grasp,11.0000,-1,0,0.000000,0.000000,-1.150590,23.603115,4.528933,-0.765961,0.600000,-0.350000,0.225000,1.541022,0.694622,1.375590,9.560682,-4.550190,-14.110872,nan,nan,nan
current_grasp,11.0500,-1,0,0.000000,0.000000,-1.130955,23.727367,4.594701,-0.748684,0.600000,-0.350000,0.225000,1.523520,0.694622,1.355955,9.722697,-4.550190,-14.272887,nan,nan,nan
current_grasp,11.1010,-1,0,0.000000,0.000000,-1.123460,23.809084,4.634890,-0.740217,0.600000,-0.350000,0.225000,1.516854,0.694622,1.348460,9.836546,-4.550190,-14.386736,nan,nan,nan
current_grasp,11.1500,-1,0,0.000000,0.000000,-1.115337,23.925192,4.688875,-0.728785,0.600000,-0.350000,0.225000,1.509637,0.694622,1.340337,9.993236,-4.550190,-14.543426,nan,nan,nan
current_grasp,11.2000,-1,0,0.000000,0.000000,-1.105674,24.059587,4.752196,-0.715005,0.600000,-0.350000,0.225000,1.501064,0.694622,1.330674,10.153705,-4.550190,-14.703895,nan,nan,nan
current_grasp,11.2510,-1,0,0.000000,0.000000,-1.090674,24.136425,4.793417,-0.702063,0.600000,-0.350000,0.225000,1.487783,0.694622,1.315674,10.280637,-4.550190,-14.830827,nan,nan,nan
current_grasp,11.3010,-1,0,0.000000,0.000000,-1.081482,24.217773,4.834244,-0.696152,0.600000,-0.350000,0.225000,1.479660,0.694622,1.306482,10.400608,-4.550190,-14.950798,nan,nan,nan
current_grasp,11.3500,-1,0,0.000000,0.000000,-1.071070,24.332832,4.887911,-0.685874,0.600000,-0.350000,0.225000,1.470475,0.694622,1.296070,10.562174,-4.550190,-15.112364,nan,nan,nan
current_grasp,11.4000,-1,0,0.000000,0.000000,-1.066480,24.417850,4.928050,-0.680733,0.600000,-0.350000,0.225000,1.466431,0.694622,1.291480,10.666799,-4.550190,-15.216989,nan,nan,nan
current_grasp,11.4500,-1,0,0.000000,0.000000,-1.046962,24.542065,4.995165,-0.661592,0.600000,-0.350000,0.225000,1.449271,0.694622,1.271962,10.836098,-4.550190,-15.386288,nan,nan,nan
current_grasp,11.5000,-1,0,0.000000,0.000000,-1.038302,24.622314,5.033095,-0.654963,0.600000,-0.350000,0.225000,1.441677,0.694622,1.263302,10.957187,-4.550190,-15.507377,nan,nan,nan
current_grasp,11.5500,-1,0,0.000000,0.000000,-1.028564,24.738039,5.086283,-0.642572,0.600000,-0.350000,0.225000,1.433151,0.694622,1.253564,11.126022,-4.550190,-15.676212,nan,nan,nan
current_grasp,11.6020,-1,0,0.000000,0.000000,-1.017411,24.870592,5.149346,-0.629215,0.600000,-0.350000,0.225000,1.423406,0.694622,1.242411,11.297703,-4.550190,-15.847893,nan,nan,nan
current_grasp,11.6500,-1,0,0.000000,0.000000,-1.004912,24.950039,5.192776,-0.617277,0.600000,-0.350000,0.225000,1.412510,0.694622,1.229912,11.411996,-4.550190,-15.962186,nan,nan,nan
current_grasp,11.7000,-1,0,0.000000,0.000000,-0.996175,25.030937,5.231993,-0.607482,0.600000,-0.350000,0.225000,1.404908,0.694622,1.221175,11.532237,-4.550190,-16.082427,nan,nan,nan
current_grasp,11.7500,-1,0,0.000000,0.000000,-0.985984,25.146805,5.284945,-0.597459,0.600000,-0.350000,0.225000,1.396059,0.694622,1.210984,11.693462,-4.550190,-16.243652,nan,nan,nan
current_grasp,11.8010,-1,0,0.000000,0.000000,-0.981145,25.227507,5.322323,-0.591859,0.600000,-0.350000,0.225000,1.391864,0.694622,1.206145,11.805195,-4.550190,-16.355385,nan,nan,nan
current_grasp,11.8500,-1,0,0.000000,0.000000,-0.962807,25.351772,5.387555,-0.577848,0.600000,-0.350000,0.225000,1.376004,0.694622,1.187807,11.950114,-4.550190,-16.500304,nan,nan,nan
current_grasp,11.9000,-1,0,0.000000,0.000000,-0.954714,25.433302,5.426707,-0.570655,0.600000,-0.350000,0.225000,1.369023,0.694622,1.179714,12.057566,-4.550190,-16.607756,nan,nan,nan
current_grasp,11.9500,-1,0,0.000000,0.000000,-0.946470,25.545231,5.480705,-0.560285,0.600000,-0.350000,0.225000,1.361926,0.694622,1.171470,12.219540,-4.550190,-16.769730,nan,nan,nan
current_grasp,12.0000,-1,0,0.000000,0.000000,-0.941809,25.626928,5.519284,-0.555621,0.600000,-0.350000,0.225000,1.357919,0.694622,1.166809,12.326218,-4.550190,-16.876408,nan,nan,nan
current_grasp,12.0500,-1,0,0.000000,0.000000,-0.925348,25.749311,5.582094,-0.543574,0.600000,-0.350000,0.225000,1.343801,0.694622,1.150348,12.478739,-4.550190,-17.028929,nan,nan,nan
current_grasp,12.1010,-1,0,0.000000,0.000000,-0.916561,25.826775,5.622639,-0.536149,0.600000,-0.350000,0.225000,1.336286,0.694622,1.141561,12.581791,-4.550190,-17.131981,nan,nan,nan
current_grasp,12.1500,-1,0,0.000000,0.000000,-0.907726,25.940147,5.673933,-0.528658,0.600000,-0.350000,0.225000,1.328747,0.694622,1.132726,12.734816,-4.550190,-17.285006,nan,nan,nan
current_grasp,12.2000,-1,0,0.000000,0.000000,-0.902952,26.023674,5.710427,-0.526634,0.600000,-0.350000,0.225000,1.324680,0.694622,1.127952,12.844446,-4.550190,-17.394636,nan,nan,nan
current_grasp,12.2500,-1,0,3.969024,0.972678,-0.868163,0.429340,0.113796,0.020420,0.600000,-0.350000,0.225000,3.780847,3.619365,1.093163,12.985131,-4.550190,-17.535321,nan,nan,nan
current_grasp,12.3010,-1,0,3.700258,0.985965,-0.839312,0.511509,0.143098,0.019231,0.600000,-0.350000,0.225000,3.539656,3.375856,1.064312,13.095835,-4.550190,-17.646025,nan,nan,nan
current_grasp,12.3520,-1,0,3.139043,0.946402,-0.797719,0.630428,0.178466,0.016727,0.600000,-0.350000,0.225000,3.028754,2.850859,1.022719,13.218393,-4.550190,-17.768583,nan,nan,nan
current_grasp,12.4010,-1,0,2.656501,0.889204,-0.767443,0.716616,0.200380,0.016134,0.600000,-0.350000,0.225000,2.598031,2.401004,0.992443,13.303162,-4.550190,-17.853352,nan,nan,nan
current_grasp,12.4500,-1,0,2.009787,0.809506,-0.724327,0.841684,0.227159,0.013446,0.600000,-0.350000,0.225000,2.057468,1.825364,0.949327,13.450173,-4.550190,-18.000363,nan,nan,nan
current_grasp,12.5000,-1,0,1.686627,0.768787,-0.699717,0.920582,0.243501,0.010854,0.600000,-0.350000,0.225000,1.813159,1.559629,0.924717,13.545910,-4.550190,-18.096100,nan,nan,nan
current_grasp,12.5500,-1,0,1.322232,0.721642,-0.669194,1.031998,0.266918,0.008588,0.600000,-0.350000,0.225000,1.571502,1.292299,0.894194,13.681099,-4.550190,-18.231289,nan,nan,nan
current_grasp,12.6000,-1,0,1.115957,0.693900,-0.649214,1.113397,0.277760,0.005148,0.600000,-0.350000,0.225000,1.456087,1.164448,0.874214,13.796228,-4.550190,-18.346418,nan,nan,nan
current_grasp,12.6500,-1,0,0.847988,0.655508,-0.619852,1.219808,0.294426,0.000237,0.600000,-0.350000,0.225000,1.336533,1.035637,0.844852,13.921791,-4.550190,-18.471981,nan,nan,nan
current_grasp,12.7010,-1,0,0.721270,0.635890,-0.603401,1.288805,0.304443,-0.001825,0.600000,-0.350000,0.225000,1.293419,0.993320,0.828401,14.008531,-4.550190,-18.558720,nan,nan,nan
current_grasp,12.7500,-1,0,0.589988,0.613376,-0.583746,1.388587,0.319712,-0.006285,0.600000,-0.350000,0.225000,1.257881,0.963428,0.808746,14.150293,-4.550190,-18.700483,nan,nan,nan
current_grasp,12.8000,-1,0,0.524817,0.600419,-0.570063,1.464100,0.328171,-0.008514,0.600000,-0.350000,0.225000,1.241400,0.953388,0.795063,14.240729,-4.550190,-18.790919,nan,nan,nan
current_grasp,12.8500,-1,0,0.437150,0.580732,-0.547070,1.552813,0.342375,-0.012289,0.600000,-0.350000,0.225000,1.220195,0.944872,0.772070,14.380541,-4.550190,-18.930731,nan,nan,nan
current_grasp,12.9010,-1,0,0.403960,0.570814,-0.533681,1.611604,0.349228,-0.013206,0.600000,-0.350000,0.225000,1.209101,0.941451,0.758681,14.456800,-4.550190,-19.006990,nan,nan,nan
current_grasp,12.9500,-1,0,0.384083,0.560018,-0.517789,1.699570,0.364447,-0.017218,0.600000,-0.350000,0.225000,1.194357,0.935282,0.742789,14.589651,-4.550190,-19.139841,nan,nan,nan
current_grasp,13.0020,-1,0,0.388888,0.553398,-0.504637,1.780908,0.374623,-0.018597,0.600000,-0.350000,0.225000,1.180282,0.927737,0.729637,14.677850,-4.550190,-19.228040,nan,nan,nan
current_grasp,13.0530,-1,0,0.382402,0.543476,-0.485414,1.841456,0.382206,-0.018888,0.600000,-0.350000,0.225000,1.162040,0.919592,0.710414,14.799212,-4.550190,-19.349402,nan,nan,nan
current_grasp,13.1000,-1,0,0.392406,0.538096,-0.473497,1.894216,0.384690,-0.022336,0.600000,-0.350000,0.225000,1.148786,0.912036,0.698497,14.864262,-4.550190,-19.414452,nan,nan,nan
current_grasp,13.1500,-1,0,0.424709,0.532768,-0.459501,1.971592,0.392809,-0.020860,0.600000,-0.350000,0.225000,1.130729,0.900003,0.684501,14.970024,-4.550190,-19.520214,nan,nan,nan
current_grasp,13.2010,-1,0,0.459515,0.530475,-0.449676,2.030907,0.399862,-0.023394,0.600000,-0.350000,0.225000,1.118105,0.891612,0.674676,15.046354,-4.550190,-19.596544,nan,nan,nan
current_grasp,13.2500,-1,0,0.491138,0.522887,-0.428596,2.088120,0.399287,-0.022601,0.600000,-0.350000,0.225000,1.095888,0.879649,0.653596,15.145718,-4.550190,-19.695908,nan,nan,nan
current_grasp,13.3000,-1,0,0.519642,0.519165,-0.415381,2.128574,0.403511,-0.022278,0.600000,-0.350000,0.225000,1.082586,0.872872,0.640381,15.235780,-4.550190,-19.785970,nan,nan,nan
current_grasp,13.3510,-1,0,0.574377,0.516054,-0.399914,2.191464,0.411388,-0.021507,0.600000,-0.350000,0.225000,1.068281,0.866433,0.624914,15.339166,-4.550190,-19.889356,nan,nan,nan
current_grasp,13.4010,-1,0,0.623183,0.515213,-0.389674,2.244277,0.414595,-0.021581,0.600000,-0.350000,0.225000,1.061581,0.865523,0.614674,15.402775,-4.550190,-19.952965,nan,nan,nan
current_grasp,13.4500,-1,0,0.672193,0.509610,-0.367767,2.289770,0.413559,-0.020901,0.600000,-0.350000,0.225000,1.046668,0.862636,0.592767,15.497528,-4.550190,-20.047718,nan,nan,nan
current_grasp,13.5000,-1,0,0.704981,0.506361,-0.353737,2.313673,0.416062,-0.020673,0.600000,-0.350000,0.225000,1.038900,0.862772,0.578737,15.554295,-4.550190,-20.104485,nan,nan,nan
current_grasp,13.5510,-1,0,0.764981,0.503800,-0.338006,2.363794,0.415759,-0.023737,0.600000,-0.350000,0.225000,1.035939,0.869594,0.563006,15.656328,-4.550190,-20.206518,nan,nan,nan
current_grasp,13.6000,-1,0,0.817153,0.503271,-0.327962,2.406352,0.418924,-0.023134,0.600000,-0.350000,0.225000,1.039708,0.880469,0.552962,15.741472,-4.550190,-20.291662,nan,nan,nan
current_grasp,13.6510,-1,0,0.864827,0.497437,-0.305268,2.432612,0.417441,-0.019391,0.600000,-0.350000,0.225000,1.034150,0.887853,0.530268,15.848458,-4.550190,-20.398648,nan,nan,nan
current_grasp,13.7000,-1,0,0.895764,0.494034,-0.290572,2.450226,0.418423,-0.016153,0.600000,-0.350000,0.225000,1.032319,0.894354,0.515572,15.924037,-4.550190,-20.474227,nan,nan,nan
current_grasp,13.7500,-1,0,0.953577,0.491355,-0.273757,2.486187,0.416781,-0.014766,0.600000,-0.350000,0.225000,1.040025,0.912630,0.498757,16.025140,-4.550190,-20.575330,nan,nan,nan
current_grasp,13.8010,-1,0,1.015481,0.490829,-0.260843,2.524980,0.417291,-0.012951,0.600000,-0.350000,0.225000,1.056249,0.937880,0.485843,16.099250,-4.550190,-20.649440,nan,nan,nan
current_grasp,13.8500,-1,0,1.044776,0.484419,-0.238504,2.525656,0.411645,-0.008095,0.600000,-0.350000,0.225000,1.053051,0.945558,0.463504,16.193260,-4.550190,-20.743450,nan,nan,nan
current_grasp,13.9000,-1,0,1.070570,0.480484,-0.222358,2.536046,0.408171,-0.000036,0.600000,-0.350000,0.225000,1.054168,0.954537,0.447358,16.268738,-4.550190,-20.818928,nan,nan,nan
current_grasp,13.9510,-1,0,1.121932,0.477169,-0.203263,2.553325,0.405914,0.002858,0.600000,-0.350000,0.225000,1.067722,0.978070,0.428263,16.361600,-4.550190,-20.911790,nan,nan,nan
current_grasp,14.0000,-1,0,1.168606,0.476216,-0.190239,2.575940,0.404826,0.006205,0.600000,-0.350000,0.225000,1.085527,1.002968,0.415239,16.436854,-4.550190,-20.987044,nan,nan,nan
current_grasp,14.0500,-1,0,1.198245,0.468773,-0.162970,2.566605,0.395015,0.010381,0.600000,-0.350000,0.225000,1.085728,1.014044,0.387970,16.546713,-4.550190,-21.096903,nan,nan,nan
current_grasp,14.1000,-1,0,1.217042,0.464154,-0.146186,2.559243,0.391315,0.013327,0.600000,-0.350000,0.225000,1.086907,1.021561,0.371186,16.629676,-4.550190,-21.179866,nan,nan,nan
current_grasp,14.1510,-1,0,1.259225,0.459813,-0.126594,2.564717,0.384234,0.015094,0.600000,-0.350000,0.225000,1.101814,1.044210,0.351594,16.728485,-4.550190,-21.278675,nan,nan,nan
current_grasp,14.2010,-1,0,1.317034,0.456322,-0.106455,2.578882,0.379404,0.016649,0.600000,-0.350000,0.225000,1.128785,1.079024,0.331455,16.846983,-4.550190,-21.397173,nan,nan,nan
current_grasp,14.2500,-1,0,1.317195,0.449550,-0.089033,2.552305,0.369982,0.019021,0.600000,-0.350000,0.225000,1.119047,1.074081,0.314033,16.926072,-4.550190,-21.476262,nan,nan,nan
current_grasp,14.3000,-1,0,1.328267,0.444176,-0.073380,2.537560,0.363706,0.022701,0.600000,-0.350000,0.225000,1.118087,1.077538,0.298380,17.023182,-4.550190,-21.573372,nan,nan,nan
current_grasp,14.3500,-1,0,1.360512,0.438806,-0.055219,2.531256,0.354390,0.023797,0.600000,-0.350000,0.225000,1.130980,1.095716,0.280219,17.132033,-4.550190,-21.682223,nan,nan,nan
current_grasp,14.4000,-1,0,1.407309,0.434043,-0.035100,2.529587,0.347358,0.028260,0.600000,-0.350000,0.225000,1.155042,1.125376,0.260100,17.272535,-4.550190,-21.822725,nan,nan,nan
current_grasp,14.4500,-1,0,1.399283,0.426576,-0.017646,2.498308,0.337315,0.030910,0.600000,-0.350000,0.225000,1.140527,1.114416,0.242646,17.347072,-4.550190,-21.897262,nan,nan,nan
current_grasp,14.5010,-1,0,1.402695,0.420516,-0.001336,2.473235,0.329198,0.035300,0.600000,-0.350000,0.225000,1.135448,1.112661,0.226336,17.427780,-4.550190,-21.977970,nan,nan,nan
current_grasp,14.5500,-1,0,1.424685,0.414129,0.018022,2.455077,0.318674,0.041707,0.600000,-0.350000,0.225000,1.143170,1.124277,0.206978,17.545092,-4.550190,-22.095282,nan,nan,nan
current_grasp,14.6010,-1,0,1.451598,0.411012,0.029610,2.451555,0.314992,0.044186,0.600000,-0.350000,0.225000,1.158679,1.142085,0.195390,17.623347,-4.550190,-22.173537,nan,nan,nan
current_grasp,14.6500,-1,0,1.444618,0.400432,0.053706,2.403055,0.301187,0.053482,0.600000,-0.350000,0.225000,1.142747,1.129836,0.171294,17.739522,-4.550190,-22.289712,nan,nan,nan
current_grasp,14.7000,-1,0,1.440731,0.393960,0.067842,2.371338,0.291095,0.058217,0.600000,-0.350000,0.225000,1.133580,1.122633,0.157158,17.819197,-4.550190,-22.369387,nan,nan,nan
current_grasp,14.7500,-1,0,1.452977,0.386829,0.084732,2.345272,0.280413,0.060715,0.600000,-0.350000,0.225000,1.135853,1.127159,0.140268,17.952113,-4.550190,-22.502303,nan,nan,nan
current_grasp,14.8000,-1,0,1.473125,0.383125,0.095373,2.334459,0.273270,0.062364,0.600000,-0.350000,0.225000,1.147442,1.140096,0.129627,18.042110,-4.550190,-22.592300,nan,nan,nan
current_grasp,14.8500,-1,0,1.455304,0.371918,0.117227,2.273741,0.258074,0.063755,0.600000,-0.350000,0.225000,1.124422,1.119246,0.107773,18.185087,-4.550190,-22.735277,nan,nan,nan
current_grasp,14.9000,-1,0,1.444821,0.365091,0.129708,2.238044,0.250869,0.064539,0.600000,-0.350000,0.225000,1.110927,1.106832,0.095292,18.276042,-4.550190,-22.826232,nan,nan,nan
current_grasp,14.9500,-1,0,1.447945,0.357514,0.144772,2.202855,0.238496,0.069290,0.600000,-0.350000,0.225000,1.107260,1.104349,0.080228,18.411759,-4.550190,-22.961949,nan,nan,nan
current_grasp,15.0000,-1,0,1.461716,0.353251,0.152880,2.189668,0.229131,0.070866,0.600000,-0.350000,0.225000,1.114593,1.112258,0.072120,18.511505,-4.550190,-23.061695,nan,nan,nan
current_grasp,15.0510,-1,0,1.444954,0.342695,0.170025,2.131938,0.213422,0.076288,0.600000,-0.350000,0.225000,1.093982,1.092600,0.054975,18.660027,-4.550190,-23.210217,nan,nan,nan
current_grasp,15.1020,-1,0,1.423803,0.332826,0.185460,2.077979,0.195774,0.076706,0.600000,-0.350000,0.225000,1.070732,1.070001,0.039540,18.806631,-4.550190,-23.356821,nan,nan,nan
current_grasp,15.1500,-1,0,1.421504,0.326918,0.194990,2.051484,0.186573,0.079387,0.600000,-0.350000,0.225000,1.064889,1.064466,0.030010,18.914242,-4.550190,-23.464432,nan,nan,nan
current_grasp,15.2010,-1,0,1.428771,0.321904,0.203400,2.031903,0.179990,0.083253,0.600000,-0.350000,0.225000,1.067137,1.066919,0.021600,19.010437,-4.550190,-23.560627,nan,nan,nan
current_grasp,15.2500,-1,0,1.403524,0.310836,0.219901,1.970000,0.164131,0.085232,0.600000,-0.350000,0.225000,1.040376,1.040363,0.005099,19.145496,-4.550190,-23.695686,nan,nan,nan
current_grasp,15.3000,-1,0,1.381578,0.303409,0.229842,1.927726,0.153363,0.088094,0.600000,-0.350000,0.225000,1.018740,1.018729,0.004842,19.240434,-4.550190,-23.790624,nan,nan,nan
current_grasp,15.3510,-1,0,1.368730,0.294574,0.242159,1.883553,0.141357,0.090779,0.600000,-0.350000,0.225000,1.003352,1.003205,0.017159,19.400945,-4.550190,-23.951135,nan,nan,nan
current_grasp,15.4000,-1,0,1.371018,0.289204,0.249317,1.860608,0.132680,0.092035,0.600000,-0.350000,0.225000,1.001819,1.001524,0.024317,19.485675,-4.550190,-24.035865,nan,nan,nan
current_grasp,15.4500,-1,0,1.339341,0.278174,0.263572,1.797190,0.117346,0.097570,0.600000,-0.350000,0.225000,0.970935,0.970169,0.038572,19.624979,-4.550190,-24.175169,nan,nan,nan
current_grasp,15.5000,-1,0,1.313795,0.270878,0.272043,1.753029,0.104692,0.098268,0.600000,-0.350000,0.225000,0.947209,0.946040,0.047043,19.738964,-4.550190,-24.289154,nan,nan,nan
current_grasp,15.5500,-1,0,1.295500,0.261893,0.282330,1.703694,0.092963,0.100033,0.600000,-0.350000,0.225000,0.928128,0.926355,0.057330,19.890257,-4.550190,-24.440447,nan,nan,nan
current_grasp,15.6000,-1,0,1.293470,0.256268,0.288437,1.677444,0.083541,0.102308,0.600000,-0.350000,0.225000,0.923302,0.921120,0.063437,19.987202,-4.550190,-24.537392,nan,nan,nan
current_grasp,15.6500,-1,0,1.257267,0.245320,0.300397,1.611800,0.067999,0.103031,0.600000,-0.350000,0.225000,0.889995,0.886795,0.075397,20.142482,-4.550190,-24.692672,nan,nan,nan
current_grasp,15.7010,-1,0,1.229529,0.238170,0.307204,1.566816,0.057946,0.104956,0.600000,-0.350000,0.225000,0.865453,0.861540,0.082204,20.249344,-4.550190,-24.799534,nan,nan,nan
current_grasp,15.7500,-1,0,1.205868,0.228036,0.316810,1.513939,0.044358,0.107108,0.600000,-0.350000,0.225000,0.842396,0.837378,0.091810,20.413692,-4.550190,-24.963882,nan,nan,nan
current_grasp,15.8000,-1,0,1.202549,0.223449,0.319572,1.494372,0.039112,0.106554,0.600000,-0.350000,0.225000,0.837170,0.831811,0.094572,20.530231,-4.550190,-25.080421,nan,nan,nan
current_grasp,15.8500,-1,0,1.164382,0.213104,0.327716,1.428491,0.026073,0.105783,0.600000,-0.350000,0.225000,0.803843,0.797253,0.102716,20.677084,-4.550190,-25.227274,nan,nan,nan
current_grasp,15.9000,-1,0,1.135979,0.206578,0.332395,1.387119,0.019394,0.104290,0.600000,-0.350000,0.225000,0.780119,0.772691,0.107395,20.783565,-4.550190,-25.333755,nan,nan,nan
current_grasp,15.9510,-1,0,1.110205,0.197069,0.339153,1.333945,0.007853,0.106522,0.600000,-0.350000,0.225000,0.756719,0.748059,0.114153,20.952904,-4.550190,-25.503094,nan,nan,nan
current_grasp,16.0010,-1,0,1.105372,0.192686,0.341269,1.313865,0.001578,0.106153,0.600000,-0.350000,0.225000,0.750618,0.741558,0.116269,21.068138,-4.550190,-25.618328,nan,nan,nan
current_grasp,16.0540,-1,0,1.066353,0.183195,0.347044,1.252440,-0.011966,0.105052,0.600000,-0.350000,0.225000,0.718802,0.708366,0.122044,21.220260,-4.550190,-25.770450,nan,nan,nan
current_grasp,16.1020,-1,0,1.029197,0.174755,0.350319,1.199149,-0.025745,0.101971,0.600000,-0.350000,0.225000,0.689407,0.677921,0.125319,21.374718,-4.550190,-25.924908,nan,nan,nan
current_grasp,16.1500,-1,0,1.013275,0.168954,0.352401,1.167920,-0.036242,0.100675,0.600000,-0.350000,0.225000,0.675529,0.663407,0.127401,21.456223,-4.550190,-26.006413,nan,nan,nan
current_grasp,16.2000,-1,0,1.005141,0.163219,0.353798,1.141914,-0.044914,0.099322,0.600000,-0.350000,0.225000,0.666425,0.653860,0.128798,21.568052,-4.550190,-26.118242,nan,nan,nan
current_grasp,16.2520,-1,0,0.966482,0.153747,0.357271,1.081921,-0.059545,0.095062,0.600000,-0.350000,0.225000,0.636840,0.622953,0.132271,21.725169,-4.550190,-26.275359,nan,nan,nan
current_grasp,16.3010,-1,0,0.938788,0.147650,0.358957,1.044765,-0.072518,0.098800,0.600000,-0.350000,0.225000,0.616747,0.602024,0.133957,21.844976,-4.550190,-26.395166,nan,nan,nan
current_grasp,16.3500,-1,0,0.911581,0.137849,0.360944,0.994596,-0.085363,0.094417,0.600000,-0.350000,0.225000,0.594609,0.578861,0.135944,22.015117,-4.550190,-26.565307,nan,nan,nan
current_grasp,16.4000,-1,0,0.904989,0.132954,0.361359,0.976477,-0.092793,0.093592,0.600000,-0.350000,0.225000,0.587245,0.571194,0.136359,22.136314,-4.550190,-26.686504,nan,nan,nan
current_grasp,16.4500,-1,0,0.867251,0.123447,0.363624,0.919377,-0.110111,0.090809,0.600000,-0.350000,0.225000,0.561063,0.543668,0.138624,22.306838,-4.550190,-26.857028,nan,nan,nan
current_grasp,16.5000,-1,0,0.840385,0.117461,0.364189,0.883576,-0.118930,0.089004,0.600000,-0.350000,0.225000,0.543764,0.525647,0.139189,22.431338,-4.550190,-26.981528,nan,nan,nan
current_grasp,16.5500,-1,0,0.815577,0.108717,0.364300,0.841121,-0.133851,0.086186,0.600000,-0.350000,0.225000,0.525641,0.506848,0.139300,22.600669,-4.550190,-27.150859,nan,nan,nan
current_grasp,16.6000,-1,0,0.805996,0.102126,0.363592,0.818419,-0.143866,0.083562,0.600000,-0.350000,0.225000,0.515810,0.496843,0.138592,22.711719,-4.550190,-27.261909,nan,nan,nan
current_grasp,16.6510,-1,0,0.775854,0.092461,0.362877,0.768247,-0.158569,0.077731,0.600000,-0.350000,0.225000,0.495688,0.476126,0.137877,22.877127,-4.550190,-27.427317,nan,nan,nan
current_grasp,16.7010,-1,0,0.749501,0.086763,0.362672,0.732364,-0.168838,0.076216,0.600000,-0.350000,0.225000,0.481732,0.461641,0.137672,22.995864,-4.550190,-27.546054,nan,nan,nan
current_grasp,16.7500,-1,0,0.724337,0.077985,0.362303,0.689395,-0.182880,0.073859,0.600000,-0.350000,0.225000,0.466350,0.445680,0.137303,23.169757,-4.550190,-27.719947,nan,nan,nan
