cycle,status,solve_time_s,position_error_m,attitude_error_rad,joint_error_rad,cost,max_abs_command,max_abs_command_rate,T_cmd,p_cmd,q_cmd,r_cmd,cmd_00,cmd_01,cmd_02,cmd_03,cmd_04,cmd_05,cmd_06,cmd_07,cmd_rate_00,cmd_rate_01,cmd_rate_02,cmd_rate_03,cmd_rate_04,cmd_rate_05,cmd_rate_06,cmd_rate_07
0,0,0.0032833709992701188,0.04123105625617661,0.08726646259971647,0.1,3.503700880340576,16.84153496110637,0.9550161388280718,16.84153496110637,-0.013871611947267413,-1.7025257700579577e-06,1.1762833508443497e-24,16.84153496110637,-0.013871611947267413,-1.7025257700579577e-06,1.1762833508443497e-24,-0.019100322776561433,-0.019100322776561433,-0.019100322776561433,-0.019100322776064906,-0.11175194468133924,-0.6935805973633707,-8.51262885028979e-05,5.881416754216031e-23,-0.9550161388280718,-0.9550161388280718,-0.9550161388280718,-0.9550161388032455
1,0,0.0024499319988535717,0.04123105625617661,0.08726646259971647,0.1,7.787778560074782,16.837316721616745,3.009046049489827,16.837316721616745,-0.07405253293706394,-0.0019282837889041879,2.4235724681026558e-06,16.837316721616745,-0.07405253293706394,-0.0019282837889041879,2.4235724681026558e-06,-0.03453853087816287,-0.03453853087816287,-0.03453853087816287,-0.034538530864365806,-0.21091197448127066,-3.009046049489827,-0.09632906315670652,0.0001211786234051328,-0.7719104050800717,-0.7719104050800717,-0.7719104050800717,-0.7719104044150447
2,0,0.002640495000377996,0.041390818686840955,0.08726646259971647,0.1,8.161719199309687,16.833650329302653,2.5608287243643018,16.833650329302653,-0.12526910742435,-0.0034695190868853126,5.42340344338903e-06,16.833650329302653,-0.12526910742435,-0.0034695190868853126,5.42340344338903e-06,-0.04677088301780357,-0.04677088301780357,-0.04677088301780357,-0.0467708830064944,-0.18331961570467548,-2.5608287243643018,-0.07706176489905624,0.0001499915487643187,-0.6116176069820354,-0.6116176069820354,-0.6116176069820354,-0.61161760710643
3,0,0.002693684000405483,0.041716664813972744,0.08722022389322576,0.09991510967654918,8.562833205226113,16.83039662530819,2.1547580900170913,16.83039662530819,-0.1683642692246918,-0.00467145749636967,8.172811447661567e-06,16.83039662530819,-0.1683642692246918,-0.00467145749636967,8.172811447661567e-06,-0.05622440768591005,-0.05622440768591005,-0.05622440768591005,-0.056224407676801445,-0.16268519972291218,-2.1547580900170913,-0.060096920474217885,0.00013747040021362688,-0.4726762334053234,-0.4726762334053234,-0.4726762334053234,-0.4726762335153523
4,0,0.0026538929996604566,0.04222089644560991,0.08693485009974888,0.09968614702959416,8.977532951103477,16.827548247464133,1.7907951304479002,16.827548247464133,-0.20418017183364984,-0.005577748514415477,1.062045033648904e-05,16.827548247464133,-0.20418017183364984,-0.005577748514415477,1.062045033648904e-05,-0.0632932707407674,-0.0632932707407674,-0.0632932707407674,-0.06329327073358612,-0.14241889220294582,-1.7907951304479002,-0.045314550902290265,0.00012238194444137365,-0.35344315274286825,-0.35344315274286825,-0.35344315274286825,-0.35344315283923333
5,0,0.0026419940004416276,0.04292127079872475,0.08627947764924876,0.09927475408556757,9.394698649372394,16.825101367549756,1.467721520832411,16.825101367549756,-0.23353460225029807,-0.0062292050105827,1.2730633922296058e-05,16.825101367549756,-0.23353460225029807,-0.0062292050105827,1.2730633922296058e-05,-0.06833685470582151,-0.06833685470582151,-0.06833685470582151,-0.06833685470031191,-0.12234399571861244,-1.467721520832411,-0.0325728248083612,0.0001055091792903509,-0.25217919825270546,-0.25217919825270546,-0.25217919825270546,-0.25217919833628966
6,0,0.0024927230006142054,0.04383944436183456,0.0851721306744636,0.09865918521228337,9.805234248497129,16.823053961853017,1.1831779949782577,16.823053961853017,-0.25719816214986324,-0.006663223374178892,1.4487111635292238e-05,16.823053961853017,-0.25719816214986324,-0.006663223374178892,1.4487111635292238e-05,-0.07167918036030549,-0.07167918036030549,-0.07167918036030549,-0.07167918035623151,-0.10237028483685782,-1.1831779949782577,-0.02170091817980962,8.782388564980908e-05,-0.16711628272419865,-0.16711628272419865,-0.16711628272419865,-0.16711628279597962
7,0,0.0026829859998542815,0.04499913443245896,0.08356876901407821,0.09783070945496863,10.201795612233902,16.821404336995798,0.9341775821249199,16.821404336995798,-0.2758817137923617,-0.0069135170546436985,1.5890697803783542e-05,16.821404336995798,-0.2758817137923617,-0.0069135170546436985,1.5890697803783542e-05,-0.07360935766001878,-0.07360935766001878,-0.07360935766001878,-0.07360935765716456,-0.08248124286099671,-0.9341775821249199,-0.012514684023240333,7.01793084245651e-05,-0.09650886498566316,-0.09650886498566316,-0.09650886498566316,-0.09650886504665306
8,0,0.0026934849993267562,0.04642408212416368,0.08145424194060963,0.09679056720533578,10.57861823857018,16.820149945917798,0.7174054827033038,16.820149945917798,-0.2902298234464278,-0.00701006229250689,1.6956103728507512e-05,16.820149945917798,-0.2902298234464278,-0.00701006229250689,1.6956103728507512e-05,-0.07438280355993385,-0.07438280355993385,-0.07438280355993385,-0.07438280355810463,-0.0627195539000989,-0.7174054827033038,-0.0048272618931595665,5.327029623619857e-05,-0.038672294995755654,-0.038672294995755654,-0.038672294995755654,-0.038672295047003244
9,0,0.002655093001521891,0.04813600630257936,0.07883490629436445,0.09554742218184309,10.93137223702407,16.8192864824523,0.5294407297249095,16.8192864824523,-0.3008186380409259,-0.006979194315042585,1.7708468027116266e-05,16.8192864824523,-0.3008186380409259,-0.006979194315042585,1.7708468027116266e-05,-0.07422300909664381,-0.07422300909664381,-0.07422300909664381,-0.07422300909566532,-0.04317317327489844,-0.5294407297249095,0.0015433988732152237,3.761821493043752e-05,0.007989723164502943,0.007989723164502943,0.007989723164502943,0.007989723121965275
10,0,0.002519118999771308,0.050152781404895465,0.07573267394879428,0.09411525168247488,11.257015264679033,16.818807236094248,0.3669150443021972,16.818807236094248,-0.3081569389269698,-0.006843805332974633,1.818010065883593e-05,16.818807236094248,-0.3081569389269698,-0.006843805332974633,1.818010065883593e-05,-0.07332367740691266,-0.07332367740691266,-0.07332367740691266,-0.07332367740663043,-0.023962317902433805,-0.3669150443021972,0.0067694491033975755,2.358163158598342e-05,0.044966584486556244,0.044966584486556244,0.044966584486556244,0.04496658445174563
11,0,0.0025001220019476023,0.05248705144819716,0.07218027279469287,0.09251162100054991,11.553636745184615,16.818702680621726,0.226621947693526,16.818702680621726,-0.31268937788084034,-0.006623606581337038,1.8407723019140342e-05,16.818702680621726,-0.31268937788084034,-0.006623606581337038,1.8407723019140342e-05,-0.07185108855685987,-0.07185108855685987,-0.07185108855685987,-0.07185108855713854,-0.005227773625993115,-0.226621947693526,0.011009937581879731,1.138111801522047e-05,0.0736294425026398,0.0736294425026398,0.0736294425026398,0.0736294424745937
12,0,0.002779667996946955,0.055145412741195325,0.06821752670371183,0.09075629146507706,11.820296875964086,16.818960265846023,0.10558707289933278,16.818960265846023,-0.314801119338827,-0.006335425641701367,1.843031582181295e-05,16.818960265846023,-0.314801119338827,-0.006335425641701367,1.843031582181295e-05,-0.06994657652610978,-0.06994657652610978,-0.06994657652610978,-0.06994657652683227,0.012879261214400745,-0.10558707289933278,0.014409046981783632,1.129640133630572e-06,0.09522560153750413,0.09522560153750413,0.09522560153750413,0.09522560151531395
13,0,0.002643193998665083,0.05812818737173733,0.06388848196123688,0.08887011553395968,12.056867180797227,16.819564380167574,0.11087738394564536,16.819564380167574,-0.3148232942316874,-0.005993517618486352,1.828757141066356e-05,16.819564380167574,-0.3148232942316874,-0.005993517618486352,1.828757141066356e-05,-0.06772902884719689,-0.06772902884719689,-0.06772902884719689,-0.06772902884826276,0.030205716077490303,-0.0011087446430245729,0.017095401160750777,-7.137220557469683e-06,0.11087738394564536,0.11087738394564536,0.11087738394564536,0.11087738392847482
14,0,0.002483125001162989,0.0614297070178564,0.059239229566935836,0.08687417653493563,12.263879125401445,16.820496452079976,0.12158440915118632,16.820496452079976,-0.31303881936916056,-0.00560987465385141,1.801887763058473e-05,16.820496452079976,-0.31303881936916056,-0.00560987465385141,1.801887763058473e-05,-0.06529734066417314,-0.06529734066417314,-0.06529734066417314,-0.06529734066549736,0.04660359562014943,0.08922374312634807,0.019182148231747104,-1.3434689003941316e-05,0.12158440915118632,0.12158440915118632,0.12158440915118632,0.12158440913826898
15,0,0.002486823999788612,0.06503896183025629,0.054316294094624885,0.084789134862353,12.442385617852068,16.821735160652086,0.16752813986543658,16.821735160652086,-0.3096882565718518,-0.005194522968662525,1.766272569419112e-05,16.821735160652086,-0.3096882565718518,-0.005194522968662525,1.766272569419112e-05,-0.0627327727620866,-0.0627327727620866,-0.0627327727620866,-0.06273277276359794,0.06193542860574126,0.16752813986543658,0.020767584259444166,-1.7807596819680503e-05,0.12822839510432793,0.12822839510432793,0.12822839510432793,0.12822839509497275
16,0,0.002655592001246987,0.06894045159704808,0.04916548045086564,0.08263474658073525,12.593838186454384,16.823256727798324,0.23563873862886808,16.823256727798324,-0.3049754817992745,-0.004755800304493441,1.7256424634139285e-05,16.823256727798324,-0.3049754817992745,-0.004755800304493441,1.7256424634139285e-05,-0.060101177832692934,-0.060101177832692934,-0.060101177832692934,-0.06010117783433247,0.07607835731198924,0.23563873862886808,0.021936133208454233,-2.0315053002591995e-05,0.13157974646968318,0.13157974646968318,0.13157974646968318,0.1315797464632727
17,0,0.002629696999065345,0.07311509683341386,0.04383109060749335,0.08042952437189944,12.719980818605379,16.825035268398004,0.295123582395844,16.825035268398004,-0.2990730101513575,-0.004300609484968889,1.6836011445564175e-05,16.825035268398004,-0.2990730101513575,-0.004300609484968889,1.6836011445564175e-05,-0.057455071262379816,-0.057455071262379816,-0.057455071262379816,-0.057455071264099544,0.08892702998383453,0.295123582395844,0.02275954097622755,-2.1020659428755564e-05,0.13230532851565607,0.13230532851565607,0.13230532851565607,0.1323053285116461
18,0,0.0026855869982682634,0.07754110763557413,0.03835544568128405,0.07819051452954556,12.822760072080566,16.827043177730257,0.3473064472301788,16.827043177730257,-0.2921268812067539,-0.003834645964044078,1.6436262133921587e-05,16.827043177730257,-0.2921268812067539,-0.003834645964044078,1.6436262133921587e-05,-0.05483553241135938,-0.05483553241135938,-0.05483553241135938,-0.05483553241312072,0.10039546661243669,0.3473064472301788,0.023298176046240567,-1.998746558212931e-05,0.130976942551022,0.130976942551022,0.130976942551022,0.13097694254894143
19,0,0.002479927003150806,0.08219475111890664,0.032778682063783746,0.07593316721263943,12.904250166755734,16.829251539025886,0.3932913758745067,16.829251539025886,-0.28426105368926385,-0.00336259881396813,1.609072950808158e-05,16.829251539025886,-0.28426105368926385,-0.00336259881396813,1.609072950808158e-05,-0.05227393002614053,-0.05227393002614053,-0.05227393002614053,-0.052273930027913036,0.11041806478147537,0.3932913758745067,0.023602357503797376,-1.727663129200039e-05,0.12808011926094273,0.12808011926094273,0.12808011926094273,0.12808011926038418
20,0,0.0026331959998060483,0.08705099354064492,0.027138858223521706,0.07367128039199927,12.966591271466303,16.83163053705238,0.43398810831053447,16.83163053705238,-0.2755812915230531,-0.002888325737956826,1.5831755105309973e-05,16.83163053705238,-0.2755812915230531,-0.002888325737956826,1.5831755105309973e-05,-0.04979347138807098,-0.04979347138807098,-0.04979347138807098,-0.0497934713898312,0.11894990132462537,0.43398810831053447,0.02371365380056523,-1.2948720138580365e-05,0.12402293190347703,0.12402293190347703,0.12402293190347703,0.12402293190409208
21,0,0.0026520930005062837,0.09208401708848107,0.02147260597482223,0.07141700085182225,13.011939024906322,16.83414986645466,0.47013721697277644,16.83414986645466,-0.2661785471835975,-0.0024150034662623497,1.569042275073613e-05,16.83414986645466,-0.2661785471835975,-0.0024150034662623497,1.569042275073613e-05,-0.04741057931753694,-0.04741057931753694,-0.04741057931753694,-0.04741057931926717,0.12596647011426085,0.47013721697277644,0.023666113584723786,-7.066617728692016e-06,0.1191446035267017,0.1191446035267017,0.1191446035267017,0.11914460352820153
22,0,0.0029367380011535715,0.09726762460151941,0.015817345366140115,0.0691808682382134,13.04242337545803,16.836779126030063,0.5023341204847054,16.836779126030063,-0.25613186477390343,-0.0019452553883796502,1.5696438560185926e-05,16.836779126030063,-0.25613186477390343,-0.0019452553883796502,1.5696438560185926e-05,-0.04513610446519967,-0.04513610446519967,-0.04513610446519967,-0.04513610446688697,0.13146297877006075,0.5023341204847054,0.023487403894134957,3.0079047248967557e-07,0.1137237426168643,0.1137237426168643,0.1137237426168643,0.11372374261900986
23,0,0.0026634900023054797,0.10257555092914533,0.01022061494302533,0.06697189048661216,13.06011500884712,16.839488192212805,0.531051436212878,16.839488192212805,-0.24551083604964594,-0.0014812585540612876,1.5877936041512052e-05,16.839488192212805,-0.24551083604964594,-0.0014812585540612876,1.5877936041512052e-05,-0.0429763826393304,-0.0429763826393304,-0.0429763826393304,-0.042976382640965774,0.135453309137179,0.531051436212878,0.02319984171591815,9.074874066306231e-06,0.10798609129346323,0.10798609129346323,0.10798609129346323,0.10798609129605974
24,0,0.002501820999896154,0.1079817001802154,0.00481207433773712,0.06479764102155341,13.066997888353125,16.84224756679654,0.5566593521615482,16.84224756679654,-0.23437764900641497,-0.0010248322952925652,1.6261215201249547e-05,16.84224756679654,-0.23437764900641497,-0.0010248322952925652,1.6261215201249547e-05,-0.04093414842625162,-0.04093414842625162,-0.04093414842625162,-0.04093414842782912,0.13796872918666434,0.5566593521615482,0.022821312938436117,1.9163957986874923e-05,0.10211171065393888,0.10211171065393888,0.10211171065393888,0.10211171065683272
25,0,0.002661190999788232,0.11346032611662045,0.00208972394886495,0.06266436992165399,13.064946711773288,16.845028695362334,0.5794438646537095,16.845028695362334,-0.2227887717133408,-0.0005775107238509944,1.6870431427457008e-05,16.845028695362334,-0.2227887717133408,-0.0005775107238509944,1.6870431427457008e-05,-0.03900931721880601,-0.03900931721880601,-0.03900931721880601,-0.039009317220322165,0.13905642828988105,0.5794438646537095,0.022366078572078535,3.0460811310373134e-05,0.09624156037228032,0.09624156037228032,0.09624156037228032,0.09624156037534806
26,0,0.002641294999193633,0.11898616996206951,0.006721075206219808,0.0605771227989001,13.055708360110689,16.8478042540423,0.5996228501617655,16.8478042540423,-0.21079631471010543,-0.00014060127924643052,1.7727253807655307e-05,16.8478042540423,-0.21079631471010543,-0.00014060127924643052,1.7727253807655307e-05,-0.037199648112702134,-0.037199648112702134,-0.037199648112702134,-0.03719964811415534,0.13877793399804036,0.5996228501617655,0.021845472230228185,4.2841119009915006e-05,0.09048345530519433,0.09048345530519433,0.09048345530519433,0.09048345530834143
27,0,0.002777768997475505,0.12453456682288862,0.011907691538655271,0.058539862474556,13.040886655453923,16.850548403176028,0.6173600263643544,16.850548403176028,-0.19844911418281835,0.0002847686329619756,1.8850513966807547e-05,16.850548403176028,-0.19844911418281835,0.0002847686329619756,1.8850513966807547e-05,-0.035501300079000736,-0.035501300079000736,-0.035501300079000736,-0.03550130008039085,0.13720745668669043,0.6173600263643544,0.02126849561042031,5.616300795761205e-05,0.08491740168506937,0.08491740168506937,0.08491740168506937,0.08491740168822476
28,0,0.002494921998732025,0.13008152918384333,0.017021597832004562,0.05655558966527597,13.02192994972862,16.853237007149513,0.6327769164479,16.853237007149513,-0.18579357585386036,0.0006976150410851127,2.025586601720763e-05,16.853237007149513,-0.18579357585386036,0.0006976150410851127,2.025586601720763e-05,-0.0339092934709191,-0.0339092934709191,-0.0339092934709191,-0.03390929347224698,0.13443019867431497,0.6327769164479,0.020642320406156853,7.026760252000426e-05,0.07960033040408218,0.07960033040408218,0.07960033040408218,0.07960033040719314
29,0,0.0026615909991960507,0.13560381369994506,0.021998458816750194,0.054626459843191214,13.000121228659497,16.855847820280694,0.6459629680451608,16.855847820280694,-0.17287431649295715,0.0010970691604139642,2.1955476322211494e-05,16.855847820280694,-0.17287431649295715,0.0010970691604139642,2.1955476322211494e-05,-0.03241788835612456,-0.03241788835612456,-0.03241788835612456,-0.032417888357391775,0.13054065655902872,0.6459629680451608,0.019972705966442572,8.49805152501933e-05,0.07457025573972687,0.07457025573972687,0.07457025573972687,0.07457025574276031
30,0,0.0026384960001450963,0.1410789757582846,0.026811893843767448,0.05275389422320765,12.976570537539349,16.858360639067126,0.65698399912434,16.858360639067126,-0.15973463651047035,0.0014823560066183393,2.3957758959617827e-05,16.858360639067126,-0.15973463651047035,0.0014823560066183393,2.3957758959617827e-05,-0.031020890448888498,-0.031020890448888498,-0.031020890448888498,-0.03102089045009687,0.12564093932143058,0.65698399912434,0.019264342310218757,0.00010011413187031658,0.06984989536180329,0.06984989536180329,0.06984989536180329,0.06984989536474548
31,0,0.0026790880001499318,0.14648541496969272,0.03144428758592655,0.05093868347890561,12.952209621066455,16.860757421466776,0.6658891517802956,16.860757421466776,-0.14641685347486447,0.0018527785658856931,2.6267169430419565e-05,16.860757421466776,-0.14641685347486447,0.0018527785658856931,2.6267169430419565e-05,-0.029711894604387775,-0.029711894604387775,-0.029711894604387775,-0.029711894605549027,0.11983911998268304,0.6658891517802956,0.018521127963367703,0.00011547052354008672,0.06544979222503655,0.06544979222503655,0.06544979222503655,0.06544979222739183
32,0,0.0024896229988371488,0.15180241378600765,0.03588165605489865,0.049181083313497374,12.927788723763786,16.863022374167002,0.6727165346022626,16.863022374167002,-0.13296252278281923,0.0022077063988735993,2.8884065621858533e-05,16.863022374167002,-0.13296252278281923,0.0022077063988735993,2.8884065621858533e-05,-0.02848447497362706,-0.02848447497362706,-0.02848447497362706,-0.02848447497473986,0.11324763501147077,0.6727165346022626,0.017746391649395312,0.00013084480957194835,0.06137098153803581,0.06137098153803581,0.06137098153803581,0.06137098154045839
33,0,0.002512219998607179,0.15701017074502668,0.04011219279131641,0.047480901431138096,12.90387552598986,16.865142009027473,0.6774977277179292,16.865142009027473,-0.11941256822846064,0.0025465677235634635,3.180464155310186e-05,16.865142009027473,-0.11941256822846064,0.0025465677235634635,3.180464155310186e-05,-0.0273323300363422,-0.0273323300363422,-0.0273323300363422,-0.027332330037406222,0.10598174302347073,0.6774977277179292,0.01694306623449321,0.0001460287965621663,0.05760724686424258,0.05760724686424258,0.05760724686424258,0.05760724686668169
34,0,0.002777767997031333,0.16208982935366967,0.04412571551596569,0.04583757578190906,12.880856198865503,16.867105170074673,0.6802613139502359,16.867105170074673,-0.10580734194945592,0.002868844175241193,3.502093619116613e-05,16.867105170074673,-0.10580734194945592,0.002868844175241193,3.502093619116613e-05,-0.026249389856825733,-0.026249389856825733,-0.026249389856825733,-0.026249389857841397,0.09815805235971989,0.6802613139502359,0.01611382258388645,0.0001608147319032136,0.054147008975823537,0.054147008975823537,0.054147008975823537,0.05414700897824137
35,0,0.002644692998728715,0.1670235032762208,0.04791340358297839,0.044250244204932565,12.858938554705906,16.868903032588683,0.6810355861934414,16.868903032588683,-0.0921866302255871,0.003174067578995191,3.852091674666094e-05,16.868903032588683,-0.0921866302255871,0.003174067578995191,3.852091674666094e-05,-0.02522989206403358,-0.02522989206403358,-0.02522989206403358,-0.025229892065001924,0.08989312570065915,0.6810355861934414,0.015261170187699864,0.00017499902777474104,0.050974889639607474,0.050974889639607474,0.050974889639607474,0.05097488964197371
36,0,0.0026819880004040897,0.17179429825737372,0.0514676498568287,0.04271780578079075,12.838157252282851,16.870529075964356,0.679850566531406,16.870529075964356,-0.07858961889495897,0.00346181819112591,4.228863341464494e-05,16.870529075964356,-0.07858961889495897,0.00346181819112591,4.228863341464494e-05,-0.02426843225638606,-0.02426843225638606,-0.02426843225638606,-0.024268432257308528,0.08130216878339253,0.679850566531406,0.014387530606536006,0.0001883858333991992,0.04807299038237626,0.04807299038237626,0.04807299038237626,0.048072990384669397
37,0,0.0024880240016500466,0.17638633104853602,0.05478196520781037,0.04123897433774434,12.81838099228095,16.871979032152943,0.6767394575475807,16.871979032152943,-0.06505482974400736,0.003731723971121009,4.630444054474389e-05,16.871979032152943,-0.06505482974400736,0.003731723971121009,4.630444054474389e-05,-0.023359993783203505,-0.023359993783203505,-0.023359993783203505,-0.023359993784081892,0.07249780942939589,0.6767394575475807,0.013495288999754943,0.00020079035650494772,0.04542192365912757,0.04542192365912757,0.04542192365912757,0.04542192366133174
38,0,0.0026638899980753195,0.18078474549817755,0.05785091048533314,0.03981232464586186,12.799321610799552,16.873250811599753,0.6717396314209076,16.873250811599753,-0.051620037115589185,0.0039834605362180165,5.054527770380057e-05,16.873250811599753,-0.051620037115589185,0.0039834605362180165,5.054527770380057e-05,-0.022499961164638357,-0.022499961164638357,-0.022499961164638357,-0.02249996116547464,0.06358897234047488,0.6717396314209076,0.01258682825485039,0.00021204185795283443,0.04300163092825745,0.04300163092825745,0.04300163092825745,0.04300163093036266
39,0,0.002795264997985214,0.1849757258969608,0.06067004435380924,0.03843633188749247,12.780544950194159,16.874344408688152,0.6648932481956012,16.874344408688152,-0.03832217215167718,0.00421675152717236,5.4985003007322963e-05,16.874344408688152,-0.03832217215167718,0.00421675152717236,5.4985003007322963e-05,-0.021684120783341237,-0.021684120783341237,-0.021684120783341237,-0.02168412078413752,0.0546798544200482,0.6648932481956012,0.011664549547717187,0.000221986265176119,0.04079201906485595,0.04079201906485595,0.04079201906485595,0.040792019066855825
40,0,0.002808863002428552,0.18894650762461815,0.06323588097123721,0.037109405018793354,12.761483358874518,16.87526178878153,0.6562475813495067,16.87526178878153,-0.025197220524687043,0.004431369177944172,5.959477040065009e-05,16.87526178878153,-0.025197220524687043,0.004431369177944172,5.959477040065009e-05,-0.020908651914700812,-0.020908651914700812,-0.020908651914700812,-0.020908651915459278,0.04586900466898921,0.6562475813495067,0.010730882538590598,0.00023048836966635736,0.038773443432021104,0.038773443432021104,0.038773443432021104,0.038773443433912404
41,0,0.002599003000796074,0.19268538512001426,0.06554585404890655,0.03582991464143927,12.741449646307794,16.876006759020665,0.6458551166390252,16.876006759020665,-0.012280118191906532,0.004627134934948774,6.434344221551683e-05,16.876006759020665,-0.012280118191906532,0.004627134934948774,6.434344221551683e-05,-0.020170110657345357,-0.020170110657345357,-0.020170110657345357,-0.020170110658068157,0.03724851195658191,0.6458551166390252,0.009788287850230115,0.00023743359074333614,0.036927062867772746,0.036927062867772746,0.036927062867772746,0.0369270628695559
42,0,0.002491023002221482,0.1961817171828888,0.0675982851156829,0.0345962159914199,12.719652297419497,16.876584825084105,0.6337734792532442,16.876584825084105,0.00039535139315835326,0.004803920014618067,6.919802825701505e-05,16.876584825084105,0.00039535139315835326,0.004803920014618067,6.919802825701505e-05,-0.019465408879414874,-0.019465408879414874,-0.019465408879414874,-0.019465408880104132,0.0289033031718847,0.6337734792532442,0.008839253983464598,0.00024272930207491121,0.03523508889652406,0.03523508889652406,0.03523508889652406,0.03523508889820132
43,0,0.002716979997785529,0.19942592961143085,0.06939235451822111,0.033406667627336496,12.695211732493874,16.877003036152086,0.6200652345862039,16.877003036152086,0.01279665608488243,0.004961645822583752,7.412414283435593e-05,16.877003036152086,0.01279665608488243,0.004961645822583752,7.412414283435593e-05,-0.018791789905707137,-0.018791789905707137,-0.018791789905707137,-0.018791789906364903,0.020910553399155818,0.6200652345862039,0.007886290398284288,0.0002463057288670428,0.033680948685386784,0.033680948685386784,0.033680948685386784,0.03368094868696139
44,0,0.0026882860001933295,0.2024095151812772,0.07092807411516261,0.032259646367451135,12.667177384922205,16.877269820329253,0.6047975994082213,16.877269820329253,0.024892608073046857,0.005100284185032956,7.908647148405766e-05,16.877269820329253,0.024892608073046857,0.005100284185032956,7.908647148405766e-05,-0.018146802332352774,-0.018146802332352774,-0.018146802332352774,-0.01814680233298102,0.013339208858432072,0.6047975994082213,0.0069319181224602395,0.00024811643248508745,0.03224937866771831,0.03224937866771831,0.03224937866771831,0.032249378669194084
45,0,0.00267468799938797,0.20512503097676152,0.07220626090290526,0.031153558985865984,12.634545359875782,16.877394812777354,0.5880420928277762,16.877394812777354,0.036653449929602386,0.00521985736382323,8.404923959918017e-05,16.877394812777354,0.036653449929602386,0.00521985736382323,8.404923959918017e-05,-0.017528273064995718,-0.017528273064995718,-0.017528273064995718,-0.017528273065596314,0.006249622404908383,0.5880420928277762,0.005978658939513639,0.00024813840575612555,0.03092646336785253,0.03092646336785253,0.03092646336785253,0.030926463369235473
46,0,0.002528315999370534,0.20756609309287172,0.07322851100702757,0.03008685113598642,12.596276432166983,16.877388678785582,0.5698741501075342,16.877388678785582,0.04805093293175307,0.005320437842793964,8.897667573249784e-05,16.877388678785582,0.04805093293175307,0.005320437842793964,8.897667573249784e-05,-0.0169342804291819,-0.0169342804291819,-0.0169342804291819,-0.01693428042975658,-0.00030669958840667637,0.5698741501075342,0.005029023948536717,0.00024637180666588394,0.02969963179069108,0.02969963179069108,0.02969963179069108,0.029699631791986352
47,0,0.0026223979984933976,0.20972736873539033,0.07399717361926131,0.029058013925726767,12.551314141045454,16.87726293396323,0.5503727170431856,16.87726293396323,0.059058387272616766,0.00540214788428404,9.383346295162573e-05,16.87726293396323,0.059058387272616766,0.00540214788428404,9.383346295162573e-05,-0.01636312799340301,-0.01636312799340301,-0.01636312799340301,-0.01636312799395342,-0.006287241117410599,0.5503727170431856,0.004085502074503756,0.00024283936095639445,0.028557621788944308,0.028557621788944308,0.028557621788944308,0.02855762179015809
48,0,0.002864051999495132,0.2116045657564015,0.0745153245722693,0.028065588525206422,12.498602743208238,16.87702976367698,0.5296198381381032,16.87702976367698,0.06965078403537883,0.0054651588629635465,9.8585172263798e-05,16.87702976367698,0.06965078403537883,0.0054651588629635465,9.8585172263798e-05,-0.015813319571708673,-0.015813319571708673,-0.015813319571708673,-0.015813319572236324,-0.01165851431271777,0.5296198381381032,0.0031505489339753836,0.00023758546560861276,0.027490421084716755,0.027490421084716755,0.027490421084716755,0.027490421085854973
49,0,0.002684487000806257,0.21319441967224514,0.07478673933314722,0.027108169145058005,12.437104792560099,16.876701843774313,0.5077002481158563,16.876701843774313,0.07980478899769596,0.005509690389410459,0.00010319867277764426,16.876701843774313,0.07980478899769596,0.005509690389410459,0.00010319867277764426,-0.0152835357298698,-0.0152835357298698,-0.0152835357298698,-0.01528353573037608,-0.016395995133246757,0.5077002481158563,0.002226576322345664,0.0002306750256923128,0.026489192091943888,0.026489192091943888,0.026489192091943888,0.026489192093012003
50,0,0.0026705900017987005,0.2144946782207393,0.07481586526743661,0.02618440468273257,12.365818125884715,16.876292164535936,0.48470097331465933,16.876292164535936,0.08949880846398914,0.005536009239014602,0.00010764251391534143,16.876292164535936,0.08949880846398914,0.005536009239014602,0.00010764251391534143,-0.014772612002868946,-0.014772612002868946,-0.014772612002868946,-0.014772612003355149,-0.020483961918778916,0.48470097331465933,0.001315942480207128,0.00022219205688485928,0.025546186350042598,0.025546186350042598,0.025546186350042598,0.025546186351046652
51,0,0.0025227180012734607,0.21550408352383993,0.07460779308237284,0.025292999295901775,12.283792047185337,16.875813859684758,0.4607109471152718,16.875813859684758,0.09871302740629458,0.005544428103285277,0.00011188727562243794,16.875813859684758,0.09871302740629458,0.005544428103285277,0.00011188727562243794,-0.014279518938404442,-0.014279518938404442,-0.014279518938404442,-0.01427951893887174,-0.023915242559001886,0.4607109471152718,0.0004209432135337324,0.00021223808535482513,0.024654653223225256,0.024654653223225256,0.024654653223225256,0.024654653224170257
52,0,0.0026507930015213788,0.21622235193070533,0.07416822740382907,0.02443271212658553,12.190142519629097,16.875280042148944,0.4358206416851548,16.875280042148944,0.10742944023999768,0.0055353041809087155,0.00011590588314005907,16.875280042148944,0.10742944023999768,0.0055353041809087155,0.00011590588314005907,-0.01380334400781995,-0.01380334400781995,-0.01380334400781995,-0.013803344008269422,-0.02669087679072963,0.4358206416851548,-0.00045619611882805836,0.00020093037588105584,0.02380874652922463,0.02380874652922463,0.02380874652922463,0.023808746530116012
53,0,0.00371128999904613,0.2166501516242878,0.07350345647802138,0.02360235636718002,12.084066192376422,16.8747036481329,0.4101217169018605,16.8747036481329,0.11563187457803487,0.00550903762530715,0.00011967388350374791,16.8747036481329,0.11563187457803487,0.00550903762530715,0.00011967388350374791,-0.013343275369414508,-0.013343275369414508,-0.013343275369414508,-0.01334327536984714,-0.028819700802045645,0.4101217169018605,-0.0013133277800783027,0.00018840001818444126,0.02300343192027203,0.02300343192027203,0.02300343192027203,0.023003431921114065
54,0,0.002632096999150235,0.21678907808203188,0.07262032101817219,0.02280079783020392,11.964853109700783,16.874097290894824,0.3837066862791487,16.874097290894824,0.12330600830361788,0.005466069864288187,0.00012316968151556145,16.874097290894824,0.12330600830361788,0.005466069864288187,0.00012316968151556145,-0.012898587426763424,-0.012898587426763424,-0.012898587426763424,-0.012898587427180115,-0.030317861903814927,0.3837066862791487,-0.0021483880509481808,0.0001747899005906776,0.022234397132554214,0.022234397132554214,0.022234397132554214,0.022234397133351316
55,0,0.0026156989988521673,0.21664162748800078,0.07152618223937639,0.022026953157301018,11.831897971314948,16.873473125464702,0.3566685989989445,16.873473125464702,0.13043938028359675,0.005406881805879225,0.00012637473350303837,16.873473125464702,0.13043938028359675,0.005406881805879225,0.00012637473350303837,-0.012468628094102189,-0.012468628094102189,-0.012468628094102189,-0.01246862809450376,-0.03120827150608737,0.3566685989989445,-0.002959402920447966,0.00016025259937384607,0.021497966633061746,0.021497966633061746,0.021497966633061746,0.021497966633817665
56,0,0.0027120810009364504,0.21621116819978467,0.07022888914307408,0.021279787779745003,11.684709835348942,16.872842725364322,0.3291007366954838,16.872842725364322,0.13702139501750643,0.005331991942805268,0.00012927369773241233,16.872842725364322,0.13702139501750643,0.005331991942805268,0.00012927369773241233,-0.012052807659896246,-0.012052807659896246,-0.012052807659896246,-0.012052807660283443,-0.031520005019352725,0.3291007366954838,-0.0037444931536978936,0.00014494821146869772,0.0207910217102973,0.0207910217102973,0.0207910217102973,0.02079102171101589
57,0,0.002741375999903539,0.21550191037888447,0.0687367451268644,0.02055831372224247,11.522920178612274,16.872216972212822,0.30109632339613485,16.872216972212822,0.14304332148542914,0.005241954366434019,0.000131854540885758,16.872216972212822,0.14304332148542914,0.005241954366434019,0.000131854540885758,-0.011650589126609922,-0.011650589126609922,-0.011650589126609922,-0.011650589126983434,-0.03128765757470174,0.30109632339613485,-0.004501878818562558,0.00012904215766728404,0.020110926664316103,0.020110926664316103,0.020110926664316103,0.020110926665000386
58,0,0.00248972400004277,0.2145188738979491,0.06705847400686364,0.01986158732404376,11.346289252280531,16.87160595892024,0.2727482469532545,16.87160595892024,0.14849828642449428,0.005137356699487704,0.00013410860054359025,16.87160595892024,0.14849828642449428,0.005137356699487704,0.00013410860054359025,-0.011261479897820776,-0.011261479897820776,-0.011261479897820776,-0.01126147989818123,-0.03055066462923975,0.2727482469532545,-0.005229883347315717,0.00011270298289161104,0.01945546143945736,0.01945546143945736,0.01945546143945736,0.019455461440110164
59,0,0.002667490000021644,0.21326785464230935,0.06520318554932991,0.01918870693604494,11.154710694657014,16.87101890698851,0.2441487903647284,16.87101890698851,0.15338126223178877,0.005018817955481883,0.0001360306041355808,16.87101890698851,0.15338126223178877,0.005018817955481883,0.0001360306041355808,-0.010885024681850106,-0.010885024681850106,-0.010885024681850106,-0.010885024682198083,-0.02935259658635754,0.2441487903647284,-0.0059269372002910365,9.610017959952796e-05,0.018822760798533376,0.018822760798533376,0.018822760798533376,0.018822760799157314
60,0,0.002696383999136742,0.2117553893267404,0.06318034061676837,0.01853881063948286,10.948214385867812,16.870464098257894,0.21538937154475796,16.870464098257894,0.157689049662684,0.0048869863317470095,0.00013761864533095027,16.870464098257894,0.157689049662684,0.0048869863317470095,0.00013761864533095027,-0.010520799482854193,-0.010520799482854193,-0.010520799482854193,-0.010520799483190223,-0.02774043653122619,0.21538937154475796,-0.006591581186743613,7.940205976847235e-05,0.018211259949795708,0.018211259949795708,0.018211259949795708,0.018211259950393112
61,0,0.0026610910026647616,0.20998871895134094,0.06099971604220173,0.017911074020770294,10.726967551977573,16.869948821257125,0.18656029034200178,16.869948821257125,0.161420255469524,0.004742536942045347,0.0001388741193337837,16.869948821257125,0.161420255469524,0.004742536942045347,0.0001388741193337837,-0.010168406554884556,-0.010168406554884556,-0.010168406554884556,-0.01016840655520913,-0.025763850038393224,0.18656029034200178,-0.007222469485083103,6.277370014167144e-05,0.017619646398481643,0.017619646398481643,0.017619646398481643,0.01761964639905465
62,0,0.002469627997925272,0.20797575102288227,0.05867136935496222,0.01730470802777274,10.491274147799198,16.8694793321414,0.15775048188452023,16.8694793321414,0.1645752651072144,0.004586169494222012,0.00013980161902275886,16.8694793321414,0.1645752651072144,0.004586169494222012,0.00013980161902275886,-0.009827470200985556,-0.009827470200985556,-0.009827470200985556,-0.009827470201299126,-0.023474455785909898,0.15775048188452023,-0.007818372391166842,4.6374984448759016e-05,0.017046817694950096,0.017046817694950096,0.017046817694950096,0.017046817695500163
63,0,0.002640495000377996,0.20572502066999046,0.05620560349387902,0.016718956925184082,10.241572568375322,16.869060830033757,0.1290472756392452,16.869060830033757,0.1671562106199993,0.004418605918018138,0.00014040879432421517,16.869060830033757,0.1671562106199993,0.004418605918018138,0.00014040879432421517,-0.009497633307302142,-0.009497633307302142,-0.009497633307302142,-0.009497633307605132,-0.020925105382172196,0.1290472756392452,-0.008378178810193645,3.0358765072813096e-05,0.01649184468417076,0.01649184468417076,0.01649184468417076,0.016491844684699677
64,0,0.00268128700190573,0.20324565078211712,0.05361293166152968,0.016153096360416536,9.978431758515185,16.868697446425585,0.10053615988944195,16.868697446425585,0.16916693381778813,0.004240587948107923,0.00014070617762596222,16.868697446425585,0.16916693381778813,0.004240587948107923,0.00014070617762596222,-0.00917855451089464,-0.00917855451089464,-0.00917855451089464,-0.00917855451118745,-0.01816918040866799,0.10053615988944195,-0.008900898495510718,1.4869165087353302e-05,0.015953939820375018,0.015953939820375018,0.015953939820375018,0.01595393982088416
65,0,0.002696384002774721,0.2005473113034518,0.050904042500153145,0.015606431546396208,9.702545807680309,16.868392248141664,0.07230055164271554,16.868392248141664,0.17061294485064243,0.004052874667572219,0.00014070697842008014,16.868392248141664,0.17061294485064243,0.004052874667572219,0.00014070697842008014,-0.00886990590908227,-0.00886990590908227,-0.00886990590908227,-0.008869905909365264,-0.015259914196178476,0.07230055164271554,-0.009385664026785305,4.003970589818947e-08,0.015432430090618503,0.015432430090618503,0.015432430090618503,0.015432430091109263
66,0,0.002522517999750562,0.19764017781375967,0.048089765812353115,0.015078295563678684,9.414727133756829,16.86814725323579,0.044421572271673204,16.86814725323579,0.17150137629607592,0.003856240017355817,0.00014042685069943963,16.86814725323579,0.17150137629607592,0.003856240017355817,0.00014042685069943963,-0.00857137122733682,-0.00857137122733682,-0.00857137122733682,-0.008571371227610354,-0.012249745293678596,0.044421572271673204,-0.009831732510820033,-1.4006386032026875e-05,0.014926734087272409,0.014926734087272409,0.014926734087272409,0.014926734087745457
67,0,0.002702383000723785,0.1945348895286017,0.04518103911918658,0.01456804778121436,9.115898373681862,16.867963459056345,0.01697782945027898,16.867963459056345,0.17184093288508148,0.003651470277735362,0.00013988363691828476,16.867963459056345,0.17184093288508148,0.003651470277735362,0.00013988363691828476,-0.008282644371774093,-0.008282644371774093,-0.008282644371774093,-0.00828264437203849,-0.0091897089717925,0.01697782945027898,-0.010238486981022725,-2.7160689057744732e-05,0.014436342778136458,0.014436342778136458,0.014436342778136458,0.01443634277859321
68,0,0.002656691998708993,0.19124250685152394,0.04218887546530014,0.014075072392760946,8.807083111385683,16.867840881607844,0.013960803541180594,16.867840881607844,0.17164183700855531,0.003439361528409458,0.00013909709255611712,16.867840881607844,0.17164183700855531,0.003439361528409458,0.00013909709255611712,-0.008003428300959299,-0.008003428300959299,-0.008003428300959299,-0.008003428301214874,-0.006128872425224962,-0.009954793826308928,-0.01060543746629526,-3.9327218108382156e-05,0.01396080354073962,0.01396080354073962,0.01396080354073962,0.013960803541180594
69,0,0.0027594719977059867,0.1877744686105889,0.03912433308465638,0.013598777064236112,8.489395583976085,16.867778605235465,0.03630334216741038,16.867778605235465,0.17091577016520715,0.0032207170944711125,0.00013808859549140225,16.867778605235465,0.17091577016520715,0.0032207170944711125,0.00013808859549140225,-0.007733434159924569,-0.007733434159924569,-0.007733434159924569,-0.007733434160171623,-0.0031138186189853256,-0.03630334216741038,-0.010932221696917245,-5.042485323574126e-05,0.013499707051736478,0.013499707051736478,0.013499707051736478,0.013499707052162739
70,0,0.002619900002173381,0.1841425491110579,0.03599848790871919,0.01313859168611697,8.1640295154567,16.867774841576125,0.06199798154823388,16.867774841576125,0.1696758105342424,0.002996344986194893,0.00013688084449363906,16.867774841576125,0.1696758105342424,0.002996344986194893,0.00013688084449363906,-0.007472380626905071,-0.007472380626905071,-0.007472380626905071,-0.007472380627143887,-0.00018818296695853783,-0.06199798154823388,-0.011218605413811015,-6.0387549888162365e-05,0.013052676650974896,0.013052676650974896,0.013052676650974896,0.013052676651386767
71,0,0.002475927001796663,0.18035881513511196,0.03282241059294564,0.01269396722422874,7.832246233499493,16.867826996651218,0.08697218270505813,16.867826996651218,0.16793636688014124,0.002767055341228597,0.00013549755117687936,16.867826996651218,0.16793636688014124,0.002767055341228597,0.00013549755117687936,-0.00721999343028536,-0.00721999343028536,-0.00721999343028536,-0.007219993430516212,0.002607753754536637,-0.08697218270505813,-0.011464482248314745,-6.916466583798428e-05,0.0126193598309855,0.0126193598309855,0.0126193598309855,0.012619359831383722
72,0,0.0031106040005397517,0.1764355830181963,0.029607151110612073,0.012264374661839264,7.495362228869149,16.867931744924274,0.11116289291605302,16.867931744924274,0.16571310902182024,0.002533657878387632,0.00013396312972426103,16.867931744924274,0.16571310902182024,0.002533657878387632,0.00013396312972426103,-0.00697600499958593,-0.00697600499958593,-0.00697600499958593,-0.0069760049998090785,0.005237413652520648,-0.11116289291605302,-0.011669873142048289,-7.672107263091625e-05,0.012199421534971621,0.012199421534971621,0.012199421534971621,0.012199421535356657
73,0,0.0026340959993831348,0.17238537592986494,0.02636373684183805,0.011849304025817664,7.15473631904173,16.868085109110766,0.13451069491872902,16.868085109110766,0.16302289512344567,0.0022969593727777443,0.00013230238859255301,16.868085109110766,0.16302289512344567,0.0022969593727777443,0.00013230238859255301,-0.006740154220011131,-0.006740154220011131,-0.006740154220011131,-0.0067401542202268315,0.007668209324832928,-0.13451069491872902,-0.011834925280494391,-8.303705658540064e-05,0.011792538978739834,0.011792538978739834,0.011792538978739834,0.011792538979112435
74,0,0.0026869859975704458,0.16822088148485348,0.023103196554234037,0.011448263489663605,6.811756577412822,16.86828254450744,0.1569599517560637,16.86828254450744,0.15988369608832434,0.0020577611623929927,0.00013054022824081935,16.86828254450744,0.15988369608832434,0.0020577611623929927,0.00013054022824081935,-0.006512186265138958,-0.006512186265138958,-0.006512186265138958,-0.006512186265347449,0.00987176983374032,-0.1569599517560637,-0.01195991051923756,-8.810801758668297e-05,0.01139839774360871,0.01139839774360871,0.01139839774360871,0.011398397743969042
75,0,0.0024986220014397986,0.16395490980747082,0.019836638490671833,0.011060778546417146,6.467827187322795,16.868519026604144,0.17845893642375296,16.868519026604144,0.1563145173598493,0.0018168566966288743,0.00012870134870232832,16.868519026604144,0.1563145173598493,0.0018168566966288743,0.00012870134870232832,-0.006291852486788111,-0.006291852486788111,-0.006291852486788111,-0.006291852486989631,0.011824104835173889,-0.17845893642375296,-0.012045223288205932,-9.194397692455102e-05,0.01101668891754237,0.01101668891754237,0.01101668891754237,0.011016688917890963
76,0,0.0024862240024958737,0.15960035216922075,0.016575453796420118,0.01068639124477556,6.124355376032494,16.868789140752543,0.1989599453052446,16.868789140752543,0.1523353184537444,0.0015750291373004158,0.0001268099705394447,16.868789140752543,0.1523353184537444,0.0015750291373004158,0.0001268099705394447,-0.006078910344984567,-0.006078910344984567,-0.006078910344984567,-0.006078910345179343,0.013505707419986836,-0.1989599453052446,-0.012091377966422928,-9.456890814418312e-05,0.010647107090177155,0.010647107090177155,0.010647107090177155,0.010647107090514385
77,0,0.002647394001542125,0.1551701403157694,0.013331850735836235,0.010324659482137743,5.782738577879363,16.8690871726916,0.21841939452520193,16.8690871726916,0.1479669305632403,0.0013330490227511438,0.00012488957239432445,16.8690871726916,0.1479669305632403,0.0013330490227511438,0.00012488957239432445,-0.0058731233643095435,-0.0058731233643095435,-0.0058731233643095435,-0.005873123364497792,0.014901596952882921,-0.21841939452520193,-0.012099005727463582,-9.601990725601058e-05,0.010289349033751179,0.010289349033751179,0.010289349033751179,0.010289349034077435
78,0,0.002636296001583105,0.1506772065948751,0.010120430008032852,0.009975156348740404,5.444351968269985,16.869407198769302,0.2367978985194589,16.869407198769302,0.1432309725928512,0.0010916720054767442,0.00012296264798163306,16.869407198769302,0.1432309725928512,0.0010916720054767442,0.00012296264798163306,-0.005674261105788264,-0.005674261105788264,-0.005674261105788264,-0.0056742611059702,0.016001303884958226,-0.2367978985194589,-0.012068850863719978,-9.634622063456978e-05,0.009943112926063924,0.009943112926063924,0.009943112926063924,0.009943112926379668
79,0,0.002760372000921052,0.1461344449915849,0.006964008053161077,0.009637469517520399,5.11053650107843,16.869743174752376,0.25406033030497566,16.869743174752376,0.1381497659867517,0.0008516366733674561,0.0001210504849717735,16.869743174752376,0.1381497659867517,0.0008516366733674561,0.0001210504849717735,-0.005482099145919719,-0.005482099145919719,-0.005482099145919719,-0.005482099146095547,0.01679879915378764,-0.25406033030497566,-0.012001766605464405,-9.560815049297783e-05,0.009608097993427276,0.009608097993427276,0.009608097993427276,0.009608097993732636
80,0,0.0024612289998913184,0.14155467317073647,0.003926335776554936,0.009311200674816585,4.782587571591297,16.870089022179798,0.27017586313079717,16.870089022179798,0.1327462487241357,0.0006136624642012389,0.00011917296779318987,16.870089022179798,0.1327462487241357,0.0006136624642012389,0.00011917296779318987,-0.005296419056497348,-0.005296419056497348,-0.005296419056497348,-0.005296419056667267,0.017292371371320114,-0.27017586313079717,-0.01189871045831086,-9.387585892918009e-05,0.00928400447111858,0.00928400447111858,0.00928400447111858,0.00928400447141393
81,0,0.002637894998770207,0.13695059561941736,0.001551826950592836,0.00899596498749838,4.46174441555658,16.870438711290145,0.2851179933944372,16.870438711290145,0.12704388885624693,0.0003784476824053992,0.00011734840594927073,16.870438711290145,0.12704388885624693,0.0003784476824053992,0.00011734840594927073,-0.005117008380573457,-0.005117008380573457,-0.005117008380573457,-0.005117008380737661,0.0174844555174241,-0.2851179933944372,-0.011760739089791986,-9.122809219595694e-05,0.008970533796194571,0.008970533796194571,0.008970533796194571,0.008970533796480322
82,0,0.0026353959983680397,0.13233476797331045,0.002914590877546077,0.008691390602566804,4.149180342348135,16.870786339636446,0.29886454491208814,16.870786339636446,0.12106659795800519,0.00014666762636140202,0.00011559338900811694,16.870786339636446,0.12106659795800519,0.00014666762636140202,0.00011559338900811694,-0.004943660601318305,-0.004943660601318305,-0.004943660601318305,-0.004943660601476984,0.017381417314565103,-0.29886454491208814,-0.011589002802199863,-8.77508470576885e-05,0.00866738896275758,0.00866738896275758,0.00866738896275758,0.008667388963033894
83,0,0.0026382959986221977,0.12771956260053652,0.005701741456584183,0.00839711817570967,3.8459938869502306,16.871126205593242,0.31139765483020826,16.871126205593242,0.11483864486140101,-8.102716632718265e-05,0.00011392266899045274,16.871126205593242,0.11483864486140101,-8.102716632718265e-05,0.00011392266899045274,-0.004776175101657686,-0.004776175101657686,-0.004776175101657686,-0.004776175101811019,0.01699329784021747,-0.31139765483020826,-0.01138473963442923,-8.353600088321068e-05,0.008374274983030942,0.008374274983030942,0.008374274983030942,0.00837427498329823
84,0,0.0025422140024602413,0.123117135504374,0.008551082886968224,0.008112800425700596,3.5532009516019714,16.87145287605806,0.32270374165518534,16.87145287605806,0.10838457002829734,-0.0003040125491307062,0.00011234907046008902,16.87145287605806,0.10838457002829734,-0.0003040125491307062,0.00011234907046008902,-0.004614357113476922,-0.004614357113476922,-0.004614357113476922,-0.004614357113625086,0.01633352324088918,-0.32270374165518534,-0.011149269140176176,-7.8679926518186e-05,0.008090899409038257,0.008090899409038257,0.008090899409038257,0.008090899409296685
85,0,0.0025007219992403407,0.11853939459171055,0.01135134375092393,0.00783810171190872,3.2717279937200927,16.87176124775112,0.3327734560533243,16.87176124775112,0.10172910090723085,-0.0005216922669990724,0.00011088342821962313,16.87176124775112,0.10172910090723085,-0.0005216922669990724,0.00011088342821962313,-0.004458017655887847,-0.004458017655887847,-0.004458017655887847,-0.004458017656031014,0.01541858465295167,-0.3327734560533243,-0.010883985893418314,-7.328211202329493e-05,0.00781697287945372,0.00781697287945372,0.00781697287945372,0.0078169728797036
86,0,0.0026194979982392397,0.11399796933681378,0.014075190573117565,0.007572697632530624,3.0024063023406855,16.87204660162285,0.34160161523107474,16.87204660162285,0.09489706860260935,-0.0007334993224900686,0.00010953455213753594,16.87204660162285,0.09489706860260935,-0.0007334993224900686,0.00010953455213753594,-0.004306973462598693,-0.004306973462598693,-0.004306973462598693,-0.004306973462737027,0.014267693586410063,-0.34160161523107474,-0.010590352774549804,-6.744380410435905e-05,0.007552209664457638,0.007552209664457638,0.007552209664457638,0.007552209664699303
87,0,0.002696383999136742,0.10950418184948839,0.016709422022160206,0.0073162746414678105,2.7459673909781053,16.872304649985235,0.34918712184268286,16.872304649985235,0.08791332616575567,-0.0009388972043278865,0.00010830921828653073,16.872304649985235,0.08791332616575567,-0.0009388972043278865,0.00010830921828653073,-0.00416104689883156,-0.00416104689883156,-0.00416104689883156,-0.0041610468989652215,0.01290241811938861,-0.34918712184268286,-0.010269894091890892,-6.126669255026004e-05,0.007296328188356666,0.007296328188356666,0.007296328188356666,0.007296328188590275
88,0,0.002507721001165919,0.10506901933235435,0.019245081676177205,0.007068529682052316,2.5030395206754212,16.87253157609049,0.3555328684871466,16.87253157609049,0.08080266879601276,-0.0011373809761982385,0.00010721218526074274,16.87253157609049,0.08080266879601276,-0.0011373809761982385,0.00010721218526074274,-0.004020065868522365,-0.004020065868522365,-0.004020065868522365,-0.004020065868651511,0.011346305262765921,-0.3555328684871466,-0.009924188593517612,-5.485165128939864e-05,0.007049051515459771,0.007049051515459771,0.007049051515459771,0.007049051515685627
89,0,0.002480925999407191,0.10070310788326253,0.021675057272900908,0.006829169836071283,2.2741453532880542,16.87272406598636,0.36064562894691843,16.87272406598636,0.07358975621707439,-0.0013284782246690266,0.00010624623426412118,16.87272406598636,0.07358975621707439,-0.0013284782246690266,0.00010624623426412118,-0.0038838637127344656,-0.0038838637127344656,-0.0038838637127344656,-0.003883863712859245,0.009624494793491528,-0.36064562894691843,-0.009554862423539397,-4.82975498310789e-05,0.006810107789395012,0.006810107789395012,0.006810107789395012,0.0068101077896132655
90,0,0.0026482930006750394,0.09641668756524265,0.0239933024011722,0.006597911986759855,2.0597007218583334,16.8728793325812,0.3645359373867262,16.8728793325812,0.06629903746933988,-0.00151174986617202,0.0001054122313255585,16.8728793325812,0.06629903746933988,-0.00151174986617202,0.0001054122313255585,-0.0037522791003377905,-0.0037522791003377905,-0.0037522791003377905,-0.00375227910045835,0.007763329741950752,-0.3645359373867262,-0.009163582075149678,-4.170014692813457e-05,0.006579230619833753,0.006579230619833753,0.006579230619833753,0.006579230620044726
91,0,0.002650293001352111,0.09221958862749487,0.02619453382150633,0.006374482494622786,1.8600144924479416,16.872995131951726,0.36721795677215935,16.872995131951726,0.05895467833389667,-0.00168679081397394,0.00010470920979891965,16.872995131951726,0.05895467833389667,-0.00168679081397394,0.00010470920979891965,-0.0036251559120658405,-0.0036251559120658405,-0.0036251559120658405,-0.003625155912182321,0.005789968526313988,-0.36721795677215935,-0.008752047390096012,-3.515107633194058e-05,0.006356159413597512,0.006356159413597512,0.006356159413597512,0.006356159413801457
92,0,0.0028610529989236966,0.08812120871678114,0.028274097881321292,0.006158616885110877,1.675289480124237,16.87306977202163,0.3687093377849935,16.87306977202163,0.05158049157819678,-0.0018532305069893305,0.00010413447114780987,16.87306977202163,0.05158049157819678,-0.0018532305069893305,0.00010413447114780987,-0.003502343119076617,-0.003502343119076617,-0.003502343119076617,-0.0035023431191891553,0.0037320034951439617,-0.3687093377849935,-0.008321984650769505,-2.8736932555488944e-05,0.006140639649461154,0.006140639649461154,0.006140639649461154,0.006140639649658295
93,0,0.0025737080031831283,0.08413049086973992,0.030227905525549426,0.0059500595473208785,1.5056243710552117,16.873102113828637,0.3690310695069212,16.873102113828637,0.044199870188058384,-0.002010733303130138,0.00010368370189471884,16.873102113828637,0.044199870188058384,-0.002010733303130138,0.00010368370189471884,-0.0033836946571216627,-0.0033836946571216627,-0.0033836946571216627,-0.0033836946572303925,0.0016170903500895752,-0.3690310695069212,-0.007875139807040372,-2.253846265455271e-05,0.005932423097747725,0.005932423097747725,0.005932423097747725,0.005932423097938136
94,0,0.0024909239982662257,0.08025590202473272,0.032052397781624345,0.005748563443009347,1.3510165929491769,16.873091565680323,0.3682073231172468,16.873091565680323,0.03683572372571344,-0.002158998740638002,0.00010335110453045587,16.873091565680323,0.03683572372571344,-0.002158998740638002,0.00010335110453045587,-0.003269069297379248,-0.003269069297379248,-0.003269069297379248,-0.0032690692974842966,-0.0005274074154144187,-0.3682073231172468,-0.007413271875393184,-1.6629868213147053e-05,0.005731267987120712,0.005731267987120712,0.005731267987120712,0.005731267987304769
95,0,0.002691885001695482,0.07650541173994369,0.03374452558117774,0.005553889825314187,1.2113660674524094,16.873038070574545,0.3662652898054055,16.873038070574545,0.02951041792960533,-0.0022977616714979464,0.00010312954013037126,16.873038070574545,0.02951041792960533,-0.0022977616714979464,0.00010312954013037126,-0.0031583305149411193,-0.0031583305149411193,-0.0031583305149411193,-0.0031583305150426114,-0.0026747552889059365,-0.3662652898054055,-0.0069381465429972245,-1.1078220004231295e-05,0.005536939121906399,0.005536939121906399,0.005536939121906399,0.005536939122084262
96,0,0.0026308970009267796,0.07288647075789909,0.03530173647845999,0.005365807966664494,1.0864797706479634,16.872942087327463,0.36323501403842134,16.872942087327463,0.022245717648836903,-0.0024267922715822975,0.00010301068040621099,16.872942087327463,0.022245717648836903,-0.0024267922715822975,0.00010301068040621099,-0.003051346355863424,-0.003051346355863424,-0.003051346355863424,-0.0030513463559614794,-0.00479916235451216,-0.36323501403842134,-0.006451530004217588,-5.9429862080139265e-06,0.005349207953884779,0.005349207953884779,0.005349207953884779,0.005349207954056629
97,0,0.0026578910001262557,0.06940598902363848,0.03672196459704226,0.005184094895431854,0.9760770215199766,16.872804565911405,0.3591492232495519,16.872804565911405,0.015062733183845859,-0.0025458959326198497,0.00010298516693378017,16.872804565911405,0.015062733183845859,-0.0025458959326198497,0.00010298516693378017,-0.0029479893036064814,-0.0029479893036064814,-0.0029479893036064814,-0.0029479893037012168,-0.00687607080259647,-0.3591492232495519,-0.005955183051877609,-1.275673621540198e-06,0.005167852612847098,0.005167852612847098,0.005167852612847098,0.005167852613013159
98,0,0.0024763250003161374,0.06607031275654408,0.03800362189882386,0.005008535140936323,0.8797954131815614,16.872626917554804,0.3540431549301394,16.872626917554804,0.00798187008524307,-0.002654913041428721,0.00010304277533398048,16.872626917554804,0.00798187008524307,-0.002654913041428721,0.00010304277533398048,-0.002848136145599067,-0.002848136145599067,-0.002848136145599067,-0.0028481361456905926,-0.008882417830204995,-0.3540431549301394,-0.005450855440443585,2.8804200100158073e-06,0.004992657900370765,0.004992657900370765,0.004992657900370765,0.0049926579005311975
99,0,0.0024778259976301342,0.06288520021085575,0.03914558974612198,0.004838920486469682,0.7971972978166171,16.87241098019733,0.34795438201537954,16.87241098019733,0.0010227824449354783,-0.0027537186520957078,0.00010317258224530147,16.87241098019733,0.0010227824449354783,-0.0027537186520957078,0.00010317258224530147,-0.0027516678405737874,-0.0027516678405737874,-0.0027516678405737874,-0.0027516678406622123,-0.010796867873619533,-0.34795438201537954,-0.004940280533349347,6.490345566048582e-06,0.004823415251263978,0.004823415251263978,0.004823415251263978,0.004823415251418977
