time_s,rotor_0_thrust_N,rotor_1_thrust_N,rotor_2_thrust_N,rotor_3_thrust_N,shoulder_pan_joint_torque_Nm,shoulder_lift_joint_torque_Nm,elbow_joint_torque_Nm,wrist_1_joint_torque_Nm,wrist_roll_joint_torque_Nm,left_knuckle_joint_torque_Nm
0.0,0.27794724220697875,4.164409982394493,1.237726725034698,3.1526001664356333,-0.013445760185063015,0.1695207662008713,0.1086762738297601,0.05941784114217601,0.0010615262797763632,4.8102946195482135e-05
0.05,2.7944914578599085,3.157154680254837,2.6912437164939647,3.159016028139926,-0.012495351584251083,-0.16653306574445662,-0.10783938506137522,-0.047400788420834096,-0.00043748921022276405,8.881654198717725e-05
0.1,4.489893156582008,3.1170872864949977,4.0632704497253345,3.48614374131646,0.005122003275620826,-0.2327220614728372,-0.14109850622839207,-0.06281705939786245,-0.0011012728740260708,4.497929847026891e-05
0.15000000000000002,5.037626155130418,3.50120018259116,4.670823166712553,3.882398413626982,0.007863057792071474,-0.2514992102653047,-0.1500159768139849,-0.06602977646763221,-0.0012441237894757968,4.1896318808189185e-05
0.2,5.096971979164742,3.8230722984549663,4.8332678146614425,4.153382557490614,0.006861190854871314,-0.24745136995399028,-0.1467723020261702,-0.06313682771566559,-0.0012051246844601289,5.489483291134203e-05
0.25,4.956373445383261,4.033666057997733,4.785933989853569,4.298370830726721,0.004822159929387726,-0.23351227676548678,-0.1380105591224655,-0.05748297357299752,-0.0010912448978095239,7.304988399153645e-05
0.30000000000000004,4.76015824497598,4.165314024631007,4.662473540364606,4.364815698273371,0.0027499560321446698,-0.2164943426226104,-0.12740254212112473,-0.05092904968031806,-0.0009538157948027554,9.134366454346198e-05
0.35000000000000003,4.576738880643168,4.253055827895748,4.530530023601045,4.394470134441454,0.0010580891497259431,-0.19972719680889794,-0.11682666116228213,-0.04442986839001064,-0.0008191230235006156,0.00010769362084104299
0.4,4.4320571529263635,4.3197380828706615,4.419114490380186,4.41259537076097,-0.000153855965839606,-0.1846070244847404,-0.1071166660236596,-0.038410754517923376,-0.0006984543103148597,0.00012152647936922837
0.45,4.329782102610359,4.37671190649216,4.336210409839001,4.4306898369538095,-0.0009360537023038636,-0.171507730254336,-0.09853083317141545,-0.03300857254674604,-0.0005947411631861196,0.00013292930358347997
0.5,4.263537529337487,4.427696600482966,4.279581287714836,4.451648713699135,-0.00138614830358324,-0.160323914393697,-0.09104747226206729,-0.0282229825503744,-0.0005070763429794509,0.0001421914632577964
0.55,4.223799985202803,4.472396012363201,4.243054984046652,4.474063950078594,-0.00159931352091318,-0.15077696708559862,-0.08453790596879909,-0.024002452550293964,-0.00043330273850581167,0.00014960866260192355
0.6000000000000001,4.201377048804081,4.509064037629225,4.219886308411373,4.495073079983215,-0.0016513484425753305,-0.14256865673812125,-0.07885517011909284,-0.020285948686714246,-0.00037121507738472833,0.00015542989957995678
0.65,4.188851972582298,4.536028123928083,4.204324333026198,4.51196482709827,-0.0015975077577466742,-0.13544369188799435,-0.07387055394449749,-0.017018386243659835,-0.0003189599298781651,0.00015986319934015929
0.7000000000000001,4.180923451121479,4.552411661958647,4.192147050201848,4.522907690904151,-0.0014766382189172374,-0.1292041879793141,-0.0694822422164622,-0.014153149561903512,-0.00027506297785044636,0.00016309446971850936
0.75,4.17421316062817,4.55832400169768,4.180652418565456,4.5271304582447955,-0.0013158528948159522,-0.12370300074611448,-0.06561185016501397,-0.011649871262757874,-0.0002383326048441206,0.0001653011771212899
0.8,4.166867439949353,4.554744463540894,4.168402094862036,4.524801768240486,-0.0011341925832337345,-0.11883077349846204,-0.062197611697624965,-0.00947160805805026,-0.00020775642594038625,0.00016665725232084967
0.8500000000000001,4.158124507622925,4.543266558825979,4.154887018849671,4.516777129292627,-0.0009451315200136258,-0.1145035981399928,-0.05918820365948363,-0.007582966989864523,-0.00018242999772296483,0.000167331522341857
0.9,4.147927944756831,4.525811868728457,4.140204433564013,4.5043187797677176,-0.0007582200900470498,-0.11065366106255185,-0.056538450371638536,-0.0059493877956855535,-0.00016152002730274832,0.00016748314879831626
0.9500000000000001,4.136617304301013,4.504377199831601,4.124788132868269,4.488847548438576,-0.0005801844329079112,-0.10722304871618682,-0.05420685412590767,-0.004537251755086675,-0.000144251380663127,0.00016725682766918234
1.0,4.124700878829959,4.480845182467334,4.109206129464799,4.471754051347885,-0.00041571063934560246,-0.10416005940653827,-0.05215444876020753,-0.0033143914223573863,-0.00012990588690941666,0.00016677934892605614
1.05,4.112703299977419,4.456866178481866,4.0940247978558055,4.4542761067765815,-0.00026804634306993463,-0.10141722723238875,-0.05034444445289559,-0.0022506667349066873,-0.00011782406136906382,0.00016615813764180403
1.1,4.1010755420689975,4.4338060359622355,4.079730963651448,4.437437280274188,-0.0001394874248967261,-0.09895039999448807,-0.048742260568725285,-0.0013184095459252848,-0.00010740472190464864,0.00016548175931118127
1.1500000000000001,4.090153619731215,4.412747491463408,4.066700377308655,4.422035454504515,-3.17821290669828e-05,-0.09671841078140161,-0.047315694585618906,-0.0004926559420712419,-9.810050543073074e-05,0.00016482203783993715
1.2000000000000002,4.08015269592651,4.394530880899861,4.055200436758702,4.4086683999411065,5.3530808846451586e-05,-0.09468304865250107,-0.04603509267863099,0.00024883729136378094,-8.940914694985038e-05,0.00016423731891017864
1.25,4.07118486374391,4.379820091539129,4.045416032833426,4.397783513430968,0.00011483915664477091,-0.09280915139246687,-0.04487346388427292,0.0009257534812830999,-8.086131438449654e-05,0.00016377641074078454
1.3,4.06329012115677,4.369181713039695,4.037488691821649,4.389740440535881,0.00015021405905686868,-0.0910647018252473,-0.04380651391732435,0.0015555036953370334,-7.200573714585571e-05,0.00016348282630378395
1.35,4.056471700124159,4.363167103731097,4.031560740353386,4.384876924717077,0.00015719401525270943,-0.0894208473305109,-0.04281259158114013,0.0021535895332929337,-6.239240382941963e-05,0.0001633990128623505
1.4000000000000001,4.0507279389728446,4.362388744795702,4.027817535402005,4.383569404201265,0.00013257634955934295,-0.08785178587496607,-0.041872547817732274,0.0027339931438447396,-5.155411811286149e-05,0.0001635703478348303
1.4500000000000002,4.046074041956279,4.3675825658668295,4.026521967006154,4.386280084333378,7.2196247967496e-05,-0.08633451122919646,-0.040969529052631654,0.003309539794832471,-3.898671430489237e-05,0.00016404871474940097
1.5,4.042548712337379,4.379646377315443,4.028036913179991,4.393580811602,-2.9326156996273786e-05,-0.08484853433094955,-0.04008879140535273,0.0038921455284005855,-2.4128826917161796e-05,0.0001648954639928264
1.55,4.040204586975965,4.399639682444014,4.0328341958213425,4.406140064302327,-0.00017887956454317832,-0.08337600853216103,-0.0392177926388704,0.004492771273137769,-6.34441454757603e-06,0.00016618345003865834
1.6,4.039092184710296,4.428718295170028,4.0414951022787555,4.424651195527477,-0.00038514384026465685,-0.08190343685947296,-0.038347233884581715,0.005120683787417115,1.5081164106733773e-05,0.00016799738529263043
1.6500000000000001,4.039277380894981,4.467948387061389,4.05472123381013,4.449665574595941,-0.000658529753659969,-0.08042793321713809,-0.03747471527355305,0.005781102944831587,4.089545208109514e-05,0.00017043001667195552
1.7000000000000002,4.041019186861768,4.51786910257481,4.073396511276646,4.4812753032561545,-0.0010092600993500058,-0.07897530334521018,-0.03661503982253141,0.006469083967714432,7.165891285164494e-05,0.0001735647827657873
1.75,4.045495472110676,4.5774551302705335,4.098744842971497,4.518598967985154,-0.001437143718621756,-0.07764763470102809,-0.03582694487498827,0.007154524640822946,0.00010689794764580364,0.00017740797931246885
1.8,4.0572954087213935,4.641447721506135,4.132437746753907,4.5592422119138485,-0.0018865500574469095,-0.07674400444229855,-0.035280311995397454,0.007745895826373833,0.00014193287845386423,0.00018162271809854207
1.85,4.092713345873662,4.69272233129001,4.17525553775841,4.6001895334490355,-0.00205919551928889,-0.07706488159568729,-0.035424752129681186,0.008001662938434437,0.00015586248686570681,0.00018447402718496506
1.9000000000000001,4.207913578394787,4.678201931579831,4.216780619130029,4.647624266264333,-0.0006529516895119812,-0.08069815418077014,-0.037423610069356204,0.007307169707511996,6.535112459146398e-05,0.00017863458580753418
1.9500000000000002,4.598086240634152,4.426866766993811,4.181560020966795,4.769262416440953,0.007394733587353112,-0.09538648060489821,-0.04579231296601438,0.0031817296576095206,-0.00046202009740312246,0.00013555442626354215
